cell,attacker,profile,n_test,model,channel,AUC,AUC_trial,TPR@1%FPR,balanced_acc
"acl_prefilter=True,ablate=none,variant=as_is",insider,text_only,960,threshold,rules,"0.500 [0.497, 0.503]","0.500 [0.487, 0.512]",0.002,0.500
"acl_prefilter=True,ablate=none,variant=as_is",insider,text_only,960,logreg,score,"0.500 [0.500, 0.500]","0.500 [0.500, 0.500]",0.000,0.500
"acl_prefilter=True,ablate=none,variant=as_is",insider,text_only,960,logreg,reranker,"0.500 [0.500, 0.500]","0.500 [0.500, 0.500]",0.000,0.500
"acl_prefilter=True,ablate=none,variant=as_is",insider,text_only,960,logreg,latency,"0.498 [0.463, 0.535]","0.494 [0.422, 0.557]",0.013,0.497
"acl_prefilter=True,ablate=none,variant=as_is",insider,text_only,960,logreg,refusal,"0.500 [0.500, 0.500]","0.500 [0.500, 0.500]",0.000,0.500
"acl_prefilter=True,ablate=none,variant=as_is",insider,text_only,960,logreg,content,"0.500 [0.500, 0.500]","0.500 [0.500, 0.500]",0.000,0.500
"acl_prefilter=True,ablate=none,variant=as_is",insider,text_only,960,logreg,combined,"0.495 [0.461, 0.532]","0.490 [0.415, 0.560]",0.013,0.495
"acl_prefilter=True,ablate=none,variant=as_is",insider,text_only,960,gboost,score,"0.500 [0.500, 0.500]","0.500 [0.500, 0.500]",0.000,0.500
"acl_prefilter=True,ablate=none,variant=as_is",insider,text_only,960,gboost,reranker,"0.500 [0.500, 0.500]","0.500 [0.500, 0.500]",0.000,0.500
"acl_prefilter=True,ablate=none,variant=as_is",insider,text_only,960,gboost,latency,"0.490 [0.454, 0.526]","0.471 [0.408, 0.535]",0.000,0.493
"acl_prefilter=True,ablate=none,variant=as_is",insider,text_only,960,gboost,refusal,"0.500 [0.500, 0.500]","0.500 [0.500, 0.500]",0.000,0.500
"acl_prefilter=True,ablate=none,variant=as_is",insider,text_only,960,gboost,content,"0.500 [0.500, 0.500]","0.500 [0.500, 0.500]",0.000,0.500
"acl_prefilter=True,ablate=none,variant=as_is",insider,text_only,960,gboost,combined,"0.501 [0.464, 0.538]","0.506 [0.444, 0.568]",0.013,0.500
"acl_prefilter=True,ablate=none,variant=as_is",insider,with_sources,960,threshold,rules,"0.500 [0.475, 0.528]","0.500 [0.431, 0.568]",0.002,0.500
"acl_prefilter=True,ablate=none,variant=as_is",insider,with_sources,960,logreg,score,"0.500 [0.500, 0.500]","0.500 [0.500, 0.500]",0.000,0.500
"acl_prefilter=True,ablate=none,variant=as_is",insider,with_sources,960,logreg,reranker,"0.500 [0.500, 0.500]","0.500 [0.500, 0.500]",0.000,0.500
"acl_prefilter=True,ablate=none,variant=as_is",insider,with_sources,960,logreg,latency,"0.498 [0.463, 0.535]","0.494 [0.422, 0.557]",0.013,0.497
"acl_prefilter=True,ablate=none,variant=as_is",insider,with_sources,960,logreg,refusal,"0.500 [0.500, 0.500]","0.500 [0.500, 0.500]",0.000,0.500
"acl_prefilter=True,ablate=none,variant=as_is",insider,with_sources,960,logreg,content,"0.500 [0.500, 0.500]","0.500 [0.500, 0.500]",0.000,0.500
"acl_prefilter=True,ablate=none,variant=as_is",insider,with_sources,960,logreg,combined,"0.497 [0.461, 0.533]","0.479 [0.400, 0.552]",0.013,0.497
"acl_prefilter=True,ablate=none,variant=as_is",insider,with_sources,960,gboost,score,"0.500 [0.500, 0.500]","0.500 [0.500, 0.500]",0.000,0.500
"acl_prefilter=True,ablate=none,variant=as_is",insider,with_sources,960,gboost,reranker,"0.500 [0.500, 0.500]","0.500 [0.500, 0.500]",0.000,0.500
"acl_prefilter=True,ablate=none,variant=as_is",insider,with_sources,960,gboost,latency,"0.490 [0.454, 0.526]","0.471 [0.408, 0.535]",0.000,0.493
"acl_prefilter=True,ablate=none,variant=as_is",insider,with_sources,960,gboost,refusal,"0.500 [0.500, 0.500]","0.500 [0.500, 0.500]",0.000,0.500
"acl_prefilter=True,ablate=none,variant=as_is",insider,with_sources,960,gboost,content,"0.500 [0.500, 0.500]","0.500 [0.500, 0.500]",0.000,0.500
"acl_prefilter=True,ablate=none,variant=as_is",insider,with_sources,960,gboost,combined,"0.491 [0.455, 0.525]","0.480 [0.408, 0.551]",0.010,0.495
"acl_prefilter=True,ablate=none,variant=as_is",insider,with_reranker,960,threshold,rules,"0.500 [0.475, 0.528]","0.500 [0.431, 0.568]",0.002,0.500
"acl_prefilter=True,ablate=none,variant=as_is",insider,with_reranker,960,logreg,score,"0.500 [0.500, 0.500]","0.500 [0.500, 0.500]",0.000,0.500
"acl_prefilter=True,ablate=none,variant=as_is",insider,with_reranker,960,logreg,reranker,"0.500 [0.500, 0.500]","0.500 [0.500, 0.500]",0.000,0.500
"acl_prefilter=True,ablate=none,variant=as_is",insider,with_reranker,960,logreg,latency,"0.498 [0.463, 0.535]","0.494 [0.422, 0.557]",0.013,0.497
"acl_prefilter=True,ablate=none,variant=as_is",insider,with_reranker,960,logreg,refusal,"0.500 [0.500, 0.500]","0.500 [0.500, 0.500]",0.000,0.500
"acl_prefilter=True,ablate=none,variant=as_is",insider,with_reranker,960,logreg,content,"0.500 [0.500, 0.500]","0.500 [0.500, 0.500]",0.000,0.500
"acl_prefilter=True,ablate=none,variant=as_is",insider,with_reranker,960,logreg,combined,"0.499 [0.460, 0.533]","0.483 [0.407, 0.556]",0.013,0.497
"acl_prefilter=True,ablate=none,variant=as_is",insider,with_reranker,960,gboost,score,"0.500 [0.500, 0.500]","0.500 [0.500, 0.500]",0.000,0.500
"acl_prefilter=True,ablate=none,variant=as_is",insider,with_reranker,960,gboost,reranker,"0.500 [0.500, 0.500]","0.500 [0.500, 0.500]",0.000,0.500
"acl_prefilter=True,ablate=none,variant=as_is",insider,with_reranker,960,gboost,latency,"0.490 [0.454, 0.526]","0.471 [0.408, 0.535]",0.000,0.493
"acl_prefilter=True,ablate=none,variant=as_is",insider,with_reranker,960,gboost,refusal,"0.500 [0.500, 0.500]","0.500 [0.500, 0.500]",0.000,0.500
"acl_prefilter=True,ablate=none,variant=as_is",insider,with_reranker,960,gboost,content,"0.500 [0.500, 0.500]","0.500 [0.500, 0.500]",0.000,0.500
"acl_prefilter=True,ablate=none,variant=as_is",insider,with_reranker,960,gboost,combined,"0.491 [0.453, 0.525]","0.471 [0.405, 0.545]",0.010,0.494
"acl_prefilter=True,ablate=none,variant=as_is",outsider,text_only,960,threshold,rules,"0.500 [0.480, 0.519]","0.500 [0.458, 0.541]",0.000,0.500
"acl_prefilter=True,ablate=none,variant=as_is",outsider,text_only,960,logreg,score,"0.500 [0.500, 0.500]","0.500 [0.500, 0.500]",0.000,0.500
"acl_prefilter=True,ablate=none,variant=as_is",outsider,text_only,960,logreg,reranker,"0.500 [0.500, 0.500]","0.500 [0.500, 0.500]",0.000,0.500
"acl_prefilter=True,ablate=none,variant=as_is",outsider,text_only,960,logreg,latency,"0.487 [0.451, 0.523]","0.469 [0.402, 0.530]",0.010,0.491
"acl_prefilter=True,ablate=none,variant=as_is",outsider,text_only,960,logreg,refusal,"0.500 [0.500, 0.500]","0.500 [0.500, 0.500]",0.000,0.500
"acl_prefilter=True,ablate=none,variant=as_is",outsider,text_only,960,logreg,content,"0.500 [0.500, 0.500]","0.500 [0.500, 0.500]",0.000,0.500
"acl_prefilter=True,ablate=none,variant=as_is",outsider,text_only,960,logreg,combined,"0.495 [0.459, 0.533]","0.476 [0.413, 0.537]",0.010,0.496
"acl_prefilter=True,ablate=none,variant=as_is",outsider,text_only,960,gboost,score,"0.500 [0.500, 0.500]","0.500 [0.500, 0.500]",0.000,0.500
"acl_prefilter=True,ablate=none,variant=as_is",outsider,text_only,960,gboost,reranker,"0.500 [0.500, 0.500]","0.500 [0.500, 0.500]",0.000,0.500
"acl_prefilter=True,ablate=none,variant=as_is",outsider,text_only,960,gboost,latency,"0.518 [0.483, 0.553]","0.535 [0.471, 0.593]",0.006,0.512
"acl_prefilter=True,ablate=none,variant=as_is",outsider,text_only,960,gboost,refusal,"0.500 [0.500, 0.500]","0.500 [0.500, 0.500]",0.000,0.500
"acl_prefilter=True,ablate=none,variant=as_is",outsider,text_only,960,gboost,content,"0.500 [0.500, 0.500]","0.500 [0.500, 0.500]",0.000,0.500
"acl_prefilter=True,ablate=none,variant=as_is",outsider,text_only,960,gboost,combined,"0.507 [0.471, 0.541]","0.515 [0.455, 0.577]",0.004,0.506
"acl_prefilter=True,ablate=none,variant=as_is",outsider,with_sources,960,threshold,rules,"0.500 [0.471, 0.525]","0.500 [0.433, 0.568]",0.000,0.500
"acl_prefilter=True,ablate=none,variant=as_is",outsider,with_sources,960,logreg,score,"0.500 [0.500, 0.500]","0.500 [0.500, 0.500]",0.000,0.500
"acl_prefilter=True,ablate=none,variant=as_is",outsider,with_sources,960,logreg,reranker,"0.500 [0.500, 0.500]","0.500 [0.500, 0.500]",0.000,0.500
"acl_prefilter=True,ablate=none,variant=as_is",outsider,with_sources,960,logreg,latency,"0.487 [0.451, 0.523]","0.469 [0.402, 0.530]",0.010,0.491
"acl_prefilter=True,ablate=none,variant=as_is",outsider,with_sources,960,logreg,refusal,"0.500 [0.500, 0.500]","0.500 [0.500, 0.500]",0.000,0.500
"acl_prefilter=True,ablate=none,variant=as_is",outsider,with_sources,960,logreg,content,"0.500 [0.500, 0.500]","0.500 [0.500, 0.500]",0.000,0.500
"acl_prefilter=True,ablate=none,variant=as_is",outsider,with_sources,960,logreg,combined,"0.493 [0.458, 0.532]","0.464 [0.393, 0.536]",0.008,0.495
"acl_prefilter=True,ablate=none,variant=as_is",outsider,with_sources,960,gboost,score,"0.500 [0.500, 0.500]","0.500 [0.500, 0.500]",0.000,0.500
"acl_prefilter=True,ablate=none,variant=as_is",outsider,with_sources,960,gboost,reranker,"0.500 [0.500, 0.500]","0.500 [0.500, 0.500]",0.000,0.500
"acl_prefilter=True,ablate=none,variant=as_is",outsider,with_sources,960,gboost,latency,"0.518 [0.483, 0.553]","0.535 [0.471, 0.593]",0.006,0.512
"acl_prefilter=True,ablate=none,variant=as_is",outsider,with_sources,960,gboost,refusal,"0.500 [0.500, 0.500]","0.500 [0.500, 0.500]",0.000,0.500
"acl_prefilter=True,ablate=none,variant=as_is",outsider,with_sources,960,gboost,content,"0.500 [0.500, 0.500]","0.500 [0.500, 0.500]",0.000,0.500
"acl_prefilter=True,ablate=none,variant=as_is",outsider,with_sources,960,gboost,combined,"0.506 [0.470, 0.541]","0.509 [0.441, 0.579]",0.013,0.504
"acl_prefilter=True,ablate=none,variant=as_is",outsider,with_reranker,960,threshold,rules,"0.500 [0.471, 0.525]","0.500 [0.433, 0.568]",0.000,0.500
"acl_prefilter=True,ablate=none,variant=as_is",outsider,with_reranker,960,logreg,score,"0.500 [0.500, 0.500]","0.500 [0.500, 0.500]",0.000,0.500
"acl_prefilter=True,ablate=none,variant=as_is",outsider,with_reranker,960,logreg,reranker,"0.500 [0.500, 0.500]","0.500 [0.500, 0.500]",0.000,0.500
"acl_prefilter=True,ablate=none,variant=as_is",outsider,with_reranker,960,logreg,latency,"0.487 [0.451, 0.523]","0.469 [0.402, 0.530]",0.010,0.491
"acl_prefilter=True,ablate=none,variant=as_is",outsider,with_reranker,960,logreg,refusal,"0.500 [0.500, 0.500]","0.500 [0.500, 0.500]",0.000,0.500
"acl_prefilter=True,ablate=none,variant=as_is",outsider,with_reranker,960,logreg,content,"0.500 [0.500, 0.500]","0.500 [0.500, 0.500]",0.000,0.500
"acl_prefilter=True,ablate=none,variant=as_is",outsider,with_reranker,960,logreg,combined,"0.494 [0.459, 0.532]","0.469 [0.405, 0.539]",0.008,0.494
"acl_prefilter=True,ablate=none,variant=as_is",outsider,with_reranker,960,gboost,score,"0.500 [0.500, 0.500]","0.500 [0.500, 0.500]",0.000,0.500
"acl_prefilter=True,ablate=none,variant=as_is",outsider,with_reranker,960,gboost,reranker,"0.500 [0.500, 0.500]","0.500 [0.500, 0.500]",0.000,0.500
"acl_prefilter=True,ablate=none,variant=as_is",outsider,with_reranker,960,gboost,latency,"0.518 [0.483, 0.553]","0.535 [0.471, 0.593]",0.006,0.512
"acl_prefilter=True,ablate=none,variant=as_is",outsider,with_reranker,960,gboost,refusal,"0.500 [0.500, 0.500]","0.500 [0.500, 0.500]",0.000,0.500
"acl_prefilter=True,ablate=none,variant=as_is",outsider,with_reranker,960,gboost,content,"0.500 [0.500, 0.500]","0.500 [0.500, 0.500]",0.000,0.500
"acl_prefilter=True,ablate=none,variant=as_is",outsider,with_reranker,960,gboost,combined,"0.504 [0.467, 0.539]","0.497 [0.431, 0.569]",0.013,0.503
"acl_prefilter=True,ablate=none,variant=as_is",all,text_only,1920,threshold,rules,"0.500 [0.491, 0.510]","0.500 [0.478, 0.520]",0.000,0.500
"acl_prefilter=True,ablate=none,variant=as_is",all,text_only,1920,logreg,score,"0.500 [0.500, 0.500]","0.500 [0.500, 0.500]",0.000,0.500
"acl_prefilter=True,ablate=none,variant=as_is",all,text_only,1920,logreg,reranker,"0.500 [0.500, 0.500]","0.500 [0.500, 0.500]",0.000,0.500
"acl_prefilter=True,ablate=none,variant=as_is",all,text_only,1920,logreg,latency,"0.497 [0.471, 0.523]","0.490 [0.446, 0.535]",0.008,0.497
"acl_prefilter=True,ablate=none,variant=as_is",all,text_only,1920,logreg,refusal,"0.500 [0.500, 0.500]","0.500 [0.500, 0.500]",0.000,0.500
"acl_prefilter=True,ablate=none,variant=as_is",all,text_only,1920,logreg,content,"0.500 [0.500, 0.500]","0.500 [0.500, 0.500]",0.000,0.500
"acl_prefilter=True,ablate=none,variant=as_is",all,text_only,1920,logreg,combined,"0.496 [0.473, 0.523]","0.490 [0.445, 0.535]",0.010,0.496
"acl_prefilter=True,ablate=none,variant=as_is",all,text_only,1920,gboost,score,"0.500 [0.500, 0.500]","0.500 [0.500, 0.500]",0.000,0.500
"acl_prefilter=True,ablate=none,variant=as_is",all,text_only,1920,gboost,reranker,"0.500 [0.500, 0.500]","0.500 [0.500, 0.500]",0.000,0.500
"acl_prefilter=True,ablate=none,variant=as_is",all,text_only,1920,gboost,latency,"0.502 [0.479, 0.526]","0.493 [0.448, 0.538]",0.011,0.499
"acl_prefilter=True,ablate=none,variant=as_is",all,text_only,1920,gboost,refusal,"0.500 [0.500, 0.500]","0.500 [0.500, 0.500]",0.000,0.500
"acl_prefilter=True,ablate=none,variant=as_is",all,text_only,1920,gboost,content,"0.500 [0.500, 0.500]","0.500 [0.500, 0.500]",0.000,0.500
"acl_prefilter=True,ablate=none,variant=as_is",all,text_only,1920,gboost,combined,"0.506 [0.481, 0.529]","0.520 [0.473, 0.568]",0.010,0.502
"acl_prefilter=True,ablate=none,variant=as_is",all,with_sources,1920,threshold,rules,"0.500 [0.481, 0.519]","0.500 [0.453, 0.549]",0.000,0.500
"acl_prefilter=True,ablate=none,variant=as_is",all,with_sources,1920,logreg,score,"0.500 [0.500, 0.500]","0.500 [0.500, 0.500]",0.000,0.500
"acl_prefilter=True,ablate=none,variant=as_is",all,with_sources,1920,logreg,reranker,"0.500 [0.500, 0.500]","0.500 [0.500, 0.500]",0.000,0.500
"acl_prefilter=True,ablate=none,variant=as_is",all,with_sources,1920,logreg,latency,"0.497 [0.471, 0.523]","0.490 [0.446, 0.535]",0.008,0.497
"acl_prefilter=True,ablate=none,variant=as_is",all,with_sources,1920,logreg,refusal,"0.500 [0.500, 0.500]","0.500 [0.500, 0.500]",0.000,0.500
"acl_prefilter=True,ablate=none,variant=as_is",all,with_sources,1920,logreg,content,"0.500 [0.500, 0.500]","0.500 [0.500, 0.500]",0.000,0.500
"acl_prefilter=True,ablate=none,variant=as_is",all,with_sources,1920,logreg,combined,"0.498 [0.473, 0.524]","0.497 [0.445, 0.546]",0.008,0.498
"acl_prefilter=True,ablate=none,variant=as_is",all,with_sources,1920,gboost,score,"0.500 [0.500, 0.500]","0.500 [0.500, 0.500]",0.000,0.500
"acl_prefilter=True,ablate=none,variant=as_is",all,with_sources,1920,gboost,reranker,"0.500 [0.500, 0.500]","0.500 [0.500, 0.500]",0.000,0.500
"acl_prefilter=True,ablate=none,variant=as_is",all,with_sources,1920,gboost,latency,"0.502 [0.479, 0.526]","0.493 [0.448, 0.538]",0.011,0.499
"acl_prefilter=True,ablate=none,variant=as_is",all,with_sources,1920,gboost,refusal,"0.500 [0.500, 0.500]","0.500 [0.500, 0.500]",0.000,0.500
"acl_prefilter=True,ablate=none,variant=as_is",all,with_sources,1920,gboost,content,"0.500 [0.500, 0.500]","0.500 [0.500, 0.500]",0.000,0.500
"acl_prefilter=True,ablate=none,variant=as_is",all,with_sources,1920,gboost,combined,"0.512 [0.487, 0.539]","0.533 [0.482, 0.586]",0.017,0.504
"acl_prefilter=True,ablate=none,variant=as_is",all,with_reranker,1920,threshold,rules,"0.500 [0.481, 0.519]","0.500 [0.453, 0.549]",0.000,0.500
"acl_prefilter=True,ablate=none,variant=as_is",all,with_reranker,1920,logreg,score,"0.500 [0.500, 0.500]","0.500 [0.500, 0.500]",0.000,0.500
"acl_prefilter=True,ablate=none,variant=as_is",all,with_reranker,1920,logreg,reranker,"0.500 [0.500, 0.500]","0.500 [0.500, 0.500]",0.000,0.500
"acl_prefilter=True,ablate=none,variant=as_is",all,with_reranker,1920,logreg,latency,"0.497 [0.471, 0.523]","0.490 [0.446, 0.535]",0.008,0.497
"acl_prefilter=True,ablate=none,variant=as_is",all,with_reranker,1920,logreg,refusal,"0.500 [0.500, 0.500]","0.500 [0.500, 0.500]",0.000,0.500
"acl_prefilter=True,ablate=none,variant=as_is",all,with_reranker,1920,logreg,content,"0.500 [0.500, 0.500]","0.500 [0.500, 0.500]",0.000,0.500
"acl_prefilter=True,ablate=none,variant=as_is",all,with_reranker,1920,logreg,combined,"0.500 [0.476, 0.527]","0.499 [0.452, 0.551]",0.008,0.497
"acl_prefilter=True,ablate=none,variant=as_is",all,with_reranker,1920,gboost,score,"0.500 [0.500, 0.500]","0.500 [0.500, 0.500]",0.000,0.500
"acl_prefilter=True,ablate=none,variant=as_is",all,with_reranker,1920,gboost,reranker,"0.500 [0.500, 0.500]","0.500 [0.500, 0.500]",0.000,0.500
"acl_prefilter=True,ablate=none,variant=as_is",all,with_reranker,1920,gboost,latency,"0.502 [0.479, 0.526]","0.493 [0.448, 0.538]",0.011,0.499
"acl_prefilter=True,ablate=none,variant=as_is",all,with_reranker,1920,gboost,refusal,"0.500 [0.500, 0.500]","0.500 [0.500, 0.500]",0.000,0.500
"acl_prefilter=True,ablate=none,variant=as_is",all,with_reranker,1920,gboost,content,"0.500 [0.500, 0.500]","0.500 [0.500, 0.500]",0.000,0.500
"acl_prefilter=True,ablate=none,variant=as_is",all,with_reranker,1920,gboost,combined,"0.511 [0.485, 0.538]","0.524 [0.475, 0.578]",0.014,0.504
"acl_prefilter=True,ablate=none,variant=fast_refusal",insider,text_only,960,threshold,rules,"0.500 [0.497, 0.503]","0.500 [0.487, 0.512]",0.002,0.500
"acl_prefilter=True,ablate=none,variant=fast_refusal",insider,text_only,960,logreg,score,"0.500 [0.500, 0.500]","0.500 [0.500, 0.500]",0.000,0.500
"acl_prefilter=True,ablate=none,variant=fast_refusal",insider,text_only,960,logreg,reranker,"0.500 [0.500, 0.500]","0.500 [0.500, 0.500]",0.000,0.500
"acl_prefilter=True,ablate=none,variant=fast_refusal",insider,text_only,960,logreg,latency,"0.505 [0.470, 0.543]","0.522 [0.450, 0.586]",0.000,0.508
"acl_prefilter=True,ablate=none,variant=fast_refusal",insider,text_only,960,logreg,refusal,"0.500 [0.500, 0.500]","0.500 [0.500, 0.500]",0.000,0.500
"acl_prefilter=True,ablate=none,variant=fast_refusal",insider,text_only,960,logreg,content,"0.500 [0.500, 0.500]","0.500 [0.500, 0.500]",0.000,0.500
"acl_prefilter=True,ablate=none,variant=fast_refusal",insider,text_only,960,logreg,combined,"0.506 [0.470, 0.543]","0.516 [0.445, 0.583]",0.010,0.506
"acl_prefilter=True,ablate=none,variant=fast_refusal",insider,text_only,960,gboost,score,"0.500 [0.500, 0.500]","0.500 [0.500, 0.500]",0.000,0.500
"acl_prefilter=True,ablate=none,variant=fast_refusal",insider,text_only,960,gboost,reranker,"0.500 [0.500, 0.500]","0.500 [0.500, 0.500]",0.000,0.500
"acl_prefilter=True,ablate=none,variant=fast_refusal",insider,text_only,960,gboost,latency,"0.495 [0.462, 0.530]","0.492 [0.422, 0.559]",0.000,0.497
"acl_prefilter=True,ablate=none,variant=fast_refusal",insider,text_only,960,gboost,refusal,"0.500 [0.500, 0.500]","0.500 [0.500, 0.500]",0.000,0.500
"acl_prefilter=True,ablate=none,variant=fast_refusal",insider,text_only,960,gboost,content,"0.500 [0.500, 0.500]","0.500 [0.500, 0.500]",0.000,0.500
"acl_prefilter=True,ablate=none,variant=fast_refusal",insider,text_only,960,gboost,combined,"0.502 [0.469, 0.535]","0.512 [0.441, 0.582]",0.008,0.502
"acl_prefilter=True,ablate=none,variant=fast_refusal",insider,with_sources,960,threshold,rules,"0.500 [0.475, 0.528]","0.500 [0.431, 0.568]",0.002,0.500
"acl_prefilter=True,ablate=none,variant=fast_refusal",insider,with_sources,960,logreg,score,"0.500 [0.500, 0.500]","0.500 [0.500, 0.500]",0.000,0.500
"acl_prefilter=True,ablate=none,variant=fast_refusal",insider,with_sources,960,logreg,reranker,"0.500 [0.500, 0.500]","0.500 [0.500, 0.500]",0.000,0.500
"acl_prefilter=True,ablate=none,variant=fast_refusal",insider,with_sources,960,logreg,latency,"0.505 [0.470, 0.543]","0.522 [0.450, 0.586]",0.000,0.508
"acl_prefilter=True,ablate=none,variant=fast_refusal",insider,with_sources,960,logreg,refusal,"0.500 [0.500, 0.500]","0.500 [0.500, 0.500]",0.000,0.500
"acl_prefilter=True,ablate=none,variant=fast_refusal",insider,with_sources,960,logreg,content,"0.500 [0.500, 0.500]","0.500 [0.500, 0.500]",0.000,0.500
"acl_prefilter=True,ablate=none,variant=fast_refusal",insider,with_sources,960,logreg,combined,"0.501 [0.467, 0.538]","0.521 [0.443, 0.593]",0.000,0.498
"acl_prefilter=True,ablate=none,variant=fast_refusal",insider,with_sources,960,gboost,score,"0.500 [0.500, 0.500]","0.500 [0.500, 0.500]",0.000,0.500
"acl_prefilter=True,ablate=none,variant=fast_refusal",insider,with_sources,960,gboost,reranker,"0.500 [0.500, 0.500]","0.500 [0.500, 0.500]",0.000,0.500
"acl_prefilter=True,ablate=none,variant=fast_refusal",insider,with_sources,960,gboost,latency,"0.495 [0.462, 0.530]","0.492 [0.422, 0.559]",0.000,0.497
"acl_prefilter=True,ablate=none,variant=fast_refusal",insider,with_sources,960,gboost,refusal,"0.500 [0.500, 0.500]","0.500 [0.500, 0.500]",0.000,0.500
"acl_prefilter=True,ablate=none,variant=fast_refusal",insider,with_sources,960,gboost,content,"0.500 [0.500, 0.500]","0.500 [0.500, 0.500]",0.000,0.500
"acl_prefilter=True,ablate=none,variant=fast_refusal",insider,with_sources,960,gboost,combined,"0.499 [0.463, 0.534]","0.511 [0.438, 0.586]",0.000,0.500
"acl_prefilter=True,ablate=none,variant=fast_refusal",insider,with_reranker,960,threshold,rules,"0.500 [0.475, 0.528]","0.500 [0.431, 0.568]",0.002,0.500
"acl_prefilter=True,ablate=none,variant=fast_refusal",insider,with_reranker,960,logreg,score,"0.500 [0.500, 0.500]","0.500 [0.500, 0.500]",0.000,0.500
"acl_prefilter=True,ablate=none,variant=fast_refusal",insider,with_reranker,960,logreg,reranker,"0.500 [0.500, 0.500]","0.500 [0.500, 0.500]",0.000,0.500
"acl_prefilter=True,ablate=none,variant=fast_refusal",insider,with_reranker,960,logreg,latency,"0.505 [0.470, 0.543]","0.522 [0.450, 0.586]",0.000,0.508
"acl_prefilter=True,ablate=none,variant=fast_refusal",insider,with_reranker,960,logreg,refusal,"0.500 [0.500, 0.500]","0.500 [0.500, 0.500]",0.000,0.500
"acl_prefilter=True,ablate=none,variant=fast_refusal",insider,with_reranker,960,logreg,content,"0.500 [0.500, 0.500]","0.500 [0.500, 0.500]",0.000,0.500
"acl_prefilter=True,ablate=none,variant=fast_refusal",insider,with_reranker,960,logreg,combined,"0.500 [0.466, 0.537]","0.519 [0.441, 0.588]",0.004,0.500
"acl_prefilter=True,ablate=none,variant=fast_refusal",insider,with_reranker,960,gboost,score,"0.500 [0.500, 0.500]","0.500 [0.500, 0.500]",0.000,0.500
"acl_prefilter=True,ablate=none,variant=fast_refusal",insider,with_reranker,960,gboost,reranker,"0.500 [0.500, 0.500]","0.500 [0.500, 0.500]",0.000,0.500
"acl_prefilter=True,ablate=none,variant=fast_refusal",insider,with_reranker,960,gboost,latency,"0.495 [0.462, 0.530]","0.492 [0.422, 0.559]",0.000,0.497
"acl_prefilter=True,ablate=none,variant=fast_refusal",insider,with_reranker,960,gboost,refusal,"0.500 [0.500, 0.500]","0.500 [0.500, 0.500]",0.000,0.500
"acl_prefilter=True,ablate=none,variant=fast_refusal",insider,with_reranker,960,gboost,content,"0.500 [0.500, 0.500]","0.500 [0.500, 0.500]",0.000,0.500
"acl_prefilter=True,ablate=none,variant=fast_refusal",insider,with_reranker,960,gboost,combined,"0.495 [0.459, 0.530]","0.495 [0.422, 0.568]",0.004,0.496
"acl_prefilter=True,ablate=none,variant=fast_refusal",outsider,text_only,960,threshold,rules,"0.500 [0.480, 0.519]","0.500 [0.458, 0.541]",0.000,0.500
"acl_prefilter=True,ablate=none,variant=fast_refusal",outsider,text_only,960,logreg,score,"0.500 [0.500, 0.500]","0.500 [0.500, 0.500]",0.000,0.500
"acl_prefilter=True,ablate=none,variant=fast_refusal",outsider,text_only,960,logreg,reranker,"0.500 [0.500, 0.500]","0.500 [0.500, 0.500]",0.000,0.500
"acl_prefilter=True,ablate=none,variant=fast_refusal",outsider,text_only,960,logreg,latency,"0.498 [0.463, 0.533]","0.492 [0.424, 0.562]",0.008,0.496
"acl_prefilter=True,ablate=none,variant=fast_refusal",outsider,text_only,960,logreg,refusal,"0.500 [0.500, 0.500]","0.500 [0.500, 0.500]",0.000,0.500
"acl_prefilter=True,ablate=none,variant=fast_refusal",outsider,text_only,960,logreg,content,"0.500 [0.500, 0.500]","0.500 [0.500, 0.500]",0.000,0.500
"acl_prefilter=True,ablate=none,variant=fast_refusal",outsider,text_only,960,logreg,combined,"0.498 [0.463, 0.532]","0.492 [0.423, 0.563]",0.010,0.496
"acl_prefilter=True,ablate=none,variant=fast_refusal",outsider,text_only,960,gboost,score,"0.500 [0.500, 0.500]","0.500 [0.500, 0.500]",0.000,0.500
"acl_prefilter=True,ablate=none,variant=fast_refusal",outsider,text_only,960,gboost,reranker,"0.500 [0.500, 0.500]","0.500 [0.500, 0.500]",0.000,0.500
"acl_prefilter=True,ablate=none,variant=fast_refusal",outsider,text_only,960,gboost,latency,"0.495 [0.457, 0.532]","0.480 [0.415, 0.554]",0.008,0.497
"acl_prefilter=True,ablate=none,variant=fast_refusal",outsider,text_only,960,gboost,refusal,"0.500 [0.500, 0.500]","0.500 [0.500, 0.500]",0.000,0.500
"acl_prefilter=True,ablate=none,variant=fast_refusal",outsider,text_only,960,gboost,content,"0.500 [0.500, 0.500]","0.500 [0.500, 0.500]",0.000,0.500
"acl_prefilter=True,ablate=none,variant=fast_refusal",outsider,text_only,960,gboost,combined,"0.488 [0.451, 0.524]","0.487 [0.424, 0.556]",0.008,0.493
"acl_prefilter=True,ablate=none,variant=fast_refusal",outsider,with_sources,960,threshold,rules,"0.500 [0.471, 0.525]","0.500 [0.433, 0.568]",0.000,0.500
"acl_prefilter=True,ablate=none,variant=fast_refusal",outsider,with_sources,960,logreg,score,"0.500 [0.500, 0.500]","0.500 [0.500, 0.500]",0.000,0.500
"acl_prefilter=True,ablate=none,variant=fast_refusal",outsider,with_sources,960,logreg,reranker,"0.500 [0.500, 0.500]","0.500 [0.500, 0.500]",0.000,0.500
"acl_prefilter=True,ablate=none,variant=fast_refusal",outsider,with_sources,960,logreg,latency,"0.498 [0.463, 0.533]","0.492 [0.424, 0.562]",0.008,0.496
"acl_prefilter=True,ablate=none,variant=fast_refusal",outsider,with_sources,960,logreg,refusal,"0.500 [0.500, 0.500]","0.500 [0.500, 0.500]",0.000,0.500
"acl_prefilter=True,ablate=none,variant=fast_refusal",outsider,with_sources,960,logreg,content,"0.500 [0.500, 0.500]","0.500 [0.500, 0.500]",0.000,0.500
"acl_prefilter=True,ablate=none,variant=fast_refusal",outsider,with_sources,960,logreg,combined,"0.494 [0.459, 0.529]","0.486 [0.415, 0.563]",0.008,0.495
"acl_prefilter=True,ablate=none,variant=fast_refusal",outsider,with_sources,960,gboost,score,"0.500 [0.500, 0.500]","0.500 [0.500, 0.500]",0.000,0.500
"acl_prefilter=True,ablate=none,variant=fast_refusal",outsider,with_sources,960,gboost,reranker,"0.500 [0.500, 0.500]","0.500 [0.500, 0.500]",0.000,0.500
"acl_prefilter=True,ablate=none,variant=fast_refusal",outsider,with_sources,960,gboost,latency,"0.495 [0.457, 0.532]","0.480 [0.415, 0.554]",0.008,0.497
"acl_prefilter=True,ablate=none,variant=fast_refusal",outsider,with_sources,960,gboost,refusal,"0.500 [0.500, 0.500]","0.500 [0.500, 0.500]",0.000,0.500
"acl_prefilter=True,ablate=none,variant=fast_refusal",outsider,with_sources,960,gboost,content,"0.500 [0.500, 0.500]","0.500 [0.500, 0.500]",0.000,0.500
"acl_prefilter=True,ablate=none,variant=fast_refusal",outsider,with_sources,960,gboost,combined,"0.492 [0.454, 0.530]","0.471 [0.403, 0.545]",0.008,0.495
"acl_prefilter=True,ablate=none,variant=fast_refusal",outsider,with_reranker,960,threshold,rules,"0.500 [0.471, 0.525]","0.500 [0.433, 0.568]",0.000,0.500
"acl_prefilter=True,ablate=none,variant=fast_refusal",outsider,with_reranker,960,logreg,score,"0.500 [0.500, 0.500]","0.500 [0.500, 0.500]",0.000,0.500
"acl_prefilter=True,ablate=none,variant=fast_refusal",outsider,with_reranker,960,logreg,reranker,"0.500 [0.500, 0.500]","0.500 [0.500, 0.500]",0.000,0.500
"acl_prefilter=True,ablate=none,variant=fast_refusal",outsider,with_reranker,960,logreg,latency,"0.498 [0.463, 0.533]","0.492 [0.424, 0.562]",0.008,0.496
"acl_prefilter=True,ablate=none,variant=fast_refusal",outsider,with_reranker,960,logreg,refusal,"0.500 [0.500, 0.500]","0.500 [0.500, 0.500]",0.000,0.500
"acl_prefilter=True,ablate=none,variant=fast_refusal",outsider,with_reranker,960,logreg,content,"0.500 [0.500, 0.500]","0.500 [0.500, 0.500]",0.000,0.500
"acl_prefilter=True,ablate=none,variant=fast_refusal",outsider,with_reranker,960,logreg,combined,"0.495 [0.455, 0.530]","0.486 [0.412, 0.564]",0.015,0.494
"acl_prefilter=True,ablate=none,variant=fast_refusal",outsider,with_reranker,960,gboost,score,"0.500 [0.500, 0.500]","0.500 [0.500, 0.500]",0.000,0.500
"acl_prefilter=True,ablate=none,variant=fast_refusal",outsider,with_reranker,960,gboost,reranker,"0.500 [0.500, 0.500]","0.500 [0.500, 0.500]",0.000,0.500
"acl_prefilter=True,ablate=none,variant=fast_refusal",outsider,with_reranker,960,gboost,latency,"0.495 [0.457, 0.532]","0.480 [0.415, 0.554]",0.008,0.497
"acl_prefilter=True,ablate=none,variant=fast_refusal",outsider,with_reranker,960,gboost,refusal,"0.500 [0.500, 0.500]","0.500 [0.500, 0.500]",0.000,0.500
"acl_prefilter=True,ablate=none,variant=fast_refusal",outsider,with_reranker,960,gboost,content,"0.500 [0.500, 0.500]","0.500 [0.500, 0.500]",0.000,0.500
"acl_prefilter=True,ablate=none,variant=fast_refusal",outsider,with_reranker,960,gboost,combined,"0.485 [0.449, 0.522]","0.484 [0.411, 0.555]",0.008,0.492
"acl_prefilter=True,ablate=none,variant=fast_refusal",all,text_only,1920,threshold,rules,"0.500 [0.491, 0.510]","0.500 [0.478, 0.520]",0.000,0.500
"acl_prefilter=True,ablate=none,variant=fast_refusal",all,text_only,1920,logreg,score,"0.500 [0.500, 0.500]","0.500 [0.500, 0.500]",0.000,0.500
"acl_prefilter=True,ablate=none,variant=fast_refusal",all,text_only,1920,logreg,reranker,"0.500 [0.500, 0.500]","0.500 [0.500, 0.500]",0.000,0.500
"acl_prefilter=True,ablate=none,variant=fast_refusal",all,text_only,1920,logreg,latency,"0.503 [0.478, 0.530]","0.507 [0.455, 0.555]",0.000,0.499
"acl_prefilter=True,ablate=none,variant=fast_refusal",all,text_only,1920,logreg,refusal,"0.500 [0.500, 0.500]","0.500 [0.500, 0.500]",0.000,0.500
"acl_prefilter=True,ablate=none,variant=fast_refusal",all,text_only,1920,logreg,content,"0.500 [0.500, 0.500]","0.500 [0.500, 0.500]",0.000,0.500
"acl_prefilter=True,ablate=none,variant=fast_refusal",all,text_only,1920,logreg,combined,"0.502 [0.478, 0.528]","0.508 [0.460, 0.556]",0.008,0.499
"acl_prefilter=True,ablate=none,variant=fast_refusal",all,text_only,1920,gboost,score,"0.500 [0.500, 0.500]","0.500 [0.500, 0.500]",0.000,0.500
"acl_prefilter=True,ablate=none,variant=fast_refusal",all,text_only,1920,gboost,reranker,"0.500 [0.500, 0.500]","0.500 [0.500, 0.500]",0.000,0.500
"acl_prefilter=True,ablate=none,variant=fast_refusal",all,text_only,1920,gboost,latency,"0.501 [0.474, 0.525]","0.506 [0.454, 0.560]",0.009,0.501
"acl_prefilter=True,ablate=none,variant=fast_refusal",all,text_only,1920,gboost,refusal,"0.500 [0.500, 0.500]","0.500 [0.500, 0.500]",0.000,0.500
"acl_prefilter=True,ablate=none,variant=fast_refusal",all,text_only,1920,gboost,content,"0.500 [0.500, 0.500]","0.500 [0.500, 0.500]",0.000,0.500
"acl_prefilter=True,ablate=none,variant=fast_refusal",all,text_only,1920,gboost,combined,"0.499 [0.474, 0.522]","0.500 [0.452, 0.554]",0.011,0.500
"acl_prefilter=True,ablate=none,variant=fast_refusal",all,with_sources,1920,threshold,rules,"0.500 [0.481, 0.519]","0.500 [0.453, 0.549]",0.000,0.500
"acl_prefilter=True,ablate=none,variant=fast_refusal",all,with_sources,1920,logreg,score,"0.500 [0.500, 0.500]","0.500 [0.500, 0.500]",0.000,0.500
"acl_prefilter=True,ablate=none,variant=fast_refusal",all,with_sources,1920,logreg,reranker,"0.500 [0.500, 0.500]","0.500 [0.500, 0.500]",0.000,0.500
"acl_prefilter=True,ablate=none,variant=fast_refusal",all,with_sources,1920,logreg,latency,"0.503 [0.478, 0.530]","0.507 [0.455, 0.555]",0.000,0.499
"acl_prefilter=True,ablate=none,variant=fast_refusal",all,with_sources,1920,logreg,refusal,"0.500 [0.500, 0.500]","0.500 [0.500, 0.500]",0.000,0.500
"acl_prefilter=True,ablate=none,variant=fast_refusal",all,with_sources,1920,logreg,content,"0.500 [0.500, 0.500]","0.500 [0.500, 0.500]",0.000,0.500
"acl_prefilter=True,ablate=none,variant=fast_refusal",all,with_sources,1920,logreg,combined,"0.496 [0.469, 0.521]","0.502 [0.450, 0.557]",0.008,0.497
"acl_prefilter=True,ablate=none,variant=fast_refusal",all,with_sources,1920,gboost,score,"0.500 [0.500, 0.500]","0.500 [0.500, 0.500]",0.000,0.500
"acl_prefilter=True,ablate=none,variant=fast_refusal",all,with_sources,1920,gboost,reranker,"0.500 [0.500, 0.500]","0.500 [0.500, 0.500]",0.000,0.500
"acl_prefilter=True,ablate=none,variant=fast_refusal",all,with_sources,1920,gboost,latency,"0.501 [0.474, 0.525]","0.506 [0.454, 0.560]",0.009,0.501
"acl_prefilter=True,ablate=none,variant=fast_refusal",all,with_sources,1920,gboost,refusal,"0.500 [0.500, 0.500]","0.500 [0.500, 0.500]",0.000,0.500
"acl_prefilter=True,ablate=none,variant=fast_refusal",all,with_sources,1920,gboost,content,"0.500 [0.500, 0.500]","0.500 [0.500, 0.500]",0.000,0.500
"acl_prefilter=True,ablate=none,variant=fast_refusal",all,with_sources,1920,gboost,combined,"0.500 [0.473, 0.524]","0.501 [0.450, 0.554]",0.009,0.501
"acl_prefilter=True,ablate=none,variant=fast_refusal",all,with_reranker,1920,threshold,rules,"0.500 [0.481, 0.519]","0.500 [0.453, 0.549]",0.000,0.500
"acl_prefilter=True,ablate=none,variant=fast_refusal",all,with_reranker,1920,logreg,score,"0.500 [0.500, 0.500]","0.500 [0.500, 0.500]",0.000,0.500
"acl_prefilter=True,ablate=none,variant=fast_refusal",all,with_reranker,1920,logreg,reranker,"0.500 [0.500, 0.500]","0.500 [0.500, 0.500]",0.000,0.500
"acl_prefilter=True,ablate=none,variant=fast_refusal",all,with_reranker,1920,logreg,latency,"0.503 [0.478, 0.530]","0.507 [0.455, 0.555]",0.000,0.499
"acl_prefilter=True,ablate=none,variant=fast_refusal",all,with_reranker,1920,logreg,refusal,"0.500 [0.500, 0.500]","0.500 [0.500, 0.500]",0.000,0.500
"acl_prefilter=True,ablate=none,variant=fast_refusal",all,with_reranker,1920,logreg,content,"0.500 [0.500, 0.500]","0.500 [0.500, 0.500]",0.000,0.500
"acl_prefilter=True,ablate=none,variant=fast_refusal",all,with_reranker,1920,logreg,combined,"0.496 [0.470, 0.521]","0.500 [0.448, 0.556]",0.011,0.496
"acl_prefilter=True,ablate=none,variant=fast_refusal",all,with_reranker,1920,gboost,score,"0.500 [0.500, 0.500]","0.500 [0.500, 0.500]",0.000,0.500
"acl_prefilter=True,ablate=none,variant=fast_refusal",all,with_reranker,1920,gboost,reranker,"0.500 [0.500, 0.500]","0.500 [0.500, 0.500]",0.000,0.500
"acl_prefilter=True,ablate=none,variant=fast_refusal",all,with_reranker,1920,gboost,latency,"0.501 [0.474, 0.525]","0.506 [0.454, 0.560]",0.009,0.501
"acl_prefilter=True,ablate=none,variant=fast_refusal",all,with_reranker,1920,gboost,refusal,"0.500 [0.500, 0.500]","0.500 [0.500, 0.500]",0.000,0.500
"acl_prefilter=True,ablate=none,variant=fast_refusal",all,with_reranker,1920,gboost,content,"0.500 [0.500, 0.500]","0.500 [0.500, 0.500]",0.000,0.500
"acl_prefilter=True,ablate=none,variant=fast_refusal",all,with_reranker,1920,gboost,combined,"0.500 [0.473, 0.523]","0.495 [0.446, 0.547]",0.008,0.501
"acl_prefilter=True,ablate=none,variant=pad30",insider,text_only,960,threshold,rules,"0.500 [0.497, 0.503]","0.500 [0.487, 0.512]",0.002,0.500
"acl_prefilter=True,ablate=none,variant=pad30",insider,text_only,960,logreg,score,"0.500 [0.500, 0.500]","0.500 [0.500, 0.500]",0.000,0.500
"acl_prefilter=True,ablate=none,variant=pad30",insider,text_only,960,logreg,reranker,"0.500 [0.500, 0.500]","0.500 [0.500, 0.500]",0.000,0.500
"acl_prefilter=True,ablate=none,variant=pad30",insider,text_only,960,logreg,latency,"0.503 [0.465, 0.537]","0.499 [0.430, 0.574]",0.010,0.507
"acl_prefilter=True,ablate=none,variant=pad30",insider,text_only,960,logreg,refusal,"0.500 [0.500, 0.500]","0.500 [0.500, 0.500]",0.000,0.500
"acl_prefilter=True,ablate=none,variant=pad30",insider,text_only,960,logreg,content,"0.500 [0.500, 0.500]","0.500 [0.500, 0.500]",0.000,0.500
"acl_prefilter=True,ablate=none,variant=pad30",insider,text_only,960,logreg,combined,"0.505 [0.466, 0.541]","0.502 [0.428, 0.578]",0.017,0.514
"acl_prefilter=True,ablate=none,variant=pad30",insider,text_only,960,gboost,score,"0.500 [0.500, 0.500]","0.500 [0.500, 0.500]",0.000,0.500
"acl_prefilter=True,ablate=none,variant=pad30",insider,text_only,960,gboost,reranker,"0.500 [0.500, 0.500]","0.500 [0.500, 0.500]",0.000,0.500
"acl_prefilter=True,ablate=none,variant=pad30",insider,text_only,960,gboost,latency,"0.503 [0.467, 0.539]","0.533 [0.465, 0.609]",0.019,0.508
"acl_prefilter=True,ablate=none,variant=pad30",insider,text_only,960,gboost,refusal,"0.500 [0.500, 0.500]","0.500 [0.500, 0.500]",0.000,0.500
"acl_prefilter=True,ablate=none,variant=pad30",insider,text_only,960,gboost,content,"0.500 [0.500, 0.500]","0.500 [0.500, 0.500]",0.000,0.500
"acl_prefilter=True,ablate=none,variant=pad30",insider,text_only,960,gboost,combined,"0.509 [0.473, 0.546]","0.546 [0.475, 0.621]",0.021,0.508
"acl_prefilter=True,ablate=none,variant=pad30",insider,with_sources,960,threshold,rules,"0.500 [0.475, 0.528]","0.500 [0.431, 0.568]",0.002,0.500
"acl_prefilter=True,ablate=none,variant=pad30",insider,with_sources,960,logreg,score,"0.500 [0.500, 0.500]","0.500 [0.500, 0.500]",0.000,0.500
"acl_prefilter=True,ablate=none,variant=pad30",insider,with_sources,960,logreg,reranker,"0.500 [0.500, 0.500]","0.500 [0.500, 0.500]",0.000,0.500
"acl_prefilter=True,ablate=none,variant=pad30",insider,with_sources,960,logreg,latency,"0.503 [0.465, 0.537]","0.499 [0.430, 0.574]",0.010,0.507
"acl_prefilter=True,ablate=none,variant=pad30",insider,with_sources,960,logreg,refusal,"0.500 [0.500, 0.500]","0.500 [0.500, 0.500]",0.000,0.500
"acl_prefilter=True,ablate=none,variant=pad30",insider,with_sources,960,logreg,content,"0.500 [0.500, 0.500]","0.500 [0.500, 0.500]",0.000,0.500
"acl_prefilter=True,ablate=none,variant=pad30",insider,with_sources,960,logreg,combined,"0.507 [0.467, 0.543]","0.501 [0.431, 0.579]",0.008,0.508
"acl_prefilter=True,ablate=none,variant=pad30",insider,with_sources,960,gboost,score,"0.500 [0.500, 0.500]","0.500 [0.500, 0.500]",0.000,0.500
"acl_prefilter=True,ablate=none,variant=pad30",insider,with_sources,960,gboost,reranker,"0.500 [0.500, 0.500]","0.500 [0.500, 0.500]",0.000,0.500
"acl_prefilter=True,ablate=none,variant=pad30",insider,with_sources,960,gboost,latency,"0.503 [0.467, 0.539]","0.533 [0.465, 0.609]",0.019,0.508
"acl_prefilter=True,ablate=none,variant=pad30",insider,with_sources,960,gboost,refusal,"0.500 [0.500, 0.500]","0.500 [0.500, 0.500]",0.000,0.500
"acl_prefilter=True,ablate=none,variant=pad30",insider,with_sources,960,gboost,content,"0.500 [0.500, 0.500]","0.500 [0.500, 0.500]",0.000,0.500
"acl_prefilter=True,ablate=none,variant=pad30",insider,with_sources,960,gboost,combined,"0.509 [0.474, 0.544]","0.544 [0.476, 0.619]",0.021,0.514
"acl_prefilter=True,ablate=none,variant=pad30",insider,with_reranker,960,threshold,rules,"0.500 [0.475, 0.528]","0.500 [0.431, 0.568]",0.002,0.500
"acl_prefilter=True,ablate=none,variant=pad30",insider,with_reranker,960,logreg,score,"0.500 [0.500, 0.500]","0.500 [0.500, 0.500]",0.000,0.500
"acl_prefilter=True,ablate=none,variant=pad30",insider,with_reranker,960,logreg,reranker,"0.500 [0.500, 0.500]","0.500 [0.500, 0.500]",0.000,0.500
"acl_prefilter=True,ablate=none,variant=pad30",insider,with_reranker,960,logreg,latency,"0.503 [0.465, 0.537]","0.499 [0.430, 0.574]",0.010,0.507
"acl_prefilter=True,ablate=none,variant=pad30",insider,with_reranker,960,logreg,refusal,"0.500 [0.500, 0.500]","0.500 [0.500, 0.500]",0.000,0.500
"acl_prefilter=True,ablate=none,variant=pad30",insider,with_reranker,960,logreg,content,"0.500 [0.500, 0.500]","0.500 [0.500, 0.500]",0.000,0.500
"acl_prefilter=True,ablate=none,variant=pad30",insider,with_reranker,960,logreg,combined,"0.507 [0.467, 0.543]","0.501 [0.432, 0.579]",0.008,0.507
"acl_prefilter=True,ablate=none,variant=pad30",insider,with_reranker,960,gboost,score,"0.500 [0.500, 0.500]","0.500 [0.500, 0.500]",0.000,0.500
"acl_prefilter=True,ablate=none,variant=pad30",insider,with_reranker,960,gboost,reranker,"0.500 [0.500, 0.500]","0.500 [0.500, 0.500]",0.000,0.500
"acl_prefilter=True,ablate=none,variant=pad30",insider,with_reranker,960,gboost,latency,"0.503 [0.467, 0.539]","0.533 [0.465, 0.609]",0.019,0.508
"acl_prefilter=True,ablate=none,variant=pad30",insider,with_reranker,960,gboost,refusal,"0.500 [0.500, 0.500]","0.500 [0.500, 0.500]",0.000,0.500
"acl_prefilter=True,ablate=none,variant=pad30",insider,with_reranker,960,gboost,content,"0.500 [0.500, 0.500]","0.500 [0.500, 0.500]",0.000,0.500
"acl_prefilter=True,ablate=none,variant=pad30",insider,with_reranker,960,gboost,combined,"0.502 [0.467, 0.539]","0.535 [0.465, 0.609]",0.017,0.509
"acl_prefilter=True,ablate=none,variant=pad30",outsider,text_only,960,threshold,rules,"0.500 [0.480, 0.519]","0.500 [0.458, 0.541]",0.000,0.500
"acl_prefilter=True,ablate=none,variant=pad30",outsider,text_only,960,logreg,score,"0.500 [0.500, 0.500]","0.500 [0.500, 0.500]",0.000,0.500
"acl_prefilter=True,ablate=none,variant=pad30",outsider,text_only,960,logreg,reranker,"0.500 [0.500, 0.500]","0.500 [0.500, 0.500]",0.000,0.500
"acl_prefilter=True,ablate=none,variant=pad30",outsider,text_only,960,logreg,latency,"0.473 [0.433, 0.509]","0.450 [0.382, 0.520]",0.013,0.477
"acl_prefilter=True,ablate=none,variant=pad30",outsider,text_only,960,logreg,refusal,"0.500 [0.500, 0.500]","0.500 [0.500, 0.500]",0.000,0.500
"acl_prefilter=True,ablate=none,variant=pad30",outsider,text_only,960,logreg,content,"0.500 [0.500, 0.500]","0.500 [0.500, 0.500]",0.000,0.500
"acl_prefilter=True,ablate=none,variant=pad30",outsider,text_only,960,logreg,combined,"0.473 [0.438, 0.509]","0.435 [0.369, 0.508]",0.008,0.467
"acl_prefilter=True,ablate=none,variant=pad30",outsider,text_only,960,gboost,score,"0.500 [0.500, 0.500]","0.500 [0.500, 0.500]",0.000,0.500
"acl_prefilter=True,ablate=none,variant=pad30",outsider,text_only,960,gboost,reranker,"0.500 [0.500, 0.500]","0.500 [0.500, 0.500]",0.000,0.500
"acl_prefilter=True,ablate=none,variant=pad30",outsider,text_only,960,gboost,latency,"0.531 [0.493, 0.569]","0.556 [0.483, 0.629]",0.025,0.498
"acl_prefilter=True,ablate=none,variant=pad30",outsider,text_only,960,gboost,refusal,"0.500 [0.500, 0.500]","0.500 [0.500, 0.500]",0.000,0.500
"acl_prefilter=True,ablate=none,variant=pad30",outsider,text_only,960,gboost,content,"0.500 [0.500, 0.500]","0.500 [0.500, 0.500]",0.000,0.500
"acl_prefilter=True,ablate=none,variant=pad30",outsider,text_only,960,gboost,combined,"0.529 [0.490, 0.568]","0.546 [0.475, 0.617]",0.023,0.512
"acl_prefilter=True,ablate=none,variant=pad30",outsider,with_sources,960,threshold,rules,"0.500 [0.471, 0.525]","0.500 [0.433, 0.568]",0.000,0.500
"acl_prefilter=True,ablate=none,variant=pad30",outsider,with_sources,960,logreg,score,"0.500 [0.500, 0.500]","0.500 [0.500, 0.500]",0.000,0.500
"acl_prefilter=True,ablate=none,variant=pad30",outsider,with_sources,960,logreg,reranker,"0.500 [0.500, 0.500]","0.500 [0.500, 0.500]",0.000,0.500
"acl_prefilter=True,ablate=none,variant=pad30",outsider,with_sources,960,logreg,latency,"0.473 [0.433, 0.509]","0.450 [0.382, 0.520]",0.013,0.477
"acl_prefilter=True,ablate=none,variant=pad30",outsider,with_sources,960,logreg,refusal,"0.500 [0.500, 0.500]","0.500 [0.500, 0.500]",0.000,0.500
"acl_prefilter=True,ablate=none,variant=pad30",outsider,with_sources,960,logreg,content,"0.500 [0.500, 0.500]","0.500 [0.500, 0.500]",0.000,0.500
"acl_prefilter=True,ablate=none,variant=pad30",outsider,with_sources,960,logreg,combined,"0.471 [0.436, 0.509]","0.424 [0.358, 0.498]",0.008,0.466
"acl_prefilter=True,ablate=none,variant=pad30",outsider,with_sources,960,gboost,score,"0.500 [0.500, 0.500]","0.500 [0.500, 0.500]",0.000,0.500
"acl_prefilter=True,ablate=none,variant=pad30",outsider,with_sources,960,gboost,reranker,"0.500 [0.500, 0.500]","0.500 [0.500, 0.500]",0.000,0.500
"acl_prefilter=True,ablate=none,variant=pad30",outsider,with_sources,960,gboost,latency,"0.531 [0.493, 0.569]","0.556 [0.483, 0.629]",0.025,0.498
"acl_prefilter=True,ablate=none,variant=pad30",outsider,with_sources,960,gboost,refusal,"0.500 [0.500, 0.500]","0.500 [0.500, 0.500]",0.000,0.500
"acl_prefilter=True,ablate=none,variant=pad30",outsider,with_sources,960,gboost,content,"0.500 [0.500, 0.500]","0.500 [0.500, 0.500]",0.000,0.500
"acl_prefilter=True,ablate=none,variant=pad30",outsider,with_sources,960,gboost,combined,"0.542 [0.503, 0.578]","0.563 [0.494, 0.633]",0.021,0.534
"acl_prefilter=True,ablate=none,variant=pad30",outsider,with_reranker,960,threshold,rules,"0.500 [0.471, 0.525]","0.500 [0.433, 0.568]",0.000,0.500
"acl_prefilter=True,ablate=none,variant=pad30",outsider,with_reranker,960,logreg,score,"0.500 [0.500, 0.500]","0.500 [0.500, 0.500]",0.000,0.500
"acl_prefilter=True,ablate=none,variant=pad30",outsider,with_reranker,960,logreg,reranker,"0.500 [0.500, 0.500]","0.500 [0.500, 0.500]",0.000,0.500
"acl_prefilter=True,ablate=none,variant=pad30",outsider,with_reranker,960,logreg,latency,"0.473 [0.433, 0.509]","0.450 [0.382, 0.520]",0.013,0.477
"acl_prefilter=True,ablate=none,variant=pad30",outsider,with_reranker,960,logreg,refusal,"0.500 [0.500, 0.500]","0.500 [0.500, 0.500]",0.000,0.500
"acl_prefilter=True,ablate=none,variant=pad30",outsider,with_reranker,960,logreg,content,"0.500 [0.500, 0.500]","0.500 [0.500, 0.500]",0.000,0.500
"acl_prefilter=True,ablate=none,variant=pad30",outsider,with_reranker,960,logreg,combined,"0.471 [0.437, 0.508]","0.426 [0.360, 0.500]",0.008,0.466
"acl_prefilter=True,ablate=none,variant=pad30",outsider,with_reranker,960,gboost,score,"0.500 [0.500, 0.500]","0.500 [0.500, 0.500]",0.000,0.500
"acl_prefilter=True,ablate=none,variant=pad30",outsider,with_reranker,960,gboost,reranker,"0.500 [0.500, 0.500]","0.500 [0.500, 0.500]",0.000,0.500
"acl_prefilter=True,ablate=none,variant=pad30",outsider,with_reranker,960,gboost,latency,"0.531 [0.493, 0.569]","0.556 [0.483, 0.629]",0.025,0.498
"acl_prefilter=True,ablate=none,variant=pad30",outsider,with_reranker,960,gboost,refusal,"0.500 [0.500, 0.500]","0.500 [0.500, 0.500]",0.000,0.500
"acl_prefilter=True,ablate=none,variant=pad30",outsider,with_reranker,960,gboost,content,"0.500 [0.500, 0.500]","0.500 [0.500, 0.500]",0.000,0.500
"acl_prefilter=True,ablate=none,variant=pad30",outsider,with_reranker,960,gboost,combined,"0.537 [0.498, 0.572]","0.563 [0.497, 0.635]",0.023,0.521
"acl_prefilter=True,ablate=none,variant=pad30",all,text_only,1920,threshold,rules,"0.500 [0.491, 0.510]","0.500 [0.478, 0.520]",0.000,0.500
"acl_prefilter=True,ablate=none,variant=pad30",all,text_only,1920,logreg,score,"0.500 [0.500, 0.500]","0.500 [0.500, 0.500]",0.000,0.500
"acl_prefilter=True,ablate=none,variant=pad30",all,text_only,1920,logreg,reranker,"0.500 [0.500, 0.500]","0.500 [0.500, 0.500]",0.000,0.500
"acl_prefilter=True,ablate=none,variant=pad30",all,text_only,1920,logreg,latency,"0.486 [0.460, 0.512]","0.480 [0.424, 0.533]",0.011,0.489
"acl_prefilter=True,ablate=none,variant=pad30",all,text_only,1920,logreg,refusal,"0.500 [0.500, 0.500]","0.500 [0.500, 0.500]",0.000,0.500
"acl_prefilter=True,ablate=none,variant=pad30",all,text_only,1920,logreg,content,"0.500 [0.500, 0.500]","0.500 [0.500, 0.500]",0.000,0.500
"acl_prefilter=True,ablate=none,variant=pad30",all,text_only,1920,logreg,combined,"0.490 [0.464, 0.516]","0.474 [0.422, 0.525]",0.010,0.486
"acl_prefilter=True,ablate=none,variant=pad30",all,text_only,1920,gboost,score,"0.500 [0.500, 0.500]","0.500 [0.500, 0.500]",0.000,0.500
"acl_prefilter=True,ablate=none,variant=pad30",all,text_only,1920,gboost,reranker,"0.500 [0.500, 0.500]","0.500 [0.500, 0.500]",0.000,0.500
"acl_prefilter=True,ablate=none,variant=pad30",all,text_only,1920,gboost,latency,"0.491 [0.465, 0.517]","0.500 [0.448, 0.554]",0.015,0.482
"acl_prefilter=True,ablate=none,variant=pad30",all,text_only,1920,gboost,refusal,"0.500 [0.500, 0.500]","0.500 [0.500, 0.500]",0.000,0.500
"acl_prefilter=True,ablate=none,variant=pad30",all,text_only,1920,gboost,content,"0.500 [0.500, 0.500]","0.500 [0.500, 0.500]",0.000,0.500
"acl_prefilter=True,ablate=none,variant=pad30",all,text_only,1920,gboost,combined,"0.490 [0.463, 0.518]","0.500 [0.448, 0.555]",0.013,0.481
"acl_prefilter=True,ablate=none,variant=pad30",all,with_sources,1920,threshold,rules,"0.500 [0.481, 0.519]","0.500 [0.453, 0.549]",0.000,0.500
"acl_prefilter=True,ablate=none,variant=pad30",all,with_sources,1920,logreg,score,"0.500 [0.500, 0.500]","0.500 [0.500, 0.500]",0.000,0.500
"acl_prefilter=True,ablate=none,variant=pad30",all,with_sources,1920,logreg,reranker,"0.500 [0.500, 0.500]","0.500 [0.500, 0.500]",0.000,0.500
"acl_prefilter=True,ablate=none,variant=pad30",all,with_sources,1920,logreg,latency,"0.486 [0.460, 0.512]","0.480 [0.424, 0.533]",0.011,0.489
"acl_prefilter=True,ablate=none,variant=pad30",all,with_sources,1920,logreg,refusal,"0.500 [0.500, 0.500]","0.500 [0.500, 0.500]",0.000,0.500
"acl_prefilter=True,ablate=none,variant=pad30",all,with_sources,1920,logreg,content,"0.500 [0.500, 0.500]","0.500 [0.500, 0.500]",0.000,0.500
"acl_prefilter=True,ablate=none,variant=pad30",all,with_sources,1920,logreg,combined,"0.489 [0.463, 0.516]","0.474 [0.421, 0.524]",0.008,0.492
"acl_prefilter=True,ablate=none,variant=pad30",all,with_sources,1920,gboost,score,"0.500 [0.500, 0.500]","0.500 [0.500, 0.500]",0.000,0.500
"acl_prefilter=True,ablate=none,variant=pad30",all,with_sources,1920,gboost,reranker,"0.500 [0.500, 0.500]","0.500 [0.500, 0.500]",0.000,0.500
"acl_prefilter=True,ablate=none,variant=pad30",all,with_sources,1920,gboost,latency,"0.491 [0.465, 0.517]","0.500 [0.448, 0.554]",0.015,0.482
"acl_prefilter=True,ablate=none,variant=pad30",all,with_sources,1920,gboost,refusal,"0.500 [0.500, 0.500]","0.500 [0.500, 0.500]",0.000,0.500
"acl_prefilter=True,ablate=none,variant=pad30",all,with_sources,1920,gboost,content,"0.500 [0.500, 0.500]","0.500 [0.500, 0.500]",0.000,0.500
"acl_prefilter=True,ablate=none,variant=pad30",all,with_sources,1920,gboost,combined,"0.493 [0.467, 0.520]","0.499 [0.448, 0.553]",0.015,0.481
"acl_prefilter=True,ablate=none,variant=pad30",all,with_reranker,1920,threshold,rules,"0.500 [0.481, 0.519]","0.500 [0.453, 0.549]",0.000,0.500
"acl_prefilter=True,ablate=none,variant=pad30",all,with_reranker,1920,logreg,score,"0.500 [0.500, 0.500]","0.500 [0.500, 0.500]",0.000,0.500
"acl_prefilter=True,ablate=none,variant=pad30",all,with_reranker,1920,logreg,reranker,"0.500 [0.500, 0.500]","0.500 [0.500, 0.500]",0.000,0.500
"acl_prefilter=True,ablate=none,variant=pad30",all,with_reranker,1920,logreg,latency,"0.486 [0.460, 0.512]","0.480 [0.424, 0.533]",0.011,0.489
"acl_prefilter=True,ablate=none,variant=pad30",all,with_reranker,1920,logreg,refusal,"0.500 [0.500, 0.500]","0.500 [0.500, 0.500]",0.000,0.500
"acl_prefilter=True,ablate=none,variant=pad30",all,with_reranker,1920,logreg,content,"0.500 [0.500, 0.500]","0.500 [0.500, 0.500]",0.000,0.500
"acl_prefilter=True,ablate=none,variant=pad30",all,with_reranker,1920,logreg,combined,"0.490 [0.464, 0.516]","0.474 [0.421, 0.526]",0.009,0.491
"acl_prefilter=True,ablate=none,variant=pad30",all,with_reranker,1920,gboost,score,"0.500 [0.500, 0.500]","0.500 [0.500, 0.500]",0.000,0.500
"acl_prefilter=True,ablate=none,variant=pad30",all,with_reranker,1920,gboost,reranker,"0.500 [0.500, 0.500]","0.500 [0.500, 0.500]",0.000,0.500
"acl_prefilter=True,ablate=none,variant=pad30",all,with_reranker,1920,gboost,latency,"0.491 [0.465, 0.517]","0.500 [0.448, 0.554]",0.015,0.482
"acl_prefilter=True,ablate=none,variant=pad30",all,with_reranker,1920,gboost,refusal,"0.500 [0.500, 0.500]","0.500 [0.500, 0.500]",0.000,0.500
"acl_prefilter=True,ablate=none,variant=pad30",all,with_reranker,1920,gboost,content,"0.500 [0.500, 0.500]","0.500 [0.500, 0.500]",0.000,0.500
"acl_prefilter=True,ablate=none,variant=pad30",all,with_reranker,1920,gboost,combined,"0.496 [0.470, 0.523]","0.505 [0.452, 0.559]",0.018,0.489
"acl_prefilter=True,ablate=none,variant=deadline2s",insider,text_only,960,threshold,rules,"0.500 [0.497, 0.503]","0.500 [0.487, 0.512]",0.002,0.500
"acl_prefilter=True,ablate=none,variant=deadline2s",insider,text_only,960,logreg,score,"0.500 [0.500, 0.500]","0.500 [0.500, 0.500]",0.000,0.500
"acl_prefilter=True,ablate=none,variant=deadline2s",insider,text_only,960,logreg,reranker,"0.500 [0.500, 0.500]","0.500 [0.500, 0.500]",0.000,0.500
"acl_prefilter=True,ablate=none,variant=deadline2s",insider,text_only,960,logreg,latency,"0.500 [0.500, 0.500]","0.500 [0.500, 0.500]",0.000,0.500
"acl_prefilter=True,ablate=none,variant=deadline2s",insider,text_only,960,logreg,refusal,"0.500 [0.500, 0.500]","0.500 [0.500, 0.500]",0.000,0.500
"acl_prefilter=True,ablate=none,variant=deadline2s",insider,text_only,960,logreg,content,"0.500 [0.500, 0.500]","0.500 [0.500, 0.500]",0.000,0.500
"acl_prefilter=True,ablate=none,variant=deadline2s",insider,text_only,960,logreg,combined,"0.500 [0.500, 0.500]","0.500 [0.500, 0.500]",0.000,0.500
"acl_prefilter=True,ablate=none,variant=deadline2s",insider,text_only,960,gboost,score,"0.500 [0.500, 0.500]","0.500 [0.500, 0.500]",0.000,0.500
"acl_prefilter=True,ablate=none,variant=deadline2s",insider,text_only,960,gboost,reranker,"0.500 [0.500, 0.500]","0.500 [0.500, 0.500]",0.000,0.500
"acl_prefilter=True,ablate=none,variant=deadline2s",insider,text_only,960,gboost,latency,"0.500 [0.500, 0.500]","0.500 [0.500, 0.500]",0.000,0.500
"acl_prefilter=True,ablate=none,variant=deadline2s",insider,text_only,960,gboost,refusal,"0.500 [0.500, 0.500]","0.500 [0.500, 0.500]",0.000,0.500
"acl_prefilter=True,ablate=none,variant=deadline2s",insider,text_only,960,gboost,content,"0.500 [0.500, 0.500]","0.500 [0.500, 0.500]",0.000,0.500
"acl_prefilter=True,ablate=none,variant=deadline2s",insider,text_only,960,gboost,combined,"0.500 [0.500, 0.500]","0.500 [0.500, 0.500]",0.000,0.500
"acl_prefilter=True,ablate=none,variant=deadline2s",insider,with_sources,960,threshold,rules,"0.500 [0.475, 0.528]","0.500 [0.431, 0.568]",0.002,0.500
"acl_prefilter=True,ablate=none,variant=deadline2s",insider,with_sources,960,logreg,score,"0.500 [0.500, 0.500]","0.500 [0.500, 0.500]",0.000,0.500
"acl_prefilter=True,ablate=none,variant=deadline2s",insider,with_sources,960,logreg,reranker,"0.500 [0.500, 0.500]","0.500 [0.500, 0.500]",0.000,0.500
"acl_prefilter=True,ablate=none,variant=deadline2s",insider,with_sources,960,logreg,latency,"0.500 [0.500, 0.500]","0.500 [0.500, 0.500]",0.000,0.500
"acl_prefilter=True,ablate=none,variant=deadline2s",insider,with_sources,960,logreg,refusal,"0.500 [0.500, 0.500]","0.500 [0.500, 0.500]",0.000,0.500
"acl_prefilter=True,ablate=none,variant=deadline2s",insider,with_sources,960,logreg,content,"0.500 [0.500, 0.500]","0.500 [0.500, 0.500]",0.000,0.500
"acl_prefilter=True,ablate=none,variant=deadline2s",insider,with_sources,960,logreg,combined,"0.500 [0.500, 0.500]","0.500 [0.500, 0.500]",0.000,0.500
"acl_prefilter=True,ablate=none,variant=deadline2s",insider,with_sources,960,gboost,score,"0.500 [0.500, 0.500]","0.500 [0.500, 0.500]",0.000,0.500
"acl_prefilter=True,ablate=none,variant=deadline2s",insider,with_sources,960,gboost,reranker,"0.500 [0.500, 0.500]","0.500 [0.500, 0.500]",0.000,0.500
"acl_prefilter=True,ablate=none,variant=deadline2s",insider,with_sources,960,gboost,latency,"0.500 [0.500, 0.500]","0.500 [0.500, 0.500]",0.000,0.500
"acl_prefilter=True,ablate=none,variant=deadline2s",insider,with_sources,960,gboost,refusal,"0.500 [0.500, 0.500]","0.500 [0.500, 0.500]",0.000,0.500
"acl_prefilter=True,ablate=none,variant=deadline2s",insider,with_sources,960,gboost,content,"0.500 [0.500, 0.500]","0.500 [0.500, 0.500]",0.000,0.500
"acl_prefilter=True,ablate=none,variant=deadline2s",insider,with_sources,960,gboost,combined,"0.500 [0.500, 0.500]","0.500 [0.500, 0.500]",0.000,0.500
"acl_prefilter=True,ablate=none,variant=deadline2s",insider,with_reranker,960,threshold,rules,"0.500 [0.475, 0.528]","0.500 [0.431, 0.568]",0.002,0.500
"acl_prefilter=True,ablate=none,variant=deadline2s",insider,with_reranker,960,logreg,score,"0.500 [0.500, 0.500]","0.500 [0.500, 0.500]",0.000,0.500
"acl_prefilter=True,ablate=none,variant=deadline2s",insider,with_reranker,960,logreg,reranker,"0.500 [0.500, 0.500]","0.500 [0.500, 0.500]",0.000,0.500
"acl_prefilter=True,ablate=none,variant=deadline2s",insider,with_reranker,960,logreg,latency,"0.500 [0.500, 0.500]","0.500 [0.500, 0.500]",0.000,0.500
"acl_prefilter=True,ablate=none,variant=deadline2s",insider,with_reranker,960,logreg,refusal,"0.500 [0.500, 0.500]","0.500 [0.500, 0.500]",0.000,0.500
"acl_prefilter=True,ablate=none,variant=deadline2s",insider,with_reranker,960,logreg,content,"0.500 [0.500, 0.500]","0.500 [0.500, 0.500]",0.000,0.500
"acl_prefilter=True,ablate=none,variant=deadline2s",insider,with_reranker,960,logreg,combined,"0.500 [0.500, 0.500]","0.500 [0.500, 0.500]",0.000,0.500
"acl_prefilter=True,ablate=none,variant=deadline2s",insider,with_reranker,960,gboost,score,"0.500 [0.500, 0.500]","0.500 [0.500, 0.500]",0.000,0.500
"acl_prefilter=True,ablate=none,variant=deadline2s",insider,with_reranker,960,gboost,reranker,"0.500 [0.500, 0.500]","0.500 [0.500, 0.500]",0.000,0.500
"acl_prefilter=True,ablate=none,variant=deadline2s",insider,with_reranker,960,gboost,latency,"0.500 [0.500, 0.500]","0.500 [0.500, 0.500]",0.000,0.500
"acl_prefilter=True,ablate=none,variant=deadline2s",insider,with_reranker,960,gboost,refusal,"0.500 [0.500, 0.500]","0.500 [0.500, 0.500]",0.000,0.500
"acl_prefilter=True,ablate=none,variant=deadline2s",insider,with_reranker,960,gboost,content,"0.500 [0.500, 0.500]","0.500 [0.500, 0.500]",0.000,0.500
"acl_prefilter=True,ablate=none,variant=deadline2s",insider,with_reranker,960,gboost,combined,"0.500 [0.500, 0.500]","0.500 [0.500, 0.500]",0.000,0.500
"acl_prefilter=True,ablate=none,variant=deadline2s",outsider,text_only,960,threshold,rules,"0.500 [0.480, 0.519]","0.500 [0.458, 0.541]",0.000,0.500
"acl_prefilter=True,ablate=none,variant=deadline2s",outsider,text_only,960,logreg,score,"0.500 [0.500, 0.500]","0.500 [0.500, 0.500]",0.000,0.500
"acl_prefilter=True,ablate=none,variant=deadline2s",outsider,text_only,960,logreg,reranker,"0.500 [0.500, 0.500]","0.500 [0.500, 0.500]",0.000,0.500
"acl_prefilter=True,ablate=none,variant=deadline2s",outsider,text_only,960,logreg,latency,"0.500 [0.500, 0.500]","0.500 [0.500, 0.500]",0.000,0.500
"acl_prefilter=True,ablate=none,variant=deadline2s",outsider,text_only,960,logreg,refusal,"0.500 [0.500, 0.500]","0.500 [0.500, 0.500]",0.000,0.500
"acl_prefilter=True,ablate=none,variant=deadline2s",outsider,text_only,960,logreg,content,"0.500 [0.500, 0.500]","0.500 [0.500, 0.500]",0.000,0.500
"acl_prefilter=True,ablate=none,variant=deadline2s",outsider,text_only,960,logreg,combined,"0.500 [0.500, 0.500]","0.500 [0.500, 0.500]",0.000,0.500
"acl_prefilter=True,ablate=none,variant=deadline2s",outsider,text_only,960,gboost,score,"0.500 [0.500, 0.500]","0.500 [0.500, 0.500]",0.000,0.500
"acl_prefilter=True,ablate=none,variant=deadline2s",outsider,text_only,960,gboost,reranker,"0.500 [0.500, 0.500]","0.500 [0.500, 0.500]",0.000,0.500
"acl_prefilter=True,ablate=none,variant=deadline2s",outsider,text_only,960,gboost,latency,"0.500 [0.500, 0.500]","0.500 [0.500, 0.500]",0.000,0.500
"acl_prefilter=True,ablate=none,variant=deadline2s",outsider,text_only,960,gboost,refusal,"0.500 [0.500, 0.500]","0.500 [0.500, 0.500]",0.000,0.500
"acl_prefilter=True,ablate=none,variant=deadline2s",outsider,text_only,960,gboost,content,"0.500 [0.500, 0.500]","0.500 [0.500, 0.500]",0.000,0.500
"acl_prefilter=True,ablate=none,variant=deadline2s",outsider,text_only,960,gboost,combined,"0.500 [0.500, 0.500]","0.500 [0.500, 0.500]",0.000,0.500
"acl_prefilter=True,ablate=none,variant=deadline2s",outsider,with_sources,960,threshold,rules,"0.500 [0.471, 0.525]","0.500 [0.433, 0.568]",0.000,0.500
"acl_prefilter=True,ablate=none,variant=deadline2s",outsider,with_sources,960,logreg,score,"0.500 [0.500, 0.500]","0.500 [0.500, 0.500]",0.000,0.500
"acl_prefilter=True,ablate=none,variant=deadline2s",outsider,with_sources,960,logreg,reranker,"0.500 [0.500, 0.500]","0.500 [0.500, 0.500]",0.000,0.500
"acl_prefilter=True,ablate=none,variant=deadline2s",outsider,with_sources,960,logreg,latency,"0.500 [0.500, 0.500]","0.500 [0.500, 0.500]",0.000,0.500
"acl_prefilter=True,ablate=none,variant=deadline2s",outsider,with_sources,960,logreg,refusal,"0.500 [0.500, 0.500]","0.500 [0.500, 0.500]",0.000,0.500
"acl_prefilter=True,ablate=none,variant=deadline2s",outsider,with_sources,960,logreg,content,"0.500 [0.500, 0.500]","0.500 [0.500, 0.500]",0.000,0.500
"acl_prefilter=True,ablate=none,variant=deadline2s",outsider,with_sources,960,logreg,combined,"0.500 [0.500, 0.500]","0.500 [0.500, 0.500]",0.000,0.500
"acl_prefilter=True,ablate=none,variant=deadline2s",outsider,with_sources,960,gboost,score,"0.500 [0.500, 0.500]","0.500 [0.500, 0.500]",0.000,0.500
"acl_prefilter=True,ablate=none,variant=deadline2s",outsider,with_sources,960,gboost,reranker,"0.500 [0.500, 0.500]","0.500 [0.500, 0.500]",0.000,0.500
"acl_prefilter=True,ablate=none,variant=deadline2s",outsider,with_sources,960,gboost,latency,"0.500 [0.500, 0.500]","0.500 [0.500, 0.500]",0.000,0.500
"acl_prefilter=True,ablate=none,variant=deadline2s",outsider,with_sources,960,gboost,refusal,"0.500 [0.500, 0.500]","0.500 [0.500, 0.500]",0.000,0.500
"acl_prefilter=True,ablate=none,variant=deadline2s",outsider,with_sources,960,gboost,content,"0.500 [0.500, 0.500]","0.500 [0.500, 0.500]",0.000,0.500
"acl_prefilter=True,ablate=none,variant=deadline2s",outsider,with_sources,960,gboost,combined,"0.500 [0.500, 0.500]","0.500 [0.500, 0.500]",0.000,0.500
"acl_prefilter=True,ablate=none,variant=deadline2s",outsider,with_reranker,960,threshold,rules,"0.500 [0.471, 0.525]","0.500 [0.433, 0.568]",0.000,0.500
"acl_prefilter=True,ablate=none,variant=deadline2s",outsider,with_reranker,960,logreg,score,"0.500 [0.500, 0.500]","0.500 [0.500, 0.500]",0.000,0.500
"acl_prefilter=True,ablate=none,variant=deadline2s",outsider,with_reranker,960,logreg,reranker,"0.500 [0.500, 0.500]","0.500 [0.500, 0.500]",0.000,0.500
"acl_prefilter=True,ablate=none,variant=deadline2s",outsider,with_reranker,960,logreg,latency,"0.500 [0.500, 0.500]","0.500 [0.500, 0.500]",0.000,0.500
"acl_prefilter=True,ablate=none,variant=deadline2s",outsider,with_reranker,960,logreg,refusal,"0.500 [0.500, 0.500]","0.500 [0.500, 0.500]",0.000,0.500
"acl_prefilter=True,ablate=none,variant=deadline2s",outsider,with_reranker,960,logreg,content,"0.500 [0.500, 0.500]","0.500 [0.500, 0.500]",0.000,0.500
"acl_prefilter=True,ablate=none,variant=deadline2s",outsider,with_reranker,960,logreg,combined,"0.500 [0.500, 0.500]","0.500 [0.500, 0.500]",0.000,0.500
"acl_prefilter=True,ablate=none,variant=deadline2s",outsider,with_reranker,960,gboost,score,"0.500 [0.500, 0.500]","0.500 [0.500, 0.500]",0.000,0.500
"acl_prefilter=True,ablate=none,variant=deadline2s",outsider,with_reranker,960,gboost,reranker,"0.500 [0.500, 0.500]","0.500 [0.500, 0.500]",0.000,0.500
"acl_prefilter=True,ablate=none,variant=deadline2s",outsider,with_reranker,960,gboost,latency,"0.500 [0.500, 0.500]","0.500 [0.500, 0.500]",0.000,0.500
"acl_prefilter=True,ablate=none,variant=deadline2s",outsider,with_reranker,960,gboost,refusal,"0.500 [0.500, 0.500]","0.500 [0.500, 0.500]",0.000,0.500
"acl_prefilter=True,ablate=none,variant=deadline2s",outsider,with_reranker,960,gboost,content,"0.500 [0.500, 0.500]","0.500 [0.500, 0.500]",0.000,0.500
"acl_prefilter=True,ablate=none,variant=deadline2s",outsider,with_reranker,960,gboost,combined,"0.500 [0.500, 0.500]","0.500 [0.500, 0.500]",0.000,0.500
"acl_prefilter=True,ablate=none,variant=deadline2s",all,text_only,1920,threshold,rules,"0.500 [0.491, 0.510]","0.500 [0.478, 0.520]",0.000,0.500
"acl_prefilter=True,ablate=none,variant=deadline2s",all,text_only,1920,logreg,score,"0.500 [0.500, 0.500]","0.500 [0.500, 0.500]",0.000,0.500
"acl_prefilter=True,ablate=none,variant=deadline2s",all,text_only,1920,logreg,reranker,"0.500 [0.500, 0.500]","0.500 [0.500, 0.500]",0.000,0.500
"acl_prefilter=True,ablate=none,variant=deadline2s",all,text_only,1920,logreg,latency,"0.500 [0.500, 0.500]","0.500 [0.500, 0.500]",0.000,0.500
"acl_prefilter=True,ablate=none,variant=deadline2s",all,text_only,1920,logreg,refusal,"0.500 [0.500, 0.500]","0.500 [0.500, 0.500]",0.000,0.500
"acl_prefilter=True,ablate=none,variant=deadline2s",all,text_only,1920,logreg,content,"0.500 [0.500, 0.500]","0.500 [0.500, 0.500]",0.000,0.500
"acl_prefilter=True,ablate=none,variant=deadline2s",all,text_only,1920,logreg,combined,"0.500 [0.500, 0.500]","0.500 [0.500, 0.500]",0.000,0.500
"acl_prefilter=True,ablate=none,variant=deadline2s",all,text_only,1920,gboost,score,"0.500 [0.500, 0.500]","0.500 [0.500, 0.500]",0.000,0.500
"acl_prefilter=True,ablate=none,variant=deadline2s",all,text_only,1920,gboost,reranker,"0.500 [0.500, 0.500]","0.500 [0.500, 0.500]",0.000,0.500
"acl_prefilter=True,ablate=none,variant=deadline2s",all,text_only,1920,gboost,latency,"0.500 [0.500, 0.500]","0.500 [0.500, 0.500]",0.000,0.500
"acl_prefilter=True,ablate=none,variant=deadline2s",all,text_only,1920,gboost,refusal,"0.500 [0.500, 0.500]","0.500 [0.500, 0.500]",0.000,0.500
"acl_prefilter=True,ablate=none,variant=deadline2s",all,text_only,1920,gboost,content,"0.500 [0.500, 0.500]","0.500 [0.500, 0.500]",0.000,0.500
"acl_prefilter=True,ablate=none,variant=deadline2s",all,text_only,1920,gboost,combined,"0.500 [0.500, 0.500]","0.500 [0.500, 0.500]",0.000,0.500
"acl_prefilter=True,ablate=none,variant=deadline2s",all,with_sources,1920,threshold,rules,"0.500 [0.481, 0.519]","0.500 [0.453, 0.549]",0.000,0.500
"acl_prefilter=True,ablate=none,variant=deadline2s",all,with_sources,1920,logreg,score,"0.500 [0.500, 0.500]","0.500 [0.500, 0.500]",0.000,0.500
"acl_prefilter=True,ablate=none,variant=deadline2s",all,with_sources,1920,logreg,reranker,"0.500 [0.500, 0.500]","0.500 [0.500, 0.500]",0.000,0.500
"acl_prefilter=True,ablate=none,variant=deadline2s",all,with_sources,1920,logreg,latency,"0.500 [0.500, 0.500]","0.500 [0.500, 0.500]",0.000,0.500
"acl_prefilter=True,ablate=none,variant=deadline2s",all,with_sources,1920,logreg,refusal,"0.500 [0.500, 0.500]","0.500 [0.500, 0.500]",0.000,0.500
"acl_prefilter=True,ablate=none,variant=deadline2s",all,with_sources,1920,logreg,content,"0.500 [0.500, 0.500]","0.500 [0.500, 0.500]",0.000,0.500
"acl_prefilter=True,ablate=none,variant=deadline2s",all,with_sources,1920,logreg,combined,"0.500 [0.500, 0.500]","0.500 [0.500, 0.500]",0.000,0.500
"acl_prefilter=True,ablate=none,variant=deadline2s",all,with_sources,1920,gboost,score,"0.500 [0.500, 0.500]","0.500 [0.500, 0.500]",0.000,0.500
"acl_prefilter=True,ablate=none,variant=deadline2s",all,with_sources,1920,gboost,reranker,"0.500 [0.500, 0.500]","0.500 [0.500, 0.500]",0.000,0.500
"acl_prefilter=True,ablate=none,variant=deadline2s",all,with_sources,1920,gboost,latency,"0.500 [0.500, 0.500]","0.500 [0.500, 0.500]",0.000,0.500
"acl_prefilter=True,ablate=none,variant=deadline2s",all,with_sources,1920,gboost,refusal,"0.500 [0.500, 0.500]","0.500 [0.500, 0.500]",0.000,0.500
"acl_prefilter=True,ablate=none,variant=deadline2s",all,with_sources,1920,gboost,content,"0.500 [0.500, 0.500]","0.500 [0.500, 0.500]",0.000,0.500
"acl_prefilter=True,ablate=none,variant=deadline2s",all,with_sources,1920,gboost,combined,"0.500 [0.500, 0.500]","0.500 [0.500, 0.500]",0.000,0.500
"acl_prefilter=True,ablate=none,variant=deadline2s",all,with_reranker,1920,threshold,rules,"0.500 [0.481, 0.519]","0.500 [0.453, 0.549]",0.000,0.500
"acl_prefilter=True,ablate=none,variant=deadline2s",all,with_reranker,1920,logreg,score,"0.500 [0.500, 0.500]","0.500 [0.500, 0.500]",0.000,0.500
"acl_prefilter=True,ablate=none,variant=deadline2s",all,with_reranker,1920,logreg,reranker,"0.500 [0.500, 0.500]","0.500 [0.500, 0.500]",0.000,0.500
"acl_prefilter=True,ablate=none,variant=deadline2s",all,with_reranker,1920,logreg,latency,"0.500 [0.500, 0.500]","0.500 [0.500, 0.500]",0.000,0.500
"acl_prefilter=True,ablate=none,variant=deadline2s",all,with_reranker,1920,logreg,refusal,"0.500 [0.500, 0.500]","0.500 [0.500, 0.500]",0.000,0.500
"acl_prefilter=True,ablate=none,variant=deadline2s",all,with_reranker,1920,logreg,content,"0.500 [0.500, 0.500]","0.500 [0.500, 0.500]",0.000,0.500
"acl_prefilter=True,ablate=none,variant=deadline2s",all,with_reranker,1920,logreg,combined,"0.500 [0.500, 0.500]","0.500 [0.500, 0.500]",0.000,0.500
"acl_prefilter=True,ablate=none,variant=deadline2s",all,with_reranker,1920,gboost,score,"0.500 [0.500, 0.500]","0.500 [0.500, 0.500]",0.000,0.500
"acl_prefilter=True,ablate=none,variant=deadline2s",all,with_reranker,1920,gboost,reranker,"0.500 [0.500, 0.500]","0.500 [0.500, 0.500]",0.000,0.500
"acl_prefilter=True,ablate=none,variant=deadline2s",all,with_reranker,1920,gboost,latency,"0.500 [0.500, 0.500]","0.500 [0.500, 0.500]",0.000,0.500
"acl_prefilter=True,ablate=none,variant=deadline2s",all,with_reranker,1920,gboost,refusal,"0.500 [0.500, 0.500]","0.500 [0.500, 0.500]",0.000,0.500
"acl_prefilter=True,ablate=none,variant=deadline2s",all,with_reranker,1920,gboost,content,"0.500 [0.500, 0.500]","0.500 [0.500, 0.500]",0.000,0.500
"acl_prefilter=True,ablate=none,variant=deadline2s",all,with_reranker,1920,gboost,combined,"0.500 [0.500, 0.500]","0.500 [0.500, 0.500]",0.000,0.500
"acl_prefilter=True,ablate=score_quantize,variant=as_is",insider,text_only,960,threshold,rules,"0.500 [0.497, 0.503]","0.500 [0.487, 0.512]",0.002,0.500
"acl_prefilter=True,ablate=score_quantize,variant=as_is",insider,text_only,960,logreg,score,"0.500 [0.500, 0.500]","0.500 [0.500, 0.500]",0.000,0.500
"acl_prefilter=True,ablate=score_quantize,variant=as_is",insider,text_only,960,logreg,reranker,"0.500 [0.500, 0.500]","0.500 [0.500, 0.500]",0.000,0.500
"acl_prefilter=True,ablate=score_quantize,variant=as_is",insider,text_only,960,logreg,latency,"0.495 [0.459, 0.533]","0.491 [0.422, 0.557]",0.010,0.497
"acl_prefilter=True,ablate=score_quantize,variant=as_is",insider,text_only,960,logreg,refusal,"0.500 [0.500, 0.500]","0.500 [0.500, 0.500]",0.000,0.500
"acl_prefilter=True,ablate=score_quantize,variant=as_is",insider,text_only,960,logreg,content,"0.500 [0.500, 0.500]","0.500 [0.500, 0.500]",0.000,0.500
"acl_prefilter=True,ablate=score_quantize,variant=as_is",insider,text_only,960,logreg,combined,"0.497 [0.462, 0.534]","0.489 [0.413, 0.560]",0.010,0.498
"acl_prefilter=True,ablate=score_quantize,variant=as_is",insider,text_only,960,gboost,score,"0.500 [0.500, 0.500]","0.500 [0.500, 0.500]",0.000,0.500
"acl_prefilter=True,ablate=score_quantize,variant=as_is",insider,text_only,960,gboost,reranker,"0.500 [0.500, 0.500]","0.500 [0.500, 0.500]",0.000,0.500
"acl_prefilter=True,ablate=score_quantize,variant=as_is",insider,text_only,960,gboost,latency,"0.496 [0.461, 0.533]","0.481 [0.409, 0.549]",0.000,0.495
"acl_prefilter=True,ablate=score_quantize,variant=as_is",insider,text_only,960,gboost,refusal,"0.500 [0.500, 0.500]","0.500 [0.500, 0.500]",0.000,0.500
"acl_prefilter=True,ablate=score_quantize,variant=as_is",insider,text_only,960,gboost,content,"0.500 [0.500, 0.500]","0.500 [0.500, 0.500]",0.000,0.500
"acl_prefilter=True,ablate=score_quantize,variant=as_is",insider,text_only,960,gboost,combined,"0.506 [0.470, 0.542]","0.543 [0.480, 0.608]",0.013,0.501
"acl_prefilter=True,ablate=score_quantize,variant=as_is",insider,with_sources,960,threshold,rules,"0.500 [0.475, 0.528]","0.500 [0.431, 0.568]",0.002,0.500
"acl_prefilter=True,ablate=score_quantize,variant=as_is",insider,with_sources,960,logreg,score,"0.500 [0.500, 0.500]","0.500 [0.500, 0.500]",0.000,0.500
"acl_prefilter=True,ablate=score_quantize,variant=as_is",insider,with_sources,960,logreg,reranker,"0.500 [0.500, 0.500]","0.500 [0.500, 0.500]",0.000,0.500
"acl_prefilter=True,ablate=score_quantize,variant=as_is",insider,with_sources,960,logreg,latency,"0.495 [0.459, 0.533]","0.491 [0.422, 0.557]",0.010,0.497
"acl_prefilter=True,ablate=score_quantize,variant=as_is",insider,with_sources,960,logreg,refusal,"0.500 [0.500, 0.500]","0.500 [0.500, 0.500]",0.000,0.500
"acl_prefilter=True,ablate=score_quantize,variant=as_is",insider,with_sources,960,logreg,content,"0.500 [0.500, 0.500]","0.500 [0.500, 0.500]",0.000,0.500
"acl_prefilter=True,ablate=score_quantize,variant=as_is",insider,with_sources,960,logreg,combined,"0.498 [0.462, 0.532]","0.485 [0.406, 0.560]",0.010,0.498
"acl_prefilter=True,ablate=score_quantize,variant=as_is",insider,with_sources,960,gboost,score,"0.500 [0.500, 0.500]","0.500 [0.500, 0.500]",0.000,0.500
"acl_prefilter=True,ablate=score_quantize,variant=as_is",insider,with_sources,960,gboost,reranker,"0.500 [0.500, 0.500]","0.500 [0.500, 0.500]",0.000,0.500
"acl_prefilter=True,ablate=score_quantize,variant=as_is",insider,with_sources,960,gboost,latency,"0.496 [0.461, 0.533]","0.481 [0.409, 0.549]",0.000,0.495
"acl_prefilter=True,ablate=score_quantize,variant=as_is",insider,with_sources,960,gboost,refusal,"0.500 [0.500, 0.500]","0.500 [0.500, 0.500]",0.000,0.500
"acl_prefilter=True,ablate=score_quantize,variant=as_is",insider,with_sources,960,gboost,content,"0.500 [0.500, 0.500]","0.500 [0.500, 0.500]",0.000,0.500
"acl_prefilter=True,ablate=score_quantize,variant=as_is",insider,with_sources,960,gboost,combined,"0.501 [0.466, 0.538]","0.507 [0.434, 0.582]",0.015,0.498
"acl_prefilter=True,ablate=score_quantize,variant=as_is",insider,with_reranker,960,threshold,rules,"0.500 [0.475, 0.528]","0.500 [0.431, 0.568]",0.002,0.500
"acl_prefilter=True,ablate=score_quantize,variant=as_is",insider,with_reranker,960,logreg,score,"0.500 [0.500, 0.500]","0.500 [0.500, 0.500]",0.000,0.500
"acl_prefilter=True,ablate=score_quantize,variant=as_is",insider,with_reranker,960,logreg,reranker,"0.500 [0.500, 0.500]","0.500 [0.500, 0.500]",0.000,0.500
"acl_prefilter=True,ablate=score_quantize,variant=as_is",insider,with_reranker,960,logreg,latency,"0.495 [0.459, 0.533]","0.491 [0.422, 0.557]",0.010,0.497
"acl_prefilter=True,ablate=score_quantize,variant=as_is",insider,with_reranker,960,logreg,refusal,"0.500 [0.500, 0.500]","0.500 [0.500, 0.500]",0.000,0.500
"acl_prefilter=True,ablate=score_quantize,variant=as_is",insider,with_reranker,960,logreg,content,"0.500 [0.500, 0.500]","0.500 [0.500, 0.500]",0.000,0.500
"acl_prefilter=True,ablate=score_quantize,variant=as_is",insider,with_reranker,960,logreg,combined,"0.498 [0.461, 0.531]","0.487 [0.406, 0.563]",0.010,0.498
"acl_prefilter=True,ablate=score_quantize,variant=as_is",insider,with_reranker,960,gboost,score,"0.500 [0.500, 0.500]","0.500 [0.500, 0.500]",0.000,0.500
"acl_prefilter=True,ablate=score_quantize,variant=as_is",insider,with_reranker,960,gboost,reranker,"0.500 [0.500, 0.500]","0.500 [0.500, 0.500]",0.000,0.500
"acl_prefilter=True,ablate=score_quantize,variant=as_is",insider,with_reranker,960,gboost,latency,"0.496 [0.461, 0.533]","0.481 [0.409, 0.549]",0.000,0.495
"acl_prefilter=True,ablate=score_quantize,variant=as_is",insider,with_reranker,960,gboost,refusal,"0.500 [0.500, 0.500]","0.500 [0.500, 0.500]",0.000,0.500
"acl_prefilter=True,ablate=score_quantize,variant=as_is",insider,with_reranker,960,gboost,content,"0.500 [0.500, 0.500]","0.500 [0.500, 0.500]",0.000,0.500
"acl_prefilter=True,ablate=score_quantize,variant=as_is",insider,with_reranker,960,gboost,combined,"0.514 [0.476, 0.552]","0.522 [0.455, 0.598]",0.006,0.507
"acl_prefilter=True,ablate=score_quantize,variant=as_is",outsider,text_only,960,threshold,rules,"0.500 [0.480, 0.519]","0.500 [0.458, 0.541]",0.000,0.500
"acl_prefilter=True,ablate=score_quantize,variant=as_is",outsider,text_only,960,logreg,score,"0.500 [0.500, 0.500]","0.500 [0.500, 0.500]",0.000,0.500
"acl_prefilter=True,ablate=score_quantize,variant=as_is",outsider,text_only,960,logreg,reranker,"0.500 [0.500, 0.500]","0.500 [0.500, 0.500]",0.000,0.500
"acl_prefilter=True,ablate=score_quantize,variant=as_is",outsider,text_only,960,logreg,latency,"0.488 [0.453, 0.525]","0.470 [0.404, 0.532]",0.008,0.490
"acl_prefilter=True,ablate=score_quantize,variant=as_is",outsider,text_only,960,logreg,refusal,"0.500 [0.500, 0.500]","0.500 [0.500, 0.500]",0.000,0.500
"acl_prefilter=True,ablate=score_quantize,variant=as_is",outsider,text_only,960,logreg,content,"0.500 [0.500, 0.500]","0.500 [0.500, 0.500]",0.000,0.500
"acl_prefilter=True,ablate=score_quantize,variant=as_is",outsider,text_only,960,logreg,combined,"0.493 [0.457, 0.530]","0.458 [0.394, 0.520]",0.008,0.497
"acl_prefilter=True,ablate=score_quantize,variant=as_is",outsider,text_only,960,gboost,score,"0.500 [0.500, 0.500]","0.500 [0.500, 0.500]",0.000,0.500
"acl_prefilter=True,ablate=score_quantize,variant=as_is",outsider,text_only,960,gboost,reranker,"0.500 [0.500, 0.500]","0.500 [0.500, 0.500]",0.000,0.500
"acl_prefilter=True,ablate=score_quantize,variant=as_is",outsider,text_only,960,gboost,latency,"0.520 [0.486, 0.557]","0.524 [0.460, 0.583]",0.013,0.511
"acl_prefilter=True,ablate=score_quantize,variant=as_is",outsider,text_only,960,gboost,refusal,"0.500 [0.500, 0.500]","0.500 [0.500, 0.500]",0.000,0.500
"acl_prefilter=True,ablate=score_quantize,variant=as_is",outsider,text_only,960,gboost,content,"0.500 [0.500, 0.500]","0.500 [0.500, 0.500]",0.000,0.500
"acl_prefilter=True,ablate=score_quantize,variant=as_is",outsider,text_only,960,gboost,combined,"0.511 [0.474, 0.547]","0.529 [0.467, 0.594]",0.002,0.508
"acl_prefilter=True,ablate=score_quantize,variant=as_is",outsider,with_sources,960,threshold,rules,"0.500 [0.471, 0.525]","0.500 [0.433, 0.568]",0.000,0.500
"acl_prefilter=True,ablate=score_quantize,variant=as_is",outsider,with_sources,960,logreg,score,"0.500 [0.500, 0.500]","0.500 [0.500, 0.500]",0.000,0.500
"acl_prefilter=True,ablate=score_quantize,variant=as_is",outsider,with_sources,960,logreg,reranker,"0.500 [0.500, 0.500]","0.500 [0.500, 0.500]",0.000,0.500
"acl_prefilter=True,ablate=score_quantize,variant=as_is",outsider,with_sources,960,logreg,latency,"0.488 [0.453, 0.525]","0.470 [0.404, 0.532]",0.008,0.490
"acl_prefilter=True,ablate=score_quantize,variant=as_is",outsider,with_sources,960,logreg,refusal,"0.500 [0.500, 0.500]","0.500 [0.500, 0.500]",0.000,0.500
"acl_prefilter=True,ablate=score_quantize,variant=as_is",outsider,with_sources,960,logreg,content,"0.500 [0.500, 0.500]","0.500 [0.500, 0.500]",0.000,0.500
"acl_prefilter=True,ablate=score_quantize,variant=as_is",outsider,with_sources,960,logreg,combined,"0.496 [0.459, 0.534]","0.467 [0.399, 0.539]",0.004,0.499
"acl_prefilter=True,ablate=score_quantize,variant=as_is",outsider,with_sources,960,gboost,score,"0.500 [0.500, 0.500]","0.500 [0.500, 0.500]",0.000,0.500
"acl_prefilter=True,ablate=score_quantize,variant=as_is",outsider,with_sources,960,gboost,reranker,"0.500 [0.500, 0.500]","0.500 [0.500, 0.500]",0.000,0.500
"acl_prefilter=True,ablate=score_quantize,variant=as_is",outsider,with_sources,960,gboost,latency,"0.520 [0.486, 0.557]","0.524 [0.460, 0.583]",0.013,0.511
"acl_prefilter=True,ablate=score_quantize,variant=as_is",outsider,with_sources,960,gboost,refusal,"0.500 [0.500, 0.500]","0.500 [0.500, 0.500]",0.000,0.500
"acl_prefilter=True,ablate=score_quantize,variant=as_is",outsider,with_sources,960,gboost,content,"0.500 [0.500, 0.500]","0.500 [0.500, 0.500]",0.000,0.500
"acl_prefilter=True,ablate=score_quantize,variant=as_is",outsider,with_sources,960,gboost,combined,"0.511 [0.476, 0.549]","0.539 [0.472, 0.610]",0.004,0.508
"acl_prefilter=True,ablate=score_quantize,variant=as_is",outsider,with_reranker,960,threshold,rules,"0.500 [0.471, 0.525]","0.500 [0.433, 0.568]",0.000,0.500
"acl_prefilter=True,ablate=score_quantize,variant=as_is",outsider,with_reranker,960,logreg,score,"0.500 [0.500, 0.500]","0.500 [0.500, 0.500]",0.000,0.500
"acl_prefilter=True,ablate=score_quantize,variant=as_is",outsider,with_reranker,960,logreg,reranker,"0.500 [0.500, 0.500]","0.500 [0.500, 0.500]",0.000,0.500
"acl_prefilter=True,ablate=score_quantize,variant=as_is",outsider,with_reranker,960,logreg,latency,"0.488 [0.453, 0.525]","0.470 [0.404, 0.532]",0.008,0.490
"acl_prefilter=True,ablate=score_quantize,variant=as_is",outsider,with_reranker,960,logreg,refusal,"0.500 [0.500, 0.500]","0.500 [0.500, 0.500]",0.000,0.500
"acl_prefilter=True,ablate=score_quantize,variant=as_is",outsider,with_reranker,960,logreg,content,"0.500 [0.500, 0.500]","0.500 [0.500, 0.500]",0.000,0.500
"acl_prefilter=True,ablate=score_quantize,variant=as_is",outsider,with_reranker,960,logreg,combined,"0.497 [0.459, 0.534]","0.476 [0.409, 0.547]",0.004,0.499
"acl_prefilter=True,ablate=score_quantize,variant=as_is",outsider,with_reranker,960,gboost,score,"0.500 [0.500, 0.500]","0.500 [0.500, 0.500]",0.000,0.500
"acl_prefilter=True,ablate=score_quantize,variant=as_is",outsider,with_reranker,960,gboost,reranker,"0.500 [0.500, 0.500]","0.500 [0.500, 0.500]",0.000,0.500
"acl_prefilter=True,ablate=score_quantize,variant=as_is",outsider,with_reranker,960,gboost,latency,"0.520 [0.486, 0.557]","0.524 [0.460, 0.583]",0.013,0.511
"acl_prefilter=True,ablate=score_quantize,variant=as_is",outsider,with_reranker,960,gboost,refusal,"0.500 [0.500, 0.500]","0.500 [0.500, 0.500]",0.000,0.500
"acl_prefilter=True,ablate=score_quantize,variant=as_is",outsider,with_reranker,960,gboost,content,"0.500 [0.500, 0.500]","0.500 [0.500, 0.500]",0.000,0.500
"acl_prefilter=True,ablate=score_quantize,variant=as_is",outsider,with_reranker,960,gboost,combined,"0.515 [0.478, 0.549]","0.541 [0.472, 0.614]",0.006,0.511
"acl_prefilter=True,ablate=score_quantize,variant=as_is",all,text_only,1920,threshold,rules,"0.500 [0.491, 0.510]","0.500 [0.478, 0.520]",0.000,0.500
"acl_prefilter=True,ablate=score_quantize,variant=as_is",all,text_only,1920,logreg,score,"0.500 [0.500, 0.500]","0.500 [0.500, 0.500]",0.000,0.500
"acl_prefilter=True,ablate=score_quantize,variant=as_is",all,text_only,1920,logreg,reranker,"0.500 [0.500, 0.500]","0.500 [0.500, 0.500]",0.000,0.500
"acl_prefilter=True,ablate=score_quantize,variant=as_is",all,text_only,1920,logreg,latency,"0.495 [0.471, 0.520]","0.491 [0.442, 0.536]",0.007,0.496
"acl_prefilter=True,ablate=score_quantize,variant=as_is",all,text_only,1920,logreg,refusal,"0.500 [0.500, 0.500]","0.500 [0.500, 0.500]",0.000,0.500
"acl_prefilter=True,ablate=score_quantize,variant=as_is",all,text_only,1920,logreg,content,"0.500 [0.500, 0.500]","0.500 [0.500, 0.500]",0.000,0.500
"acl_prefilter=True,ablate=score_quantize,variant=as_is",all,text_only,1920,logreg,combined,"0.499 [0.475, 0.523]","0.482 [0.436, 0.526]",0.009,0.497
"acl_prefilter=True,ablate=score_quantize,variant=as_is",all,text_only,1920,gboost,score,"0.500 [0.500, 0.500]","0.500 [0.500, 0.500]",0.000,0.500
"acl_prefilter=True,ablate=score_quantize,variant=as_is",all,text_only,1920,gboost,reranker,"0.500 [0.500, 0.500]","0.500 [0.500, 0.500]",0.000,0.500
"acl_prefilter=True,ablate=score_quantize,variant=as_is",all,text_only,1920,gboost,latency,"0.511 [0.484, 0.537]","0.525 [0.475, 0.570]",0.010,0.503
"acl_prefilter=True,ablate=score_quantize,variant=as_is",all,text_only,1920,gboost,refusal,"0.500 [0.500, 0.500]","0.500 [0.500, 0.500]",0.000,0.500
"acl_prefilter=True,ablate=score_quantize,variant=as_is",all,text_only,1920,gboost,content,"0.500 [0.500, 0.500]","0.500 [0.500, 0.500]",0.000,0.500
"acl_prefilter=True,ablate=score_quantize,variant=as_is",all,text_only,1920,gboost,combined,"0.515 [0.487, 0.538]","0.538 [0.489, 0.585]",0.006,0.508
"acl_prefilter=True,ablate=score_quantize,variant=as_is",all,with_sources,1920,threshold,rules,"0.500 [0.481, 0.519]","0.500 [0.453, 0.549]",0.000,0.500
"acl_prefilter=True,ablate=score_quantize,variant=as_is",all,with_sources,1920,logreg,score,"0.500 [0.500, 0.500]","0.500 [0.500, 0.500]",0.000,0.500
"acl_prefilter=True,ablate=score_quantize,variant=as_is",all,with_sources,1920,logreg,reranker,"0.500 [0.500, 0.500]","0.500 [0.500, 0.500]",0.000,0.500
"acl_prefilter=True,ablate=score_quantize,variant=as_is",all,with_sources,1920,logreg,latency,"0.495 [0.471, 0.520]","0.491 [0.442, 0.536]",0.007,0.496
"acl_prefilter=True,ablate=score_quantize,variant=as_is",all,with_sources,1920,logreg,refusal,"0.500 [0.500, 0.500]","0.500 [0.500, 0.500]",0.000,0.500
"acl_prefilter=True,ablate=score_quantize,variant=as_is",all,with_sources,1920,logreg,content,"0.500 [0.500, 0.500]","0.500 [0.500, 0.500]",0.000,0.500
"acl_prefilter=True,ablate=score_quantize,variant=as_is",all,with_sources,1920,logreg,combined,"0.499 [0.474, 0.525]","0.487 [0.438, 0.538]",0.009,0.499
"acl_prefilter=True,ablate=score_quantize,variant=as_is",all,with_sources,1920,gboost,score,"0.500 [0.500, 0.500]","0.500 [0.500, 0.500]",0.000,0.500
"acl_prefilter=True,ablate=score_quantize,variant=as_is",all,with_sources,1920,gboost,reranker,"0.500 [0.500, 0.500]","0.500 [0.500, 0.500]",0.000,0.500
"acl_prefilter=True,ablate=score_quantize,variant=as_is",all,with_sources,1920,gboost,latency,"0.511 [0.484, 0.537]","0.525 [0.475, 0.570]",0.010,0.503
"acl_prefilter=True,ablate=score_quantize,variant=as_is",all,with_sources,1920,gboost,refusal,"0.500 [0.500, 0.500]","0.500 [0.500, 0.500]",0.000,0.500
"acl_prefilter=True,ablate=score_quantize,variant=as_is",all,with_sources,1920,gboost,content,"0.500 [0.500, 0.500]","0.500 [0.500, 0.500]",0.000,0.500
"acl_prefilter=True,ablate=score_quantize,variant=as_is",all,with_sources,1920,gboost,combined,"0.507 [0.482, 0.533]","0.519 [0.470, 0.570]",0.006,0.504
"acl_prefilter=True,ablate=score_quantize,variant=as_is",all,with_reranker,1920,threshold,rules,"0.500 [0.481, 0.519]","0.500 [0.453, 0.549]",0.000,0.500
"acl_prefilter=True,ablate=score_quantize,variant=as_is",all,with_reranker,1920,logreg,score,"0.500 [0.500, 0.500]","0.500 [0.500, 0.500]",0.000,0.500
"acl_prefilter=True,ablate=score_quantize,variant=as_is",all,with_reranker,1920,logreg,reranker,"0.500 [0.500, 0.500]","0.500 [0.500, 0.500]",0.000,0.500
"acl_prefilter=True,ablate=score_quantize,variant=as_is",all,with_reranker,1920,logreg,latency,"0.495 [0.471, 0.520]","0.491 [0.442, 0.536]",0.007,0.496
"acl_prefilter=True,ablate=score_quantize,variant=as_is",all,with_reranker,1920,logreg,refusal,"0.500 [0.500, 0.500]","0.500 [0.500, 0.500]",0.000,0.500
"acl_prefilter=True,ablate=score_quantize,variant=as_is",all,with_reranker,1920,logreg,content,"0.500 [0.500, 0.500]","0.500 [0.500, 0.500]",0.000,0.500
"acl_prefilter=True,ablate=score_quantize,variant=as_is",all,with_reranker,1920,logreg,combined,"0.499 [0.474, 0.525]","0.487 [0.439, 0.539]",0.009,0.498
"acl_prefilter=True,ablate=score_quantize,variant=as_is",all,with_reranker,1920,gboost,score,"0.500 [0.500, 0.500]","0.500 [0.500, 0.500]",0.000,0.500
"acl_prefilter=True,ablate=score_quantize,variant=as_is",all,with_reranker,1920,gboost,reranker,"0.500 [0.500, 0.500]","0.500 [0.500, 0.500]",0.000,0.500
"acl_prefilter=True,ablate=score_quantize,variant=as_is",all,with_reranker,1920,gboost,latency,"0.511 [0.484, 0.537]","0.525 [0.475, 0.570]",0.010,0.503
"acl_prefilter=True,ablate=score_quantize,variant=as_is",all,with_reranker,1920,gboost,refusal,"0.500 [0.500, 0.500]","0.500 [0.500, 0.500]",0.000,0.500
"acl_prefilter=True,ablate=score_quantize,variant=as_is",all,with_reranker,1920,gboost,content,"0.500 [0.500, 0.500]","0.500 [0.500, 0.500]",0.000,0.500
"acl_prefilter=True,ablate=score_quantize,variant=as_is",all,with_reranker,1920,gboost,combined,"0.508 [0.482, 0.534]","0.522 [0.474, 0.574]",0.007,0.505
"acl_prefilter=True,ablate=score_quantize,variant=fast_refusal",insider,text_only,960,threshold,rules,"0.500 [0.497, 0.503]","0.500 [0.487, 0.512]",0.002,0.500
"acl_prefilter=True,ablate=score_quantize,variant=fast_refusal",insider,text_only,960,logreg,score,"0.500 [0.500, 0.500]","0.500 [0.500, 0.500]",0.000,0.500
"acl_prefilter=True,ablate=score_quantize,variant=fast_refusal",insider,text_only,960,logreg,reranker,"0.500 [0.500, 0.500]","0.500 [0.500, 0.500]",0.000,0.500
"acl_prefilter=True,ablate=score_quantize,variant=fast_refusal",insider,text_only,960,logreg,latency,"0.505 [0.468, 0.543]","0.510 [0.442, 0.577]",0.002,0.497
"acl_prefilter=True,ablate=score_quantize,variant=fast_refusal",insider,text_only,960,logreg,refusal,"0.500 [0.500, 0.500]","0.500 [0.500, 0.500]",0.000,0.500
"acl_prefilter=True,ablate=score_quantize,variant=fast_refusal",insider,text_only,960,logreg,content,"0.500 [0.500, 0.500]","0.500 [0.500, 0.500]",0.000,0.500
"acl_prefilter=True,ablate=score_quantize,variant=fast_refusal",insider,text_only,960,logreg,combined,"0.511 [0.474, 0.549]","0.524 [0.451, 0.590]",0.002,0.506
"acl_prefilter=True,ablate=score_quantize,variant=fast_refusal",insider,text_only,960,gboost,score,"0.500 [0.500, 0.500]","0.500 [0.500, 0.500]",0.000,0.500
"acl_prefilter=True,ablate=score_quantize,variant=fast_refusal",insider,text_only,960,gboost,reranker,"0.500 [0.500, 0.500]","0.500 [0.500, 0.500]",0.000,0.500
"acl_prefilter=True,ablate=score_quantize,variant=fast_refusal",insider,text_only,960,gboost,latency,"0.502 [0.468, 0.538]","0.500 [0.430, 0.565]",0.000,0.503
"acl_prefilter=True,ablate=score_quantize,variant=fast_refusal",insider,text_only,960,gboost,refusal,"0.500 [0.500, 0.500]","0.500 [0.500, 0.500]",0.000,0.500
"acl_prefilter=True,ablate=score_quantize,variant=fast_refusal",insider,text_only,960,gboost,content,"0.500 [0.500, 0.500]","0.500 [0.500, 0.500]",0.000,0.500
"acl_prefilter=True,ablate=score_quantize,variant=fast_refusal",insider,text_only,960,gboost,combined,"0.502 [0.470, 0.537]","0.505 [0.435, 0.573]",0.008,0.501
"acl_prefilter=True,ablate=score_quantize,variant=fast_refusal",insider,with_sources,960,threshold,rules,"0.500 [0.475, 0.528]","0.500 [0.431, 0.568]",0.002,0.500
"acl_prefilter=True,ablate=score_quantize,variant=fast_refusal",insider,with_sources,960,logreg,score,"0.500 [0.500, 0.500]","0.500 [0.500, 0.500]",0.000,0.500
"acl_prefilter=True,ablate=score_quantize,variant=fast_refusal",insider,with_sources,960,logreg,reranker,"0.500 [0.500, 0.500]","0.500 [0.500, 0.500]",0.000,0.500
"acl_prefilter=True,ablate=score_quantize,variant=fast_refusal",insider,with_sources,960,logreg,latency,"0.505 [0.468, 0.543]","0.510 [0.442, 0.577]",0.002,0.497
"acl_prefilter=True,ablate=score_quantize,variant=fast_refusal",insider,with_sources,960,logreg,refusal,"0.500 [0.500, 0.500]","0.500 [0.500, 0.500]",0.000,0.500
"acl_prefilter=True,ablate=score_quantize,variant=fast_refusal",insider,with_sources,960,logreg,content,"0.500 [0.500, 0.500]","0.500 [0.500, 0.500]",0.000,0.500
"acl_prefilter=True,ablate=score_quantize,variant=fast_refusal",insider,with_sources,960,logreg,combined,"0.504 [0.468, 0.539]","0.522 [0.443, 0.589]",0.004,0.500
"acl_prefilter=True,ablate=score_quantize,variant=fast_refusal",insider,with_sources,960,gboost,score,"0.500 [0.500, 0.500]","0.500 [0.500, 0.500]",0.000,0.500
"acl_prefilter=True,ablate=score_quantize,variant=fast_refusal",insider,with_sources,960,gboost,reranker,"0.500 [0.500, 0.500]","0.500 [0.500, 0.500]",0.000,0.500
"acl_prefilter=True,ablate=score_quantize,variant=fast_refusal",insider,with_sources,960,gboost,latency,"0.502 [0.468, 0.538]","0.500 [0.430, 0.565]",0.000,0.503
"acl_prefilter=True,ablate=score_quantize,variant=fast_refusal",insider,with_sources,960,gboost,refusal,"0.500 [0.500, 0.500]","0.500 [0.500, 0.500]",0.000,0.500
"acl_prefilter=True,ablate=score_quantize,variant=fast_refusal",insider,with_sources,960,gboost,content,"0.500 [0.500, 0.500]","0.500 [0.500, 0.500]",0.000,0.500
"acl_prefilter=True,ablate=score_quantize,variant=fast_refusal",insider,with_sources,960,gboost,combined,"0.501 [0.463, 0.539]","0.499 [0.426, 0.569]",0.006,0.501
"acl_prefilter=True,ablate=score_quantize,variant=fast_refusal",insider,with_reranker,960,threshold,rules,"0.500 [0.475, 0.528]","0.500 [0.431, 0.568]",0.002,0.500
"acl_prefilter=True,ablate=score_quantize,variant=fast_refusal",insider,with_reranker,960,logreg,score,"0.500 [0.500, 0.500]","0.500 [0.500, 0.500]",0.000,0.500
"acl_prefilter=True,ablate=score_quantize,variant=fast_refusal",insider,with_reranker,960,logreg,reranker,"0.500 [0.500, 0.500]","0.500 [0.500, 0.500]",0.000,0.500
"acl_prefilter=True,ablate=score_quantize,variant=fast_refusal",insider,with_reranker,960,logreg,latency,"0.505 [0.468, 0.543]","0.510 [0.442, 0.577]",0.002,0.497
"acl_prefilter=True,ablate=score_quantize,variant=fast_refusal",insider,with_reranker,960,logreg,refusal,"0.500 [0.500, 0.500]","0.500 [0.500, 0.500]",0.000,0.500
"acl_prefilter=True,ablate=score_quantize,variant=fast_refusal",insider,with_reranker,960,logreg,content,"0.500 [0.500, 0.500]","0.500 [0.500, 0.500]",0.000,0.500
"acl_prefilter=True,ablate=score_quantize,variant=fast_refusal",insider,with_reranker,960,logreg,combined,"0.501 [0.465, 0.537]","0.515 [0.439, 0.585]",0.006,0.501
"acl_prefilter=True,ablate=score_quantize,variant=fast_refusal",insider,with_reranker,960,gboost,score,"0.500 [0.500, 0.500]","0.500 [0.500, 0.500]",0.000,0.500
"acl_prefilter=True,ablate=score_quantize,variant=fast_refusal",insider,with_reranker,960,gboost,reranker,"0.500 [0.500, 0.500]","0.500 [0.500, 0.500]",0.000,0.500
"acl_prefilter=True,ablate=score_quantize,variant=fast_refusal",insider,with_reranker,960,gboost,latency,"0.502 [0.468, 0.538]","0.500 [0.430, 0.565]",0.000,0.503
"acl_prefilter=True,ablate=score_quantize,variant=fast_refusal",insider,with_reranker,960,gboost,refusal,"0.500 [0.500, 0.500]","0.500 [0.500, 0.500]",0.000,0.500
"acl_prefilter=True,ablate=score_quantize,variant=fast_refusal",insider,with_reranker,960,gboost,content,"0.500 [0.500, 0.500]","0.500 [0.500, 0.500]",0.000,0.500
"acl_prefilter=True,ablate=score_quantize,variant=fast_refusal",insider,with_reranker,960,gboost,combined,"0.509 [0.472, 0.547]","0.511 [0.437, 0.584]",0.006,0.507
"acl_prefilter=True,ablate=score_quantize,variant=fast_refusal",outsider,text_only,960,threshold,rules,"0.500 [0.480, 0.519]","0.500 [0.458, 0.541]",0.000,0.500
"acl_prefilter=True,ablate=score_quantize,variant=fast_refusal",outsider,text_only,960,logreg,score,"0.500 [0.500, 0.500]","0.500 [0.500, 0.500]",0.000,0.500
"acl_prefilter=True,ablate=score_quantize,variant=fast_refusal",outsider,text_only,960,logreg,reranker,"0.500 [0.500, 0.500]","0.500 [0.500, 0.500]",0.000,0.500
"acl_prefilter=True,ablate=score_quantize,variant=fast_refusal",outsider,text_only,960,logreg,latency,"0.497 [0.462, 0.532]","0.489 [0.422, 0.561]",0.000,0.494
"acl_prefilter=True,ablate=score_quantize,variant=fast_refusal",outsider,text_only,960,logreg,refusal,"0.500 [0.500, 0.500]","0.500 [0.500, 0.500]",0.000,0.500
"acl_prefilter=True,ablate=score_quantize,variant=fast_refusal",outsider,text_only,960,logreg,content,"0.500 [0.500, 0.500]","0.500 [0.500, 0.500]",0.000,0.500
"acl_prefilter=True,ablate=score_quantize,variant=fast_refusal",outsider,text_only,960,logreg,combined,"0.497 [0.462, 0.533]","0.489 [0.415, 0.564]",0.006,0.494
"acl_prefilter=True,ablate=score_quantize,variant=fast_refusal",outsider,text_only,960,gboost,score,"0.500 [0.500, 0.500]","0.500 [0.500, 0.500]",0.000,0.500
"acl_prefilter=True,ablate=score_quantize,variant=fast_refusal",outsider,text_only,960,gboost,reranker,"0.500 [0.500, 0.500]","0.500 [0.500, 0.500]",0.000,0.500
"acl_prefilter=True,ablate=score_quantize,variant=fast_refusal",outsider,text_only,960,gboost,latency,"0.503 [0.467, 0.540]","0.479 [0.411, 0.553]",0.006,0.496
"acl_prefilter=True,ablate=score_quantize,variant=fast_refusal",outsider,text_only,960,gboost,refusal,"0.500 [0.500, 0.500]","0.500 [0.500, 0.500]",0.000,0.500
"acl_prefilter=True,ablate=score_quantize,variant=fast_refusal",outsider,text_only,960,gboost,content,"0.500 [0.500, 0.500]","0.500 [0.500, 0.500]",0.000,0.500
"acl_prefilter=True,ablate=score_quantize,variant=fast_refusal",outsider,text_only,960,gboost,combined,"0.492 [0.457, 0.527]","0.470 [0.402, 0.538]",0.008,0.494
"acl_prefilter=True,ablate=score_quantize,variant=fast_refusal",outsider,with_sources,960,threshold,rules,"0.500 [0.471, 0.525]","0.500 [0.433, 0.568]",0.000,0.500
"acl_prefilter=True,ablate=score_quantize,variant=fast_refusal",outsider,with_sources,960,logreg,score,"0.500 [0.500, 0.500]","0.500 [0.500, 0.500]",0.000,0.500
"acl_prefilter=True,ablate=score_quantize,variant=fast_refusal",outsider,with_sources,960,logreg,reranker,"0.500 [0.500, 0.500]","0.500 [0.500, 0.500]",0.000,0.500
"acl_prefilter=True,ablate=score_quantize,variant=fast_refusal",outsider,with_sources,960,logreg,latency,"0.497 [0.462, 0.532]","0.489 [0.422, 0.561]",0.000,0.494
"acl_prefilter=True,ablate=score_quantize,variant=fast_refusal",outsider,with_sources,960,logreg,refusal,"0.500 [0.500, 0.500]","0.500 [0.500, 0.500]",0.000,0.500
"acl_prefilter=True,ablate=score_quantize,variant=fast_refusal",outsider,with_sources,960,logreg,content,"0.500 [0.500, 0.500]","0.500 [0.500, 0.500]",0.000,0.500
"acl_prefilter=True,ablate=score_quantize,variant=fast_refusal",outsider,with_sources,960,logreg,combined,"0.490 [0.453, 0.527]","0.470 [0.397, 0.547]",0.004,0.493
"acl_prefilter=True,ablate=score_quantize,variant=fast_refusal",outsider,with_sources,960,gboost,score,"0.500 [0.500, 0.500]","0.500 [0.500, 0.500]",0.000,0.500
"acl_prefilter=True,ablate=score_quantize,variant=fast_refusal",outsider,with_sources,960,gboost,reranker,"0.500 [0.500, 0.500]","0.500 [0.500, 0.500]",0.000,0.500
"acl_prefilter=True,ablate=score_quantize,variant=fast_refusal",outsider,with_sources,960,gboost,latency,"0.503 [0.467, 0.540]","0.479 [0.411, 0.553]",0.006,0.496
"acl_prefilter=True,ablate=score_quantize,variant=fast_refusal",outsider,with_sources,960,gboost,refusal,"0.500 [0.500, 0.500]","0.500 [0.500, 0.500]",0.000,0.500
"acl_prefilter=True,ablate=score_quantize,variant=fast_refusal",outsider,with_sources,960,gboost,content,"0.500 [0.500, 0.500]","0.500 [0.500, 0.500]",0.000,0.500
"acl_prefilter=True,ablate=score_quantize,variant=fast_refusal",outsider,with_sources,960,gboost,combined,"0.500 [0.464, 0.534]","0.495 [0.425, 0.571]",0.004,0.496
"acl_prefilter=True,ablate=score_quantize,variant=fast_refusal",outsider,with_reranker,960,threshold,rules,"0.500 [0.471, 0.525]","0.500 [0.433, 0.568]",0.000,0.500
"acl_prefilter=True,ablate=score_quantize,variant=fast_refusal",outsider,with_reranker,960,logreg,score,"0.500 [0.500, 0.500]","0.500 [0.500, 0.500]",0.000,0.500
"acl_prefilter=True,ablate=score_quantize,variant=fast_refusal",outsider,with_reranker,960,logreg,reranker,"0.500 [0.500, 0.500]","0.500 [0.500, 0.500]",0.000,0.500
"acl_prefilter=True,ablate=score_quantize,variant=fast_refusal",outsider,with_reranker,960,logreg,latency,"0.497 [0.462, 0.532]","0.489 [0.422, 0.561]",0.000,0.494
"acl_prefilter=True,ablate=score_quantize,variant=fast_refusal",outsider,with_reranker,960,logreg,refusal,"0.500 [0.500, 0.500]","0.500 [0.500, 0.500]",0.000,0.500
"acl_prefilter=True,ablate=score_quantize,variant=fast_refusal",outsider,with_reranker,960,logreg,content,"0.500 [0.500, 0.500]","0.500 [0.500, 0.500]",0.000,0.500
"acl_prefilter=True,ablate=score_quantize,variant=fast_refusal",outsider,with_reranker,960,logreg,combined,"0.490 [0.452, 0.527]","0.466 [0.390, 0.541]",0.010,0.493
"acl_prefilter=True,ablate=score_quantize,variant=fast_refusal",outsider,with_reranker,960,gboost,score,"0.500 [0.500, 0.500]","0.500 [0.500, 0.500]",0.000,0.500
"acl_prefilter=True,ablate=score_quantize,variant=fast_refusal",outsider,with_reranker,960,gboost,reranker,"0.500 [0.500, 0.500]","0.500 [0.500, 0.500]",0.000,0.500
"acl_prefilter=True,ablate=score_quantize,variant=fast_refusal",outsider,with_reranker,960,gboost,latency,"0.503 [0.467, 0.540]","0.479 [0.411, 0.553]",0.006,0.496
"acl_prefilter=True,ablate=score_quantize,variant=fast_refusal",outsider,with_reranker,960,gboost,refusal,"0.500 [0.500, 0.500]","0.500 [0.500, 0.500]",0.000,0.500
"acl_prefilter=True,ablate=score_quantize,variant=fast_refusal",outsider,with_reranker,960,gboost,content,"0.500 [0.500, 0.500]","0.500 [0.500, 0.500]",0.000,0.500
"acl_prefilter=True,ablate=score_quantize,variant=fast_refusal",outsider,with_reranker,960,gboost,combined,"0.499 [0.464, 0.534]","0.474 [0.406, 0.549]",0.004,0.497
"acl_prefilter=True,ablate=score_quantize,variant=fast_refusal",all,text_only,1920,threshold,rules,"0.500 [0.491, 0.510]","0.500 [0.478, 0.520]",0.000,0.500
"acl_prefilter=True,ablate=score_quantize,variant=fast_refusal",all,text_only,1920,logreg,score,"0.500 [0.500, 0.500]","0.500 [0.500, 0.500]",0.000,0.500
"acl_prefilter=True,ablate=score_quantize,variant=fast_refusal",all,text_only,1920,logreg,reranker,"0.500 [0.500, 0.500]","0.500 [0.500, 0.500]",0.000,0.500
"acl_prefilter=True,ablate=score_quantize,variant=fast_refusal",all,text_only,1920,logreg,latency,"0.503 [0.478, 0.530]","0.506 [0.455, 0.554]",0.000,0.499
"acl_prefilter=True,ablate=score_quantize,variant=fast_refusal",all,text_only,1920,logreg,refusal,"0.500 [0.500, 0.500]","0.500 [0.500, 0.500]",0.000,0.500
"acl_prefilter=True,ablate=score_quantize,variant=fast_refusal",all,text_only,1920,logreg,content,"0.500 [0.500, 0.500]","0.500 [0.500, 0.500]",0.000,0.500
"acl_prefilter=True,ablate=score_quantize,variant=fast_refusal",all,text_only,1920,logreg,combined,"0.503 [0.479, 0.530]","0.509 [0.458, 0.558]",0.005,0.499
"acl_prefilter=True,ablate=score_quantize,variant=fast_refusal",all,text_only,1920,gboost,score,"0.500 [0.500, 0.500]","0.500 [0.500, 0.500]",0.000,0.500
"acl_prefilter=True,ablate=score_quantize,variant=fast_refusal",all,text_only,1920,gboost,reranker,"0.500 [0.500, 0.500]","0.500 [0.500, 0.500]",0.000,0.500
"acl_prefilter=True,ablate=score_quantize,variant=fast_refusal",all,text_only,1920,gboost,latency,"0.506 [0.481, 0.531]","0.504 [0.452, 0.557]",0.008,0.501
"acl_prefilter=True,ablate=score_quantize,variant=fast_refusal",all,text_only,1920,gboost,refusal,"0.500 [0.500, 0.500]","0.500 [0.500, 0.500]",0.000,0.500
"acl_prefilter=True,ablate=score_quantize,variant=fast_refusal",all,text_only,1920,gboost,content,"0.500 [0.500, 0.500]","0.500 [0.500, 0.500]",0.000,0.500
"acl_prefilter=True,ablate=score_quantize,variant=fast_refusal",all,text_only,1920,gboost,combined,"0.502 [0.477, 0.527]","0.520 [0.474, 0.569]",0.011,0.503
"acl_prefilter=True,ablate=score_quantize,variant=fast_refusal",all,with_sources,1920,threshold,rules,"0.500 [0.481, 0.519]","0.500 [0.453, 0.549]",0.000,0.500
"acl_prefilter=True,ablate=score_quantize,variant=fast_refusal",all,with_sources,1920,logreg,score,"0.500 [0.500, 0.500]","0.500 [0.500, 0.500]",0.000,0.500
"acl_prefilter=True,ablate=score_quantize,variant=fast_refusal",all,with_sources,1920,logreg,reranker,"0.500 [0.500, 0.500]","0.500 [0.500, 0.500]",0.000,0.500
"acl_prefilter=True,ablate=score_quantize,variant=fast_refusal",all,with_sources,1920,logreg,latency,"0.503 [0.478, 0.530]","0.506 [0.455, 0.554]",0.000,0.499
"acl_prefilter=True,ablate=score_quantize,variant=fast_refusal",all,with_sources,1920,logreg,refusal,"0.500 [0.500, 0.500]","0.500 [0.500, 0.500]",0.000,0.500
"acl_prefilter=True,ablate=score_quantize,variant=fast_refusal",all,with_sources,1920,logreg,content,"0.500 [0.500, 0.500]","0.500 [0.500, 0.500]",0.000,0.500
"acl_prefilter=True,ablate=score_quantize,variant=fast_refusal",all,with_sources,1920,logreg,combined,"0.494 [0.469, 0.519]","0.492 [0.437, 0.544]",0.008,0.495
"acl_prefilter=True,ablate=score_quantize,variant=fast_refusal",all,with_sources,1920,gboost,score,"0.500 [0.500, 0.500]","0.500 [0.500, 0.500]",0.000,0.500
"acl_prefilter=True,ablate=score_quantize,variant=fast_refusal",all,with_sources,1920,gboost,reranker,"0.500 [0.500, 0.500]","0.500 [0.500, 0.500]",0.000,0.500
"acl_prefilter=True,ablate=score_quantize,variant=fast_refusal",all,with_sources,1920,gboost,latency,"0.506 [0.481, 0.531]","0.504 [0.452, 0.557]",0.008,0.501
"acl_prefilter=True,ablate=score_quantize,variant=fast_refusal",all,with_sources,1920,gboost,refusal,"0.500 [0.500, 0.500]","0.500 [0.500, 0.500]",0.000,0.500
"acl_prefilter=True,ablate=score_quantize,variant=fast_refusal",all,with_sources,1920,gboost,content,"0.500 [0.500, 0.500]","0.500 [0.500, 0.500]",0.000,0.500
"acl_prefilter=True,ablate=score_quantize,variant=fast_refusal",all,with_sources,1920,gboost,combined,"0.505 [0.480, 0.529]","0.497 [0.445, 0.549]",0.010,0.502
"acl_prefilter=True,ablate=score_quantize,variant=fast_refusal",all,with_reranker,1920,threshold,rules,"0.500 [0.481, 0.519]","0.500 [0.453, 0.549]",0.000,0.500
"acl_prefilter=True,ablate=score_quantize,variant=fast_refusal",all,with_reranker,1920,logreg,score,"0.500 [0.500, 0.500]","0.500 [0.500, 0.500]",0.000,0.500
"acl_prefilter=True,ablate=score_quantize,variant=fast_refusal",all,with_reranker,1920,logreg,reranker,"0.500 [0.500, 0.500]","0.500 [0.500, 0.500]",0.000,0.500
"acl_prefilter=True,ablate=score_quantize,variant=fast_refusal",all,with_reranker,1920,logreg,latency,"0.503 [0.478, 0.530]","0.506 [0.455, 0.554]",0.000,0.499
"acl_prefilter=True,ablate=score_quantize,variant=fast_refusal",all,with_reranker,1920,logreg,refusal,"0.500 [0.500, 0.500]","0.500 [0.500, 0.500]",0.000,0.500
"acl_prefilter=True,ablate=score_quantize,variant=fast_refusal",all,with_reranker,1920,logreg,content,"0.500 [0.500, 0.500]","0.500 [0.500, 0.500]",0.000,0.500
"acl_prefilter=True,ablate=score_quantize,variant=fast_refusal",all,with_reranker,1920,logreg,combined,"0.493 [0.468, 0.518]","0.488 [0.434, 0.541]",0.007,0.495
"acl_prefilter=True,ablate=score_quantize,variant=fast_refusal",all,with_reranker,1920,gboost,score,"0.500 [0.500, 0.500]","0.500 [0.500, 0.500]",0.000,0.500
"acl_prefilter=True,ablate=score_quantize,variant=fast_refusal",all,with_reranker,1920,gboost,reranker,"0.500 [0.500, 0.500]","0.500 [0.500, 0.500]",0.000,0.500
"acl_prefilter=True,ablate=score_quantize,variant=fast_refusal",all,with_reranker,1920,gboost,latency,"0.506 [0.481, 0.531]","0.504 [0.452, 0.557]",0.008,0.501
"acl_prefilter=True,ablate=score_quantize,variant=fast_refusal",all,with_reranker,1920,gboost,refusal,"0.500 [0.500, 0.500]","0.500 [0.500, 0.500]",0.000,0.500
"acl_prefilter=True,ablate=score_quantize,variant=fast_refusal",all,with_reranker,1920,gboost,content,"0.500 [0.500, 0.500]","0.500 [0.500, 0.500]",0.000,0.500
"acl_prefilter=True,ablate=score_quantize,variant=fast_refusal",all,with_reranker,1920,gboost,combined,"0.508 [0.483, 0.534]","0.509 [0.458, 0.561]",0.013,0.504
"acl_prefilter=True,ablate=score_quantize,variant=pad30",insider,text_only,960,threshold,rules,"0.500 [0.497, 0.503]","0.500 [0.487, 0.512]",0.002,0.500
"acl_prefilter=True,ablate=score_quantize,variant=pad30",insider,text_only,960,logreg,score,"0.500 [0.500, 0.500]","0.500 [0.500, 0.500]",0.000,0.500
"acl_prefilter=True,ablate=score_quantize,variant=pad30",insider,text_only,960,logreg,reranker,"0.500 [0.500, 0.500]","0.500 [0.500, 0.500]",0.000,0.500
"acl_prefilter=True,ablate=score_quantize,variant=pad30",insider,text_only,960,logreg,latency,"0.503 [0.465, 0.537]","0.498 [0.430, 0.573]",0.013,0.505
"acl_prefilter=True,ablate=score_quantize,variant=pad30",insider,text_only,960,logreg,refusal,"0.500 [0.500, 0.500]","0.500 [0.500, 0.500]",0.000,0.500
"acl_prefilter=True,ablate=score_quantize,variant=pad30",insider,text_only,960,logreg,content,"0.500 [0.500, 0.500]","0.500 [0.500, 0.500]",0.000,0.500
"acl_prefilter=True,ablate=score_quantize,variant=pad30",insider,text_only,960,logreg,combined,"0.505 [0.466, 0.541]","0.502 [0.429, 0.578]",0.017,0.512
"acl_prefilter=True,ablate=score_quantize,variant=pad30",insider,text_only,960,gboost,score,"0.500 [0.500, 0.500]","0.500 [0.500, 0.500]",0.000,0.500
"acl_prefilter=True,ablate=score_quantize,variant=pad30",insider,text_only,960,gboost,reranker,"0.500 [0.500, 0.500]","0.500 [0.500, 0.500]",0.000,0.500
"acl_prefilter=True,ablate=score_quantize,variant=pad30",insider,text_only,960,gboost,latency,"0.489 [0.456, 0.525]","0.500 [0.430, 0.575]",0.015,0.485
"acl_prefilter=True,ablate=score_quantize,variant=pad30",insider,text_only,960,gboost,refusal,"0.500 [0.500, 0.500]","0.500 [0.500, 0.500]",0.000,0.500
"acl_prefilter=True,ablate=score_quantize,variant=pad30",insider,text_only,960,gboost,content,"0.500 [0.500, 0.500]","0.500 [0.500, 0.500]",0.000,0.500
"acl_prefilter=True,ablate=score_quantize,variant=pad30",insider,text_only,960,gboost,combined,"0.487 [0.455, 0.523]","0.503 [0.433, 0.577]",0.017,0.480
"acl_prefilter=True,ablate=score_quantize,variant=pad30",insider,with_sources,960,threshold,rules,"0.500 [0.475, 0.528]","0.500 [0.431, 0.568]",0.002,0.500
"acl_prefilter=True,ablate=score_quantize,variant=pad30",insider,with_sources,960,logreg,score,"0.500 [0.500, 0.500]","0.500 [0.500, 0.500]",0.000,0.500
"acl_prefilter=True,ablate=score_quantize,variant=pad30",insider,with_sources,960,logreg,reranker,"0.500 [0.500, 0.500]","0.500 [0.500, 0.500]",0.000,0.500
"acl_prefilter=True,ablate=score_quantize,variant=pad30",insider,with_sources,960,logreg,latency,"0.503 [0.465, 0.537]","0.498 [0.430, 0.573]",0.013,0.505
"acl_prefilter=True,ablate=score_quantize,variant=pad30",insider,with_sources,960,logreg,refusal,"0.500 [0.500, 0.500]","0.500 [0.500, 0.500]",0.000,0.500
"acl_prefilter=True,ablate=score_quantize,variant=pad30",insider,with_sources,960,logreg,content,"0.500 [0.500, 0.500]","0.500 [0.500, 0.500]",0.000,0.500
"acl_prefilter=True,ablate=score_quantize,variant=pad30",insider,with_sources,960,logreg,combined,"0.507 [0.467, 0.542]","0.500 [0.430, 0.578]",0.008,0.514
"acl_prefilter=True,ablate=score_quantize,variant=pad30",insider,with_sources,960,gboost,score,"0.500 [0.500, 0.500]","0.500 [0.500, 0.500]",0.000,0.500
"acl_prefilter=True,ablate=score_quantize,variant=pad30",insider,with_sources,960,gboost,reranker,"0.500 [0.500, 0.500]","0.500 [0.500, 0.500]",0.000,0.500
"acl_prefilter=True,ablate=score_quantize,variant=pad30",insider,with_sources,960,gboost,latency,"0.489 [0.456, 0.525]","0.500 [0.430, 0.575]",0.015,0.485
"acl_prefilter=True,ablate=score_quantize,variant=pad30",insider,with_sources,960,gboost,refusal,"0.500 [0.500, 0.500]","0.500 [0.500, 0.500]",0.000,0.500
"acl_prefilter=True,ablate=score_quantize,variant=pad30",insider,with_sources,960,gboost,content,"0.500 [0.500, 0.500]","0.500 [0.500, 0.500]",0.000,0.500
"acl_prefilter=True,ablate=score_quantize,variant=pad30",insider,with_sources,960,gboost,combined,"0.480 [0.446, 0.516]","0.487 [0.416, 0.560]",0.019,0.486
"acl_prefilter=True,ablate=score_quantize,variant=pad30",insider,with_reranker,960,threshold,rules,"0.500 [0.475, 0.528]","0.500 [0.431, 0.568]",0.002,0.500
"acl_prefilter=True,ablate=score_quantize,variant=pad30",insider,with_reranker,960,logreg,score,"0.500 [0.500, 0.500]","0.500 [0.500, 0.500]",0.000,0.500
"acl_prefilter=True,ablate=score_quantize,variant=pad30",insider,with_reranker,960,logreg,reranker,"0.500 [0.500, 0.500]","0.500 [0.500, 0.500]",0.000,0.500
"acl_prefilter=True,ablate=score_quantize,variant=pad30",insider,with_reranker,960,logreg,latency,"0.503 [0.465, 0.537]","0.498 [0.430, 0.573]",0.013,0.505
"acl_prefilter=True,ablate=score_quantize,variant=pad30",insider,with_reranker,960,logreg,refusal,"0.500 [0.500, 0.500]","0.500 [0.500, 0.500]",0.000,0.500
"acl_prefilter=True,ablate=score_quantize,variant=pad30",insider,with_reranker,960,logreg,content,"0.500 [0.500, 0.500]","0.500 [0.500, 0.500]",0.000,0.500
"acl_prefilter=True,ablate=score_quantize,variant=pad30",insider,with_reranker,960,logreg,combined,"0.507 [0.467, 0.543]","0.500 [0.431, 0.580]",0.008,0.511
"acl_prefilter=True,ablate=score_quantize,variant=pad30",insider,with_reranker,960,gboost,score,"0.500 [0.500, 0.500]","0.500 [0.500, 0.500]",0.000,0.500
"acl_prefilter=True,ablate=score_quantize,variant=pad30",insider,with_reranker,960,gboost,reranker,"0.500 [0.500, 0.500]","0.500 [0.500, 0.500]",0.000,0.500
"acl_prefilter=True,ablate=score_quantize,variant=pad30",insider,with_reranker,960,gboost,latency,"0.489 [0.456, 0.525]","0.500 [0.430, 0.575]",0.015,0.485
"acl_prefilter=True,ablate=score_quantize,variant=pad30",insider,with_reranker,960,gboost,refusal,"0.500 [0.500, 0.500]","0.500 [0.500, 0.500]",0.000,0.500
"acl_prefilter=True,ablate=score_quantize,variant=pad30",insider,with_reranker,960,gboost,content,"0.500 [0.500, 0.500]","0.500 [0.500, 0.500]",0.000,0.500
"acl_prefilter=True,ablate=score_quantize,variant=pad30",insider,with_reranker,960,gboost,combined,"0.493 [0.460, 0.529]","0.509 [0.440, 0.583]",0.027,0.486
"acl_prefilter=True,ablate=score_quantize,variant=pad30",outsider,text_only,960,threshold,rules,"0.500 [0.480, 0.519]","0.500 [0.458, 0.541]",0.000,0.500
"acl_prefilter=True,ablate=score_quantize,variant=pad30",outsider,text_only,960,logreg,score,"0.500 [0.500, 0.500]","0.500 [0.500, 0.500]",0.000,0.500
"acl_prefilter=True,ablate=score_quantize,variant=pad30",outsider,text_only,960,logreg,reranker,"0.500 [0.500, 0.500]","0.500 [0.500, 0.500]",0.000,0.500
"acl_prefilter=True,ablate=score_quantize,variant=pad30",outsider,text_only,960,logreg,latency,"0.473 [0.433, 0.509]","0.450 [0.382, 0.520]",0.013,0.479
"acl_prefilter=True,ablate=score_quantize,variant=pad30",outsider,text_only,960,logreg,refusal,"0.500 [0.500, 0.500]","0.500 [0.500, 0.500]",0.000,0.500
"acl_prefilter=True,ablate=score_quantize,variant=pad30",outsider,text_only,960,logreg,content,"0.500 [0.500, 0.500]","0.500 [0.500, 0.500]",0.000,0.500
"acl_prefilter=True,ablate=score_quantize,variant=pad30",outsider,text_only,960,logreg,combined,"0.472 [0.438, 0.508]","0.435 [0.369, 0.509]",0.008,0.469
"acl_prefilter=True,ablate=score_quantize,variant=pad30",outsider,text_only,960,gboost,score,"0.500 [0.500, 0.500]","0.500 [0.500, 0.500]",0.000,0.500
"acl_prefilter=True,ablate=score_quantize,variant=pad30",outsider,text_only,960,gboost,reranker,"0.500 [0.500, 0.500]","0.500 [0.500, 0.500]",0.000,0.500
"acl_prefilter=True,ablate=score_quantize,variant=pad30",outsider,text_only,960,gboost,latency,"0.534 [0.498, 0.571]","0.559 [0.487, 0.633]",0.019,0.511
"acl_prefilter=True,ablate=score_quantize,variant=pad30",outsider,text_only,960,gboost,refusal,"0.500 [0.500, 0.500]","0.500 [0.500, 0.500]",0.000,0.500
"acl_prefilter=True,ablate=score_quantize,variant=pad30",outsider,text_only,960,gboost,content,"0.500 [0.500, 0.500]","0.500 [0.500, 0.500]",0.000,0.500
"acl_prefilter=True,ablate=score_quantize,variant=pad30",outsider,text_only,960,gboost,combined,"0.544 [0.507, 0.580]","0.573 [0.500, 0.644]",0.021,0.519
"acl_prefilter=True,ablate=score_quantize,variant=pad30",outsider,with_sources,960,threshold,rules,"0.500 [0.471, 0.525]","0.500 [0.433, 0.568]",0.000,0.500
"acl_prefilter=True,ablate=score_quantize,variant=pad30",outsider,with_sources,960,logreg,score,"0.500 [0.500, 0.500]","0.500 [0.500, 0.500]",0.000,0.500
"acl_prefilter=True,ablate=score_quantize,variant=pad30",outsider,with_sources,960,logreg,reranker,"0.500 [0.500, 0.500]","0.500 [0.500, 0.500]",0.000,0.500
"acl_prefilter=True,ablate=score_quantize,variant=pad30",outsider,with_sources,960,logreg,latency,"0.473 [0.433, 0.509]","0.450 [0.382, 0.520]",0.013,0.479
"acl_prefilter=True,ablate=score_quantize,variant=pad30",outsider,with_sources,960,logreg,refusal,"0.500 [0.500, 0.500]","0.500 [0.500, 0.500]",0.000,0.500
"acl_prefilter=True,ablate=score_quantize,variant=pad30",outsider,with_sources,960,logreg,content,"0.500 [0.500, 0.500]","0.500 [0.500, 0.500]",0.000,0.500
"acl_prefilter=True,ablate=score_quantize,variant=pad30",outsider,with_sources,960,logreg,combined,"0.473 [0.438, 0.510]","0.423 [0.358, 0.499]",0.008,0.471
"acl_prefilter=True,ablate=score_quantize,variant=pad30",outsider,with_sources,960,gboost,score,"0.500 [0.500, 0.500]","0.500 [0.500, 0.500]",0.000,0.500
"acl_prefilter=True,ablate=score_quantize,variant=pad30",outsider,with_sources,960,gboost,reranker,"0.500 [0.500, 0.500]","0.500 [0.500, 0.500]",0.000,0.500
"acl_prefilter=True,ablate=score_quantize,variant=pad30",outsider,with_sources,960,gboost,latency,"0.534 [0.498, 0.571]","0.559 [0.487, 0.633]",0.019,0.511
"acl_prefilter=True,ablate=score_quantize,variant=pad30",outsider,with_sources,960,gboost,refusal,"0.500 [0.500, 0.500]","0.500 [0.500, 0.500]",0.000,0.500
"acl_prefilter=True,ablate=score_quantize,variant=pad30",outsider,with_sources,960,gboost,content,"0.500 [0.500, 0.500]","0.500 [0.500, 0.500]",0.000,0.500
"acl_prefilter=True,ablate=score_quantize,variant=pad30",outsider,with_sources,960,gboost,combined,"0.529 [0.493, 0.565]","0.550 [0.473, 0.618]",0.025,0.521
"acl_prefilter=True,ablate=score_quantize,variant=pad30",outsider,with_reranker,960,threshold,rules,"0.500 [0.471, 0.525]","0.500 [0.433, 0.568]",0.000,0.500
"acl_prefilter=True,ablate=score_quantize,variant=pad30",outsider,with_reranker,960,logreg,score,"0.500 [0.500, 0.500]","0.500 [0.500, 0.500]",0.000,0.500
"acl_prefilter=True,ablate=score_quantize,variant=pad30",outsider,with_reranker,960,logreg,reranker,"0.500 [0.500, 0.500]","0.500 [0.500, 0.500]",0.000,0.500
"acl_prefilter=True,ablate=score_quantize,variant=pad30",outsider,with_reranker,960,logreg,latency,"0.473 [0.433, 0.509]","0.450 [0.382, 0.520]",0.013,0.479
"acl_prefilter=True,ablate=score_quantize,variant=pad30",outsider,with_reranker,960,logreg,refusal,"0.500 [0.500, 0.500]","0.500 [0.500, 0.500]",0.000,0.500
"acl_prefilter=True,ablate=score_quantize,variant=pad30",outsider,with_reranker,960,logreg,content,"0.500 [0.500, 0.500]","0.500 [0.500, 0.500]",0.000,0.500
"acl_prefilter=True,ablate=score_quantize,variant=pad30",outsider,with_reranker,960,logreg,combined,"0.473 [0.437, 0.509]","0.425 [0.360, 0.501]",0.008,0.469
"acl_prefilter=True,ablate=score_quantize,variant=pad30",outsider,with_reranker,960,gboost,score,"0.500 [0.500, 0.500]","0.500 [0.500, 0.500]",0.000,0.500
"acl_prefilter=True,ablate=score_quantize,variant=pad30",outsider,with_reranker,960,gboost,reranker,"0.500 [0.500, 0.500]","0.500 [0.500, 0.500]",0.000,0.500
"acl_prefilter=True,ablate=score_quantize,variant=pad30",outsider,with_reranker,960,gboost,latency,"0.534 [0.498, 0.571]","0.559 [0.487, 0.633]",0.019,0.511
"acl_prefilter=True,ablate=score_quantize,variant=pad30",outsider,with_reranker,960,gboost,refusal,"0.500 [0.500, 0.500]","0.500 [0.500, 0.500]",0.000,0.500
"acl_prefilter=True,ablate=score_quantize,variant=pad30",outsider,with_reranker,960,gboost,content,"0.500 [0.500, 0.500]","0.500 [0.500, 0.500]",0.000,0.500
"acl_prefilter=True,ablate=score_quantize,variant=pad30",outsider,with_reranker,960,gboost,combined,"0.537 [0.501, 0.574]","0.562 [0.492, 0.632]",0.027,0.524
"acl_prefilter=True,ablate=score_quantize,variant=pad30",all,text_only,1920,threshold,rules,"0.500 [0.491, 0.510]","0.500 [0.478, 0.520]",0.000,0.500
"acl_prefilter=True,ablate=score_quantize,variant=pad30",all,text_only,1920,logreg,score,"0.500 [0.500, 0.500]","0.500 [0.500, 0.500]",0.000,0.500
"acl_prefilter=True,ablate=score_quantize,variant=pad30",all,text_only,1920,logreg,reranker,"0.500 [0.500, 0.500]","0.500 [0.500, 0.500]",0.000,0.500
"acl_prefilter=True,ablate=score_quantize,variant=pad30",all,text_only,1920,logreg,latency,"0.486 [0.460, 0.512]","0.480 [0.423, 0.533]",0.011,0.489
"acl_prefilter=True,ablate=score_quantize,variant=pad30",all,text_only,1920,logreg,refusal,"0.500 [0.500, 0.500]","0.500 [0.500, 0.500]",0.000,0.500
"acl_prefilter=True,ablate=score_quantize,variant=pad30",all,text_only,1920,logreg,content,"0.500 [0.500, 0.500]","0.500 [0.500, 0.500]",0.000,0.500
"acl_prefilter=True,ablate=score_quantize,variant=pad30",all,text_only,1920,logreg,combined,"0.490 [0.464, 0.516]","0.474 [0.422, 0.525]",0.010,0.487
"acl_prefilter=True,ablate=score_quantize,variant=pad30",all,text_only,1920,gboost,score,"0.500 [0.500, 0.500]","0.500 [0.500, 0.500]",0.000,0.500
"acl_prefilter=True,ablate=score_quantize,variant=pad30",all,text_only,1920,gboost,reranker,"0.500 [0.500, 0.500]","0.500 [0.500, 0.500]",0.000,0.500
"acl_prefilter=True,ablate=score_quantize,variant=pad30",all,text_only,1920,gboost,latency,"0.503 [0.475, 0.529]","0.511 [0.459, 0.560]",0.019,0.495
"acl_prefilter=True,ablate=score_quantize,variant=pad30",all,text_only,1920,gboost,refusal,"0.500 [0.500, 0.500]","0.500 [0.500, 0.500]",0.000,0.500
"acl_prefilter=True,ablate=score_quantize,variant=pad30",all,text_only,1920,gboost,content,"0.500 [0.500, 0.500]","0.500 [0.500, 0.500]",0.000,0.500
"acl_prefilter=True,ablate=score_quantize,variant=pad30",all,text_only,1920,gboost,combined,"0.505 [0.479, 0.532]","0.520 [0.466, 0.570]",0.020,0.501
"acl_prefilter=True,ablate=score_quantize,variant=pad30",all,with_sources,1920,threshold,rules,"0.500 [0.481, 0.519]","0.500 [0.453, 0.549]",0.000,0.500
"acl_prefilter=True,ablate=score_quantize,variant=pad30",all,with_sources,1920,logreg,score,"0.500 [0.500, 0.500]","0.500 [0.500, 0.500]",0.000,0.500
"acl_prefilter=True,ablate=score_quantize,variant=pad30",all,with_sources,1920,logreg,reranker,"0.500 [0.500, 0.500]","0.500 [0.500, 0.500]",0.000,0.500
"acl_prefilter=True,ablate=score_quantize,variant=pad30",all,with_sources,1920,logreg,latency,"0.486 [0.460, 0.512]","0.480 [0.423, 0.533]",0.011,0.489
"acl_prefilter=True,ablate=score_quantize,variant=pad30",all,with_sources,1920,logreg,refusal,"0.500 [0.500, 0.500]","0.500 [0.500, 0.500]",0.000,0.500
"acl_prefilter=True,ablate=score_quantize,variant=pad30",all,with_sources,1920,logreg,content,"0.500 [0.500, 0.500]","0.500 [0.500, 0.500]",0.000,0.500
"acl_prefilter=True,ablate=score_quantize,variant=pad30",all,with_sources,1920,logreg,combined,"0.490 [0.463, 0.516]","0.472 [0.418, 0.523]",0.007,0.488
"acl_prefilter=True,ablate=score_quantize,variant=pad30",all,with_sources,1920,gboost,score,"0.500 [0.500, 0.500]","0.500 [0.500, 0.500]",0.000,0.500
"acl_prefilter=True,ablate=score_quantize,variant=pad30",all,with_sources,1920,gboost,reranker,"0.500 [0.500, 0.500]","0.500 [0.500, 0.500]",0.000,0.500
"acl_prefilter=True,ablate=score_quantize,variant=pad30",all,with_sources,1920,gboost,latency,"0.503 [0.475, 0.529]","0.511 [0.459, 0.560]",0.019,0.495
"acl_prefilter=True,ablate=score_quantize,variant=pad30",all,with_sources,1920,gboost,refusal,"0.500 [0.500, 0.500]","0.500 [0.500, 0.500]",0.000,0.500
"acl_prefilter=True,ablate=score_quantize,variant=pad30",all,with_sources,1920,gboost,content,"0.500 [0.500, 0.500]","0.500 [0.500, 0.500]",0.000,0.500
"acl_prefilter=True,ablate=score_quantize,variant=pad30",all,with_sources,1920,gboost,combined,"0.511 [0.484, 0.537]","0.519 [0.470, 0.570]",0.014,0.502
"acl_prefilter=True,ablate=score_quantize,variant=pad30",all,with_reranker,1920,threshold,rules,"0.500 [0.481, 0.519]","0.500 [0.453, 0.549]",0.000,0.500
"acl_prefilter=True,ablate=score_quantize,variant=pad30",all,with_reranker,1920,logreg,score,"0.500 [0.500, 0.500]","0.500 [0.500, 0.500]",0.000,0.500
"acl_prefilter=True,ablate=score_quantize,variant=pad30",all,with_reranker,1920,logreg,reranker,"0.500 [0.500, 0.500]","0.500 [0.500, 0.500]",0.000,0.500
"acl_prefilter=True,ablate=score_quantize,variant=pad30",all,with_reranker,1920,logreg,latency,"0.486 [0.460, 0.512]","0.480 [0.423, 0.533]",0.011,0.489
"acl_prefilter=True,ablate=score_quantize,variant=pad30",all,with_reranker,1920,logreg,refusal,"0.500 [0.500, 0.500]","0.500 [0.500, 0.500]",0.000,0.500
"acl_prefilter=True,ablate=score_quantize,variant=pad30",all,with_reranker,1920,logreg,content,"0.500 [0.500, 0.500]","0.500 [0.500, 0.500]",0.000,0.500
"acl_prefilter=True,ablate=score_quantize,variant=pad30",all,with_reranker,1920,logreg,combined,"0.490 [0.464, 0.516]","0.472 [0.418, 0.523]",0.007,0.488
"acl_prefilter=True,ablate=score_quantize,variant=pad30",all,with_reranker,1920,gboost,score,"0.500 [0.500, 0.500]","0.500 [0.500, 0.500]",0.000,0.500
"acl_prefilter=True,ablate=score_quantize,variant=pad30",all,with_reranker,1920,gboost,reranker,"0.500 [0.500, 0.500]","0.500 [0.500, 0.500]",0.000,0.500
"acl_prefilter=True,ablate=score_quantize,variant=pad30",all,with_reranker,1920,gboost,latency,"0.503 [0.475, 0.529]","0.511 [0.459, 0.560]",0.019,0.495
"acl_prefilter=True,ablate=score_quantize,variant=pad30",all,with_reranker,1920,gboost,refusal,"0.500 [0.500, 0.500]","0.500 [0.500, 0.500]",0.000,0.500
"acl_prefilter=True,ablate=score_quantize,variant=pad30",all,with_reranker,1920,gboost,content,"0.500 [0.500, 0.500]","0.500 [0.500, 0.500]",0.000,0.500
"acl_prefilter=True,ablate=score_quantize,variant=pad30",all,with_reranker,1920,gboost,combined,"0.510 [0.482, 0.537]","0.509 [0.456, 0.559]",0.015,0.504
"acl_prefilter=True,ablate=score_quantize,variant=deadline2s",insider,text_only,960,threshold,rules,"0.500 [0.497, 0.503]","0.500 [0.487, 0.512]",0.002,0.500
"acl_prefilter=True,ablate=score_quantize,variant=deadline2s",insider,text_only,960,logreg,score,"0.500 [0.500, 0.500]","0.500 [0.500, 0.500]",0.000,0.500
"acl_prefilter=True,ablate=score_quantize,variant=deadline2s",insider,text_only,960,logreg,reranker,"0.500 [0.500, 0.500]","0.500 [0.500, 0.500]",0.000,0.500
"acl_prefilter=True,ablate=score_quantize,variant=deadline2s",insider,text_only,960,logreg,latency,"0.500 [0.500, 0.500]","0.500 [0.500, 0.500]",0.000,0.500
"acl_prefilter=True,ablate=score_quantize,variant=deadline2s",insider,text_only,960,logreg,refusal,"0.500 [0.500, 0.500]","0.500 [0.500, 0.500]",0.000,0.500
"acl_prefilter=True,ablate=score_quantize,variant=deadline2s",insider,text_only,960,logreg,content,"0.500 [0.500, 0.500]","0.500 [0.500, 0.500]",0.000,0.500
"acl_prefilter=True,ablate=score_quantize,variant=deadline2s",insider,text_only,960,logreg,combined,"0.500 [0.500, 0.500]","0.500 [0.500, 0.500]",0.000,0.500
"acl_prefilter=True,ablate=score_quantize,variant=deadline2s",insider,text_only,960,gboost,score,"0.500 [0.500, 0.500]","0.500 [0.500, 0.500]",0.000,0.500
"acl_prefilter=True,ablate=score_quantize,variant=deadline2s",insider,text_only,960,gboost,reranker,"0.500 [0.500, 0.500]","0.500 [0.500, 0.500]",0.000,0.500
"acl_prefilter=True,ablate=score_quantize,variant=deadline2s",insider,text_only,960,gboost,latency,"0.500 [0.500, 0.500]","0.500 [0.500, 0.500]",0.000,0.500
"acl_prefilter=True,ablate=score_quantize,variant=deadline2s",insider,text_only,960,gboost,refusal,"0.500 [0.500, 0.500]","0.500 [0.500, 0.500]",0.000,0.500
"acl_prefilter=True,ablate=score_quantize,variant=deadline2s",insider,text_only,960,gboost,content,"0.500 [0.500, 0.500]","0.500 [0.500, 0.500]",0.000,0.500
"acl_prefilter=True,ablate=score_quantize,variant=deadline2s",insider,text_only,960,gboost,combined,"0.500 [0.500, 0.500]","0.500 [0.500, 0.500]",0.000,0.500
"acl_prefilter=True,ablate=score_quantize,variant=deadline2s",insider,with_sources,960,threshold,rules,"0.500 [0.475, 0.528]","0.500 [0.431, 0.568]",0.002,0.500
"acl_prefilter=True,ablate=score_quantize,variant=deadline2s",insider,with_sources,960,logreg,score,"0.500 [0.500, 0.500]","0.500 [0.500, 0.500]",0.000,0.500
"acl_prefilter=True,ablate=score_quantize,variant=deadline2s",insider,with_sources,960,logreg,reranker,"0.500 [0.500, 0.500]","0.500 [0.500, 0.500]",0.000,0.500
"acl_prefilter=True,ablate=score_quantize,variant=deadline2s",insider,with_sources,960,logreg,latency,"0.500 [0.500, 0.500]","0.500 [0.500, 0.500]",0.000,0.500
"acl_prefilter=True,ablate=score_quantize,variant=deadline2s",insider,with_sources,960,logreg,refusal,"0.500 [0.500, 0.500]","0.500 [0.500, 0.500]",0.000,0.500
"acl_prefilter=True,ablate=score_quantize,variant=deadline2s",insider,with_sources,960,logreg,content,"0.500 [0.500, 0.500]","0.500 [0.500, 0.500]",0.000,0.500
"acl_prefilter=True,ablate=score_quantize,variant=deadline2s",insider,with_sources,960,logreg,combined,"0.500 [0.500, 0.500]","0.500 [0.500, 0.500]",0.000,0.500
"acl_prefilter=True,ablate=score_quantize,variant=deadline2s",insider,with_sources,960,gboost,score,"0.500 [0.500, 0.500]","0.500 [0.500, 0.500]",0.000,0.500
"acl_prefilter=True,ablate=score_quantize,variant=deadline2s",insider,with_sources,960,gboost,reranker,"0.500 [0.500, 0.500]","0.500 [0.500, 0.500]",0.000,0.500
"acl_prefilter=True,ablate=score_quantize,variant=deadline2s",insider,with_sources,960,gboost,latency,"0.500 [0.500, 0.500]","0.500 [0.500, 0.500]",0.000,0.500
"acl_prefilter=True,ablate=score_quantize,variant=deadline2s",insider,with_sources,960,gboost,refusal,"0.500 [0.500, 0.500]","0.500 [0.500, 0.500]",0.000,0.500
"acl_prefilter=True,ablate=score_quantize,variant=deadline2s",insider,with_sources,960,gboost,content,"0.500 [0.500, 0.500]","0.500 [0.500, 0.500]",0.000,0.500
"acl_prefilter=True,ablate=score_quantize,variant=deadline2s",insider,with_sources,960,gboost,combined,"0.500 [0.500, 0.500]","0.500 [0.500, 0.500]",0.000,0.500
"acl_prefilter=True,ablate=score_quantize,variant=deadline2s",insider,with_reranker,960,threshold,rules,"0.500 [0.475, 0.528]","0.500 [0.431, 0.568]",0.002,0.500
"acl_prefilter=True,ablate=score_quantize,variant=deadline2s",insider,with_reranker,960,logreg,score,"0.500 [0.500, 0.500]","0.500 [0.500, 0.500]",0.000,0.500
"acl_prefilter=True,ablate=score_quantize,variant=deadline2s",insider,with_reranker,960,logreg,reranker,"0.500 [0.500, 0.500]","0.500 [0.500, 0.500]",0.000,0.500
"acl_prefilter=True,ablate=score_quantize,variant=deadline2s",insider,with_reranker,960,logreg,latency,"0.500 [0.500, 0.500]","0.500 [0.500, 0.500]",0.000,0.500
"acl_prefilter=True,ablate=score_quantize,variant=deadline2s",insider,with_reranker,960,logreg,refusal,"0.500 [0.500, 0.500]","0.500 [0.500, 0.500]",0.000,0.500
"acl_prefilter=True,ablate=score_quantize,variant=deadline2s",insider,with_reranker,960,logreg,content,"0.500 [0.500, 0.500]","0.500 [0.500, 0.500]",0.000,0.500
"acl_prefilter=True,ablate=score_quantize,variant=deadline2s",insider,with_reranker,960,logreg,combined,"0.500 [0.500, 0.500]","0.500 [0.500, 0.500]",0.000,0.500
"acl_prefilter=True,ablate=score_quantize,variant=deadline2s",insider,with_reranker,960,gboost,score,"0.500 [0.500, 0.500]","0.500 [0.500, 0.500]",0.000,0.500
"acl_prefilter=True,ablate=score_quantize,variant=deadline2s",insider,with_reranker,960,gboost,reranker,"0.500 [0.500, 0.500]","0.500 [0.500, 0.500]",0.000,0.500
"acl_prefilter=True,ablate=score_quantize,variant=deadline2s",insider,with_reranker,960,gboost,latency,"0.500 [0.500, 0.500]","0.500 [0.500, 0.500]",0.000,0.500
"acl_prefilter=True,ablate=score_quantize,variant=deadline2s",insider,with_reranker,960,gboost,refusal,"0.500 [0.500, 0.500]","0.500 [0.500, 0.500]",0.000,0.500
"acl_prefilter=True,ablate=score_quantize,variant=deadline2s",insider,with_reranker,960,gboost,content,"0.500 [0.500, 0.500]","0.500 [0.500, 0.500]",0.000,0.500
"acl_prefilter=True,ablate=score_quantize,variant=deadline2s",insider,with_reranker,960,gboost,combined,"0.500 [0.500, 0.500]","0.500 [0.500, 0.500]",0.000,0.500
"acl_prefilter=True,ablate=score_quantize,variant=deadline2s",outsider,text_only,960,threshold,rules,"0.500 [0.480, 0.519]","0.500 [0.458, 0.541]",0.000,0.500
"acl_prefilter=True,ablate=score_quantize,variant=deadline2s",outsider,text_only,960,logreg,score,"0.500 [0.500, 0.500]","0.500 [0.500, 0.500]",0.000,0.500
"acl_prefilter=True,ablate=score_quantize,variant=deadline2s",outsider,text_only,960,logreg,reranker,"0.500 [0.500, 0.500]","0.500 [0.500, 0.500]",0.000,0.500
"acl_prefilter=True,ablate=score_quantize,variant=deadline2s",outsider,text_only,960,logreg,latency,"0.500 [0.500, 0.500]","0.500 [0.500, 0.500]",0.000,0.500
"acl_prefilter=True,ablate=score_quantize,variant=deadline2s",outsider,text_only,960,logreg,refusal,"0.500 [0.500, 0.500]","0.500 [0.500, 0.500]",0.000,0.500
"acl_prefilter=True,ablate=score_quantize,variant=deadline2s",outsider,text_only,960,logreg,content,"0.500 [0.500, 0.500]","0.500 [0.500, 0.500]",0.000,0.500
"acl_prefilter=True,ablate=score_quantize,variant=deadline2s",outsider,text_only,960,logreg,combined,"0.500 [0.500, 0.500]","0.500 [0.500, 0.500]",0.000,0.500
"acl_prefilter=True,ablate=score_quantize,variant=deadline2s",outsider,text_only,960,gboost,score,"0.500 [0.500, 0.500]","0.500 [0.500, 0.500]",0.000,0.500
"acl_prefilter=True,ablate=score_quantize,variant=deadline2s",outsider,text_only,960,gboost,reranker,"0.500 [0.500, 0.500]","0.500 [0.500, 0.500]",0.000,0.500
"acl_prefilter=True,ablate=score_quantize,variant=deadline2s",outsider,text_only,960,gboost,latency,"0.500 [0.500, 0.500]","0.500 [0.500, 0.500]",0.000,0.500
"acl_prefilter=True,ablate=score_quantize,variant=deadline2s",outsider,text_only,960,gboost,refusal,"0.500 [0.500, 0.500]","0.500 [0.500, 0.500]",0.000,0.500
"acl_prefilter=True,ablate=score_quantize,variant=deadline2s",outsider,text_only,960,gboost,content,"0.500 [0.500, 0.500]","0.500 [0.500, 0.500]",0.000,0.500
"acl_prefilter=True,ablate=score_quantize,variant=deadline2s",outsider,text_only,960,gboost,combined,"0.500 [0.500, 0.500]","0.500 [0.500, 0.500]",0.000,0.500
"acl_prefilter=True,ablate=score_quantize,variant=deadline2s",outsider,with_sources,960,threshold,rules,"0.500 [0.471, 0.525]","0.500 [0.433, 0.568]",0.000,0.500
"acl_prefilter=True,ablate=score_quantize,variant=deadline2s",outsider,with_sources,960,logreg,score,"0.500 [0.500, 0.500]","0.500 [0.500, 0.500]",0.000,0.500
"acl_prefilter=True,ablate=score_quantize,variant=deadline2s",outsider,with_sources,960,logreg,reranker,"0.500 [0.500, 0.500]","0.500 [0.500, 0.500]",0.000,0.500
"acl_prefilter=True,ablate=score_quantize,variant=deadline2s",outsider,with_sources,960,logreg,latency,"0.500 [0.500, 0.500]","0.500 [0.500, 0.500]",0.000,0.500
"acl_prefilter=True,ablate=score_quantize,variant=deadline2s",outsider,with_sources,960,logreg,refusal,"0.500 [0.500, 0.500]","0.500 [0.500, 0.500]",0.000,0.500
"acl_prefilter=True,ablate=score_quantize,variant=deadline2s",outsider,with_sources,960,logreg,content,"0.500 [0.500, 0.500]","0.500 [0.500, 0.500]",0.000,0.500
"acl_prefilter=True,ablate=score_quantize,variant=deadline2s",outsider,with_sources,960,logreg,combined,"0.500 [0.500, 0.500]","0.500 [0.500, 0.500]",0.000,0.500
"acl_prefilter=True,ablate=score_quantize,variant=deadline2s",outsider,with_sources,960,gboost,score,"0.500 [0.500, 0.500]","0.500 [0.500, 0.500]",0.000,0.500
"acl_prefilter=True,ablate=score_quantize,variant=deadline2s",outsider,with_sources,960,gboost,reranker,"0.500 [0.500, 0.500]","0.500 [0.500, 0.500]",0.000,0.500
"acl_prefilter=True,ablate=score_quantize,variant=deadline2s",outsider,with_sources,960,gboost,latency,"0.500 [0.500, 0.500]","0.500 [0.500, 0.500]",0.000,0.500
"acl_prefilter=True,ablate=score_quantize,variant=deadline2s",outsider,with_sources,960,gboost,refusal,"0.500 [0.500, 0.500]","0.500 [0.500, 0.500]",0.000,0.500
"acl_prefilter=True,ablate=score_quantize,variant=deadline2s",outsider,with_sources,960,gboost,content,"0.500 [0.500, 0.500]","0.500 [0.500, 0.500]",0.000,0.500
"acl_prefilter=True,ablate=score_quantize,variant=deadline2s",outsider,with_sources,960,gboost,combined,"0.500 [0.500, 0.500]","0.500 [0.500, 0.500]",0.000,0.500
"acl_prefilter=True,ablate=score_quantize,variant=deadline2s",outsider,with_reranker,960,threshold,rules,"0.500 [0.471, 0.525]","0.500 [0.433, 0.568]",0.000,0.500
"acl_prefilter=True,ablate=score_quantize,variant=deadline2s",outsider,with_reranker,960,logreg,score,"0.500 [0.500, 0.500]","0.500 [0.500, 0.500]",0.000,0.500
"acl_prefilter=True,ablate=score_quantize,variant=deadline2s",outsider,with_reranker,960,logreg,reranker,"0.500 [0.500, 0.500]","0.500 [0.500, 0.500]",0.000,0.500
"acl_prefilter=True,ablate=score_quantize,variant=deadline2s",outsider,with_reranker,960,logreg,latency,"0.500 [0.500, 0.500]","0.500 [0.500, 0.500]",0.000,0.500
"acl_prefilter=True,ablate=score_quantize,variant=deadline2s",outsider,with_reranker,960,logreg,refusal,"0.500 [0.500, 0.500]","0.500 [0.500, 0.500]",0.000,0.500
"acl_prefilter=True,ablate=score_quantize,variant=deadline2s",outsider,with_reranker,960,logreg,content,"0.500 [0.500, 0.500]","0.500 [0.500, 0.500]",0.000,0.500
"acl_prefilter=True,ablate=score_quantize,variant=deadline2s",outsider,with_reranker,960,logreg,combined,"0.500 [0.500, 0.500]","0.500 [0.500, 0.500]",0.000,0.500
"acl_prefilter=True,ablate=score_quantize,variant=deadline2s",outsider,with_reranker,960,gboost,score,"0.500 [0.500, 0.500]","0.500 [0.500, 0.500]",0.000,0.500
"acl_prefilter=True,ablate=score_quantize,variant=deadline2s",outsider,with_reranker,960,gboost,reranker,"0.500 [0.500, 0.500]","0.500 [0.500, 0.500]",0.000,0.500
"acl_prefilter=True,ablate=score_quantize,variant=deadline2s",outsider,with_reranker,960,gboost,latency,"0.500 [0.500, 0.500]","0.500 [0.500, 0.500]",0.000,0.500
"acl_prefilter=True,ablate=score_quantize,variant=deadline2s",outsider,with_reranker,960,gboost,refusal,"0.500 [0.500, 0.500]","0.500 [0.500, 0.500]",0.000,0.500
"acl_prefilter=True,ablate=score_quantize,variant=deadline2s",outsider,with_reranker,960,gboost,content,"0.500 [0.500, 0.500]","0.500 [0.500, 0.500]",0.000,0.500
"acl_prefilter=True,ablate=score_quantize,variant=deadline2s",outsider,with_reranker,960,gboost,combined,"0.500 [0.500, 0.500]","0.500 [0.500, 0.500]",0.000,0.500
"acl_prefilter=True,ablate=score_quantize,variant=deadline2s",all,text_only,1920,threshold,rules,"0.500 [0.491, 0.510]","0.500 [0.478, 0.520]",0.000,0.500
"acl_prefilter=True,ablate=score_quantize,variant=deadline2s",all,text_only,1920,logreg,score,"0.500 [0.500, 0.500]","0.500 [0.500, 0.500]",0.000,0.500
"acl_prefilter=True,ablate=score_quantize,variant=deadline2s",all,text_only,1920,logreg,reranker,"0.500 [0.500, 0.500]","0.500 [0.500, 0.500]",0.000,0.500
"acl_prefilter=True,ablate=score_quantize,variant=deadline2s",all,text_only,1920,logreg,latency,"0.500 [0.500, 0.500]","0.500 [0.500, 0.500]",0.000,0.500
"acl_prefilter=True,ablate=score_quantize,variant=deadline2s",all,text_only,1920,logreg,refusal,"0.500 [0.500, 0.500]","0.500 [0.500, 0.500]",0.000,0.500
"acl_prefilter=True,ablate=score_quantize,variant=deadline2s",all,text_only,1920,logreg,content,"0.500 [0.500, 0.500]","0.500 [0.500, 0.500]",0.000,0.500
"acl_prefilter=True,ablate=score_quantize,variant=deadline2s",all,text_only,1920,logreg,combined,"0.500 [0.500, 0.500]","0.500 [0.500, 0.500]",0.000,0.500
"acl_prefilter=True,ablate=score_quantize,variant=deadline2s",all,text_only,1920,gboost,score,"0.500 [0.500, 0.500]","0.500 [0.500, 0.500]",0.000,0.500
"acl_prefilter=True,ablate=score_quantize,variant=deadline2s",all,text_only,1920,gboost,reranker,"0.500 [0.500, 0.500]","0.500 [0.500, 0.500]",0.000,0.500
"acl_prefilter=True,ablate=score_quantize,variant=deadline2s",all,text_only,1920,gboost,latency,"0.500 [0.500, 0.500]","0.500 [0.500, 0.500]",0.000,0.500
"acl_prefilter=True,ablate=score_quantize,variant=deadline2s",all,text_only,1920,gboost,refusal,"0.500 [0.500, 0.500]","0.500 [0.500, 0.500]",0.000,0.500
"acl_prefilter=True,ablate=score_quantize,variant=deadline2s",all,text_only,1920,gboost,content,"0.500 [0.500, 0.500]","0.500 [0.500, 0.500]",0.000,0.500
"acl_prefilter=True,ablate=score_quantize,variant=deadline2s",all,text_only,1920,gboost,combined,"0.500 [0.500, 0.500]","0.500 [0.500, 0.500]",0.000,0.500
"acl_prefilter=True,ablate=score_quantize,variant=deadline2s",all,with_sources,1920,threshold,rules,"0.500 [0.481, 0.519]","0.500 [0.453, 0.549]",0.000,0.500
"acl_prefilter=True,ablate=score_quantize,variant=deadline2s",all,with_sources,1920,logreg,score,"0.500 [0.500, 0.500]","0.500 [0.500, 0.500]",0.000,0.500
"acl_prefilter=True,ablate=score_quantize,variant=deadline2s",all,with_sources,1920,logreg,reranker,"0.500 [0.500, 0.500]","0.500 [0.500, 0.500]",0.000,0.500
"acl_prefilter=True,ablate=score_quantize,variant=deadline2s",all,with_sources,1920,logreg,latency,"0.500 [0.500, 0.500]","0.500 [0.500, 0.500]",0.000,0.500
"acl_prefilter=True,ablate=score_quantize,variant=deadline2s",all,with_sources,1920,logreg,refusal,"0.500 [0.500, 0.500]","0.500 [0.500, 0.500]",0.000,0.500
"acl_prefilter=True,ablate=score_quantize,variant=deadline2s",all,with_sources,1920,logreg,content,"0.500 [0.500, 0.500]","0.500 [0.500, 0.500]",0.000,0.500
"acl_prefilter=True,ablate=score_quantize,variant=deadline2s",all,with_sources,1920,logreg,combined,"0.500 [0.500, 0.500]","0.500 [0.500, 0.500]",0.000,0.500
"acl_prefilter=True,ablate=score_quantize,variant=deadline2s",all,with_sources,1920,gboost,score,"0.500 [0.500, 0.500]","0.500 [0.500, 0.500]",0.000,0.500
"acl_prefilter=True,ablate=score_quantize,variant=deadline2s",all,with_sources,1920,gboost,reranker,"0.500 [0.500, 0.500]","0.500 [0.500, 0.500]",0.000,0.500
"acl_prefilter=True,ablate=score_quantize,variant=deadline2s",all,with_sources,1920,gboost,latency,"0.500 [0.500, 0.500]","0.500 [0.500, 0.500]",0.000,0.500
"acl_prefilter=True,ablate=score_quantize,variant=deadline2s",all,with_sources,1920,gboost,refusal,"0.500 [0.500, 0.500]","0.500 [0.500, 0.500]",0.000,0.500
"acl_prefilter=True,ablate=score_quantize,variant=deadline2s",all,with_sources,1920,gboost,content,"0.500 [0.500, 0.500]","0.500 [0.500, 0.500]",0.000,0.500
"acl_prefilter=True,ablate=score_quantize,variant=deadline2s",all,with_sources,1920,gboost,combined,"0.500 [0.500, 0.500]","0.500 [0.500, 0.500]",0.000,0.500
"acl_prefilter=True,ablate=score_quantize,variant=deadline2s",all,with_reranker,1920,threshold,rules,"0.500 [0.481, 0.519]","0.500 [0.453, 0.549]",0.000,0.500
"acl_prefilter=True,ablate=score_quantize,variant=deadline2s",all,with_reranker,1920,logreg,score,"0.500 [0.500, 0.500]","0.500 [0.500, 0.500]",0.000,0.500
"acl_prefilter=True,ablate=score_quantize,variant=deadline2s",all,with_reranker,1920,logreg,reranker,"0.500 [0.500, 0.500]","0.500 [0.500, 0.500]",0.000,0.500
"acl_prefilter=True,ablate=score_quantize,variant=deadline2s",all,with_reranker,1920,logreg,latency,"0.500 [0.500, 0.500]","0.500 [0.500, 0.500]",0.000,0.500
"acl_prefilter=True,ablate=score_quantize,variant=deadline2s",all,with_reranker,1920,logreg,refusal,"0.500 [0.500, 0.500]","0.500 [0.500, 0.500]",0.000,0.500
"acl_prefilter=True,ablate=score_quantize,variant=deadline2s",all,with_reranker,1920,logreg,content,"0.500 [0.500, 0.500]","0.500 [0.500, 0.500]",0.000,0.500
"acl_prefilter=True,ablate=score_quantize,variant=deadline2s",all,with_reranker,1920,logreg,combined,"0.500 [0.500, 0.500]","0.500 [0.500, 0.500]",0.000,0.500
"acl_prefilter=True,ablate=score_quantize,variant=deadline2s",all,with_reranker,1920,gboost,score,"0.500 [0.500, 0.500]","0.500 [0.500, 0.500]",0.000,0.500
"acl_prefilter=True,ablate=score_quantize,variant=deadline2s",all,with_reranker,1920,gboost,reranker,"0.500 [0.500, 0.500]","0.500 [0.500, 0.500]",0.000,0.500
"acl_prefilter=True,ablate=score_quantize,variant=deadline2s",all,with_reranker,1920,gboost,latency,"0.500 [0.500, 0.500]","0.500 [0.500, 0.500]",0.000,0.500
"acl_prefilter=True,ablate=score_quantize,variant=deadline2s",all,with_reranker,1920,gboost,refusal,"0.500 [0.500, 0.500]","0.500 [0.500, 0.500]",0.000,0.500
"acl_prefilter=True,ablate=score_quantize,variant=deadline2s",all,with_reranker,1920,gboost,content,"0.500 [0.500, 0.500]","0.500 [0.500, 0.500]",0.000,0.500
"acl_prefilter=True,ablate=score_quantize,variant=deadline2s",all,with_reranker,1920,gboost,combined,"0.500 [0.500, 0.500]","0.500 [0.500, 0.500]",0.000,0.500
"acl_prefilter=True,ablate=uniform_refusal,variant=as_is",insider,text_only,960,threshold,rules,"0.500 [0.497, 0.503]","0.500 [0.487, 0.512]",0.002,0.500
"acl_prefilter=True,ablate=uniform_refusal,variant=as_is",insider,text_only,960,logreg,score,"0.500 [0.500, 0.500]","0.500 [0.500, 0.500]",0.000,0.500
"acl_prefilter=True,ablate=uniform_refusal,variant=as_is",insider,text_only,960,logreg,reranker,"0.500 [0.500, 0.500]","0.500 [0.500, 0.500]",0.000,0.500
"acl_prefilter=True,ablate=uniform_refusal,variant=as_is",insider,text_only,960,logreg,latency,"0.499 [0.464, 0.536]","0.496 [0.425, 0.561]",0.002,0.499
"acl_prefilter=True,ablate=uniform_refusal,variant=as_is",insider,text_only,960,logreg,refusal,"0.500 [0.500, 0.500]","0.500 [0.500, 0.500]",0.000,0.500
"acl_prefilter=True,ablate=uniform_refusal,variant=as_is",insider,text_only,960,logreg,content,"0.500 [0.500, 0.500]","0.500 [0.500, 0.500]",0.000,0.500
"acl_prefilter=True,ablate=uniform_refusal,variant=as_is",insider,text_only,960,logreg,combined,"0.506 [0.472, 0.541]","0.515 [0.445, 0.582]",0.010,0.501
"acl_prefilter=True,ablate=uniform_refusal,variant=as_is",insider,text_only,960,gboost,score,"0.500 [0.500, 0.500]","0.500 [0.500, 0.500]",0.000,0.500
"acl_prefilter=True,ablate=uniform_refusal,variant=as_is",insider,text_only,960,gboost,reranker,"0.500 [0.500, 0.500]","0.500 [0.500, 0.500]",0.000,0.500
"acl_prefilter=True,ablate=uniform_refusal,variant=as_is",insider,text_only,960,gboost,latency,"0.498 [0.464, 0.535]","0.485 [0.416, 0.551]",0.000,0.498
"acl_prefilter=True,ablate=uniform_refusal,variant=as_is",insider,text_only,960,gboost,refusal,"0.500 [0.500, 0.500]","0.500 [0.500, 0.500]",0.000,0.500
"acl_prefilter=True,ablate=uniform_refusal,variant=as_is",insider,text_only,960,gboost,content,"0.500 [0.500, 0.500]","0.500 [0.500, 0.500]",0.000,0.500
"acl_prefilter=True,ablate=uniform_refusal,variant=as_is",insider,text_only,960,gboost,combined,"0.513 [0.484, 0.545]","0.545 [0.477, 0.615]",0.015,0.505
"acl_prefilter=True,ablate=uniform_refusal,variant=as_is",insider,with_sources,960,threshold,rules,"0.500 [0.475, 0.528]","0.500 [0.431, 0.568]",0.002,0.500
"acl_prefilter=True,ablate=uniform_refusal,variant=as_is",insider,with_sources,960,logreg,score,"0.500 [0.500, 0.500]","0.500 [0.500, 0.500]",0.000,0.500
"acl_prefilter=True,ablate=uniform_refusal,variant=as_is",insider,with_sources,960,logreg,reranker,"0.500 [0.500, 0.500]","0.500 [0.500, 0.500]",0.000,0.500
"acl_prefilter=True,ablate=uniform_refusal,variant=as_is",insider,with_sources,960,logreg,latency,"0.499 [0.464, 0.536]","0.496 [0.425, 0.561]",0.002,0.499
"acl_prefilter=True,ablate=uniform_refusal,variant=as_is",insider,with_sources,960,logreg,refusal,"0.500 [0.500, 0.500]","0.500 [0.500, 0.500]",0.000,0.500
"acl_prefilter=True,ablate=uniform_refusal,variant=as_is",insider,with_sources,960,logreg,content,"0.500 [0.500, 0.500]","0.500 [0.500, 0.500]",0.000,0.500
"acl_prefilter=True,ablate=uniform_refusal,variant=as_is",insider,with_sources,960,logreg,combined,"0.513 [0.480, 0.546]","0.518 [0.440, 0.587]",0.015,0.502
"acl_prefilter=True,ablate=uniform_refusal,variant=as_is",insider,with_sources,960,gboost,score,"0.500 [0.500, 0.500]","0.500 [0.500, 0.500]",0.000,0.500
"acl_prefilter=True,ablate=uniform_refusal,variant=as_is",insider,with_sources,960,gboost,reranker,"0.500 [0.500, 0.500]","0.500 [0.500, 0.500]",0.000,0.500
"acl_prefilter=True,ablate=uniform_refusal,variant=as_is",insider,with_sources,960,gboost,latency,"0.498 [0.464, 0.535]","0.485 [0.416, 0.551]",0.000,0.498
"acl_prefilter=True,ablate=uniform_refusal,variant=as_is",insider,with_sources,960,gboost,refusal,"0.500 [0.500, 0.500]","0.500 [0.500, 0.500]",0.000,0.500
"acl_prefilter=True,ablate=uniform_refusal,variant=as_is",insider,with_sources,960,gboost,content,"0.500 [0.500, 0.500]","0.500 [0.500, 0.500]",0.000,0.500
"acl_prefilter=True,ablate=uniform_refusal,variant=as_is",insider,with_sources,960,gboost,combined,"0.527 [0.494, 0.564]","0.563 [0.488, 0.633]",0.019,0.514
"acl_prefilter=True,ablate=uniform_refusal,variant=as_is",insider,with_reranker,960,threshold,rules,"0.500 [0.475, 0.528]","0.500 [0.431, 0.568]",0.002,0.500
"acl_prefilter=True,ablate=uniform_refusal,variant=as_is",insider,with_reranker,960,logreg,score,"0.500 [0.500, 0.500]","0.500 [0.500, 0.500]",0.000,0.500
"acl_prefilter=True,ablate=uniform_refusal,variant=as_is",insider,with_reranker,960,logreg,reranker,"0.500 [0.500, 0.500]","0.500 [0.500, 0.500]",0.000,0.500
"acl_prefilter=True,ablate=uniform_refusal,variant=as_is",insider,with_reranker,960,logreg,latency,"0.499 [0.464, 0.536]","0.496 [0.425, 0.561]",0.002,0.499
"acl_prefilter=True,ablate=uniform_refusal,variant=as_is",insider,with_reranker,960,logreg,refusal,"0.500 [0.500, 0.500]","0.500 [0.500, 0.500]",0.000,0.500
"acl_prefilter=True,ablate=uniform_refusal,variant=as_is",insider,with_reranker,960,logreg,content,"0.500 [0.500, 0.500]","0.500 [0.500, 0.500]",0.000,0.500
"acl_prefilter=True,ablate=uniform_refusal,variant=as_is",insider,with_reranker,960,logreg,combined,"0.509 [0.475, 0.544]","0.512 [0.434, 0.585]",0.010,0.501
"acl_prefilter=True,ablate=uniform_refusal,variant=as_is",insider,with_reranker,960,gboost,score,"0.500 [0.500, 0.500]","0.500 [0.500, 0.500]",0.000,0.500
"acl_prefilter=True,ablate=uniform_refusal,variant=as_is",insider,with_reranker,960,gboost,reranker,"0.500 [0.500, 0.500]","0.500 [0.500, 0.500]",0.000,0.500
"acl_prefilter=True,ablate=uniform_refusal,variant=as_is",insider,with_reranker,960,gboost,latency,"0.498 [0.464, 0.535]","0.485 [0.416, 0.551]",0.000,0.498
"acl_prefilter=True,ablate=uniform_refusal,variant=as_is",insider,with_reranker,960,gboost,refusal,"0.500 [0.500, 0.500]","0.500 [0.500, 0.500]",0.000,0.500
"acl_prefilter=True,ablate=uniform_refusal,variant=as_is",insider,with_reranker,960,gboost,content,"0.500 [0.500, 0.500]","0.500 [0.500, 0.500]",0.000,0.500
"acl_prefilter=True,ablate=uniform_refusal,variant=as_is",insider,with_reranker,960,gboost,combined,"0.523 [0.490, 0.561]","0.556 [0.485, 0.625]",0.017,0.510
"acl_prefilter=True,ablate=uniform_refusal,variant=as_is",outsider,text_only,960,threshold,rules,"0.500 [0.480, 0.519]","0.500 [0.458, 0.541]",0.000,0.500
"acl_prefilter=True,ablate=uniform_refusal,variant=as_is",outsider,text_only,960,logreg,score,"0.500 [0.500, 0.500]","0.500 [0.500, 0.500]",0.000,0.500
"acl_prefilter=True,ablate=uniform_refusal,variant=as_is",outsider,text_only,960,logreg,reranker,"0.500 [0.500, 0.500]","0.500 [0.500, 0.500]",0.000,0.500
"acl_prefilter=True,ablate=uniform_refusal,variant=as_is",outsider,text_only,960,logreg,latency,"0.491 [0.455, 0.525]","0.481 [0.414, 0.544]",0.008,0.494
"acl_prefilter=True,ablate=uniform_refusal,variant=as_is",outsider,text_only,960,logreg,refusal,"0.500 [0.500, 0.500]","0.500 [0.500, 0.500]",0.000,0.500
"acl_prefilter=True,ablate=uniform_refusal,variant=as_is",outsider,text_only,960,logreg,content,"0.500 [0.500, 0.500]","0.500 [0.500, 0.500]",0.000,0.500
"acl_prefilter=True,ablate=uniform_refusal,variant=as_is",outsider,text_only,960,logreg,combined,"0.497 [0.463, 0.534]","0.476 [0.413, 0.543]",0.006,0.500
"acl_prefilter=True,ablate=uniform_refusal,variant=as_is",outsider,text_only,960,gboost,score,"0.500 [0.500, 0.500]","0.500 [0.500, 0.500]",0.000,0.500
"acl_prefilter=True,ablate=uniform_refusal,variant=as_is",outsider,text_only,960,gboost,reranker,"0.500 [0.500, 0.500]","0.500 [0.500, 0.500]",0.000,0.500
"acl_prefilter=True,ablate=uniform_refusal,variant=as_is",outsider,text_only,960,gboost,latency,"0.513 [0.477, 0.550]","0.512 [0.446, 0.574]",0.013,0.507
"acl_prefilter=True,ablate=uniform_refusal,variant=as_is",outsider,text_only,960,gboost,refusal,"0.500 [0.500, 0.500]","0.500 [0.500, 0.500]",0.000,0.500
"acl_prefilter=True,ablate=uniform_refusal,variant=as_is",outsider,text_only,960,gboost,content,"0.500 [0.500, 0.500]","0.500 [0.500, 0.500]",0.000,0.500
"acl_prefilter=True,ablate=uniform_refusal,variant=as_is",outsider,text_only,960,gboost,combined,"0.508 [0.469, 0.541]","0.501 [0.436, 0.566]",0.000,0.503
"acl_prefilter=True,ablate=uniform_refusal,variant=as_is",outsider,with_sources,960,threshold,rules,"0.500 [0.471, 0.525]","0.500 [0.433, 0.568]",0.000,0.500
"acl_prefilter=True,ablate=uniform_refusal,variant=as_is",outsider,with_sources,960,logreg,score,"0.500 [0.500, 0.500]","0.500 [0.500, 0.500]",0.000,0.500
"acl_prefilter=True,ablate=uniform_refusal,variant=as_is",outsider,with_sources,960,logreg,reranker,"0.500 [0.500, 0.500]","0.500 [0.500, 0.500]",0.000,0.500
"acl_prefilter=True,ablate=uniform_refusal,variant=as_is",outsider,with_sources,960,logreg,latency,"0.491 [0.455, 0.525]","0.481 [0.414, 0.544]",0.008,0.494
"acl_prefilter=True,ablate=uniform_refusal,variant=as_is",outsider,with_sources,960,logreg,refusal,"0.500 [0.500, 0.500]","0.500 [0.500, 0.500]",0.000,0.500
"acl_prefilter=True,ablate=uniform_refusal,variant=as_is",outsider,with_sources,960,logreg,content,"0.500 [0.500, 0.500]","0.500 [0.500, 0.500]",0.000,0.500
"acl_prefilter=True,ablate=uniform_refusal,variant=as_is",outsider,with_sources,960,logreg,combined,"0.495 [0.460, 0.531]","0.457 [0.384, 0.532]",0.006,0.497
"acl_prefilter=True,ablate=uniform_refusal,variant=as_is",outsider,with_sources,960,gboost,score,"0.500 [0.500, 0.500]","0.500 [0.500, 0.500]",0.000,0.500
"acl_prefilter=True,ablate=uniform_refusal,variant=as_is",outsider,with_sources,960,gboost,reranker,"0.500 [0.500, 0.500]","0.500 [0.500, 0.500]",0.000,0.500
"acl_prefilter=True,ablate=uniform_refusal,variant=as_is",outsider,with_sources,960,gboost,latency,"0.513 [0.477, 0.550]","0.512 [0.446, 0.574]",0.013,0.507
"acl_prefilter=True,ablate=uniform_refusal,variant=as_is",outsider,with_sources,960,gboost,refusal,"0.500 [0.500, 0.500]","0.500 [0.500, 0.500]",0.000,0.500
"acl_prefilter=True,ablate=uniform_refusal,variant=as_is",outsider,with_sources,960,gboost,content,"0.500 [0.500, 0.500]","0.500 [0.500, 0.500]",0.000,0.500
"acl_prefilter=True,ablate=uniform_refusal,variant=as_is",outsider,with_sources,960,gboost,combined,"0.505 [0.469, 0.542]","0.499 [0.432, 0.571]",0.000,0.503
"acl_prefilter=True,ablate=uniform_refusal,variant=as_is",outsider,with_reranker,960,threshold,rules,"0.500 [0.471, 0.525]","0.500 [0.433, 0.568]",0.000,0.500
"acl_prefilter=True,ablate=uniform_refusal,variant=as_is",outsider,with_reranker,960,logreg,score,"0.500 [0.500, 0.500]","0.500 [0.500, 0.500]",0.000,0.500
"acl_prefilter=True,ablate=uniform_refusal,variant=as_is",outsider,with_reranker,960,logreg,reranker,"0.500 [0.500, 0.500]","0.500 [0.500, 0.500]",0.000,0.500
"acl_prefilter=True,ablate=uniform_refusal,variant=as_is",outsider,with_reranker,960,logreg,latency,"0.491 [0.455, 0.525]","0.481 [0.414, 0.544]",0.008,0.494
"acl_prefilter=True,ablate=uniform_refusal,variant=as_is",outsider,with_reranker,960,logreg,refusal,"0.500 [0.500, 0.500]","0.500 [0.500, 0.500]",0.000,0.500
"acl_prefilter=True,ablate=uniform_refusal,variant=as_is",outsider,with_reranker,960,logreg,content,"0.500 [0.500, 0.500]","0.500 [0.500, 0.500]",0.000,0.500
"acl_prefilter=True,ablate=uniform_refusal,variant=as_is",outsider,with_reranker,960,logreg,combined,"0.494 [0.459, 0.531]","0.473 [0.406, 0.545]",0.006,0.498
"acl_prefilter=True,ablate=uniform_refusal,variant=as_is",outsider,with_reranker,960,gboost,score,"0.500 [0.500, 0.500]","0.500 [0.500, 0.500]",0.000,0.500
"acl_prefilter=True,ablate=uniform_refusal,variant=as_is",outsider,with_reranker,960,gboost,reranker,"0.500 [0.500, 0.500]","0.500 [0.500, 0.500]",0.000,0.500
"acl_prefilter=True,ablate=uniform_refusal,variant=as_is",outsider,with_reranker,960,gboost,latency,"0.513 [0.477, 0.550]","0.512 [0.446, 0.574]",0.013,0.507
"acl_prefilter=True,ablate=uniform_refusal,variant=as_is",outsider,with_reranker,960,gboost,refusal,"0.500 [0.500, 0.500]","0.500 [0.500, 0.500]",0.000,0.500
"acl_prefilter=True,ablate=uniform_refusal,variant=as_is",outsider,with_reranker,960,gboost,content,"0.500 [0.500, 0.500]","0.500 [0.500, 0.500]",0.000,0.500
"acl_prefilter=True,ablate=uniform_refusal,variant=as_is",outsider,with_reranker,960,gboost,combined,"0.506 [0.471, 0.542]","0.521 [0.452, 0.590]",0.002,0.502
"acl_prefilter=True,ablate=uniform_refusal,variant=as_is",all,text_only,1920,threshold,rules,"0.500 [0.491, 0.510]","0.500 [0.478, 0.520]",0.000,0.500
"acl_prefilter=True,ablate=uniform_refusal,variant=as_is",all,text_only,1920,logreg,score,"0.500 [0.500, 0.500]","0.500 [0.500, 0.500]",0.000,0.500
"acl_prefilter=True,ablate=uniform_refusal,variant=as_is",all,text_only,1920,logreg,reranker,"0.500 [0.500, 0.500]","0.500 [0.500, 0.500]",0.000,0.500
"acl_prefilter=True,ablate=uniform_refusal,variant=as_is",all,text_only,1920,logreg,latency,"0.496 [0.471, 0.521]","0.492 [0.443, 0.538]",0.007,0.497
"acl_prefilter=True,ablate=uniform_refusal,variant=as_is",all,text_only,1920,logreg,refusal,"0.500 [0.500, 0.500]","0.500 [0.500, 0.500]",0.000,0.500
"acl_prefilter=True,ablate=uniform_refusal,variant=as_is",all,text_only,1920,logreg,content,"0.500 [0.500, 0.500]","0.500 [0.500, 0.500]",0.000,0.500
"acl_prefilter=True,ablate=uniform_refusal,variant=as_is",all,text_only,1920,logreg,combined,"0.500 [0.474, 0.524]","0.486 [0.439, 0.532]",0.007,0.499
"acl_prefilter=True,ablate=uniform_refusal,variant=as_is",all,text_only,1920,gboost,score,"0.500 [0.500, 0.500]","0.500 [0.500, 0.500]",0.000,0.500
"acl_prefilter=True,ablate=uniform_refusal,variant=as_is",all,text_only,1920,gboost,reranker,"0.500 [0.500, 0.500]","0.500 [0.500, 0.500]",0.000,0.500
"acl_prefilter=True,ablate=uniform_refusal,variant=as_is",all,text_only,1920,gboost,latency,"0.504 [0.479, 0.528]","0.504 [0.459, 0.550]",0.010,0.500
"acl_prefilter=True,ablate=uniform_refusal,variant=as_is",all,text_only,1920,gboost,refusal,"0.500 [0.500, 0.500]","0.500 [0.500, 0.500]",0.000,0.500
"acl_prefilter=True,ablate=uniform_refusal,variant=as_is",all,text_only,1920,gboost,content,"0.500 [0.500, 0.500]","0.500 [0.500, 0.500]",0.000,0.500
"acl_prefilter=True,ablate=uniform_refusal,variant=as_is",all,text_only,1920,gboost,combined,"0.502 [0.475, 0.526]","0.498 [0.450, 0.548]",0.011,0.501
"acl_prefilter=True,ablate=uniform_refusal,variant=as_is",all,with_sources,1920,threshold,rules,"0.500 [0.481, 0.519]","0.500 [0.453, 0.549]",0.000,0.500
"acl_prefilter=True,ablate=uniform_refusal,variant=as_is",all,with_sources,1920,logreg,score,"0.500 [0.500, 0.500]","0.500 [0.500, 0.500]",0.000,0.500
"acl_prefilter=True,ablate=uniform_refusal,variant=as_is",all,with_sources,1920,logreg,reranker,"0.500 [0.500, 0.500]","0.500 [0.500, 0.500]",0.000,0.500
"acl_prefilter=True,ablate=uniform_refusal,variant=as_is",all,with_sources,1920,logreg,latency,"0.496 [0.471, 0.521]","0.492 [0.443, 0.538]",0.007,0.497
"acl_prefilter=True,ablate=uniform_refusal,variant=as_is",all,with_sources,1920,logreg,refusal,"0.500 [0.500, 0.500]","0.500 [0.500, 0.500]",0.000,0.500
"acl_prefilter=True,ablate=uniform_refusal,variant=as_is",all,with_sources,1920,logreg,content,"0.500 [0.500, 0.500]","0.500 [0.500, 0.500]",0.000,0.500
"acl_prefilter=True,ablate=uniform_refusal,variant=as_is",all,with_sources,1920,logreg,combined,"0.504 [0.477, 0.529]","0.492 [0.444, 0.544]",0.009,0.503
"acl_prefilter=True,ablate=uniform_refusal,variant=as_is",all,with_sources,1920,gboost,score,"0.500 [0.500, 0.500]","0.500 [0.500, 0.500]",0.000,0.500
"acl_prefilter=True,ablate=uniform_refusal,variant=as_is",all,with_sources,1920,gboost,reranker,"0.500 [0.500, 0.500]","0.500 [0.500, 0.500]",0.000,0.500
"acl_prefilter=True,ablate=uniform_refusal,variant=as_is",all,with_sources,1920,gboost,latency,"0.504 [0.479, 0.528]","0.504 [0.459, 0.550]",0.010,0.500
"acl_prefilter=True,ablate=uniform_refusal,variant=as_is",all,with_sources,1920,gboost,refusal,"0.500 [0.500, 0.500]","0.500 [0.500, 0.500]",0.000,0.500
"acl_prefilter=True,ablate=uniform_refusal,variant=as_is",all,with_sources,1920,gboost,content,"0.500 [0.500, 0.500]","0.500 [0.500, 0.500]",0.000,0.500
"acl_prefilter=True,ablate=uniform_refusal,variant=as_is",all,with_sources,1920,gboost,combined,"0.505 [0.478, 0.530]","0.504 [0.451, 0.556]",0.014,0.502
"acl_prefilter=True,ablate=uniform_refusal,variant=as_is",all,with_reranker,1920,threshold,rules,"0.500 [0.481, 0.519]","0.500 [0.453, 0.549]",0.000,0.500
"acl_prefilter=True,ablate=uniform_refusal,variant=as_is",all,with_reranker,1920,logreg,score,"0.500 [0.500, 0.500]","0.500 [0.500, 0.500]",0.000,0.500
"acl_prefilter=True,ablate=uniform_refusal,variant=as_is",all,with_reranker,1920,logreg,reranker,"0.500 [0.500, 0.500]","0.500 [0.500, 0.500]",0.000,0.500
"acl_prefilter=True,ablate=uniform_refusal,variant=as_is",all,with_reranker,1920,logreg,latency,"0.496 [0.471, 0.521]","0.492 [0.443, 0.538]",0.007,0.497
"acl_prefilter=True,ablate=uniform_refusal,variant=as_is",all,with_reranker,1920,logreg,refusal,"0.500 [0.500, 0.500]","0.500 [0.500, 0.500]",0.000,0.500
"acl_prefilter=True,ablate=uniform_refusal,variant=as_is",all,with_reranker,1920,logreg,content,"0.500 [0.500, 0.500]","0.500 [0.500, 0.500]",0.000,0.500
"acl_prefilter=True,ablate=uniform_refusal,variant=as_is",all,with_reranker,1920,logreg,combined,"0.504 [0.478, 0.529]","0.493 [0.444, 0.545]",0.009,0.502
"acl_prefilter=True,ablate=uniform_refusal,variant=as_is",all,with_reranker,1920,gboost,score,"0.500 [0.500, 0.500]","0.500 [0.500, 0.500]",0.000,0.500
"acl_prefilter=True,ablate=uniform_refusal,variant=as_is",all,with_reranker,1920,gboost,reranker,"0.500 [0.500, 0.500]","0.500 [0.500, 0.500]",0.000,0.500
"acl_prefilter=True,ablate=uniform_refusal,variant=as_is",all,with_reranker,1920,gboost,latency,"0.504 [0.479, 0.528]","0.504 [0.459, 0.550]",0.010,0.500
"acl_prefilter=True,ablate=uniform_refusal,variant=as_is",all,with_reranker,1920,gboost,refusal,"0.500 [0.500, 0.500]","0.500 [0.500, 0.500]",0.000,0.500
"acl_prefilter=True,ablate=uniform_refusal,variant=as_is",all,with_reranker,1920,gboost,content,"0.500 [0.500, 0.500]","0.500 [0.500, 0.500]",0.000,0.500
"acl_prefilter=True,ablate=uniform_refusal,variant=as_is",all,with_reranker,1920,gboost,combined,"0.505 [0.477, 0.530]","0.510 [0.456, 0.562]",0.018,0.502
"acl_prefilter=True,ablate=uniform_refusal,variant=fast_refusal",insider,text_only,960,threshold,rules,"0.500 [0.497, 0.503]","0.500 [0.487, 0.512]",0.002,0.500
"acl_prefilter=True,ablate=uniform_refusal,variant=fast_refusal",insider,text_only,960,logreg,score,"0.500 [0.500, 0.500]","0.500 [0.500, 0.500]",0.000,0.500
"acl_prefilter=True,ablate=uniform_refusal,variant=fast_refusal",insider,text_only,960,logreg,reranker,"0.500 [0.500, 0.500]","0.500 [0.500, 0.500]",0.000,0.500
"acl_prefilter=True,ablate=uniform_refusal,variant=fast_refusal",insider,text_only,960,logreg,latency,"0.508 [0.472, 0.545]","0.511 [0.442, 0.578]",0.002,0.501
"acl_prefilter=True,ablate=uniform_refusal,variant=fast_refusal",insider,text_only,960,logreg,refusal,"0.500 [0.500, 0.500]","0.500 [0.500, 0.500]",0.000,0.500
"acl_prefilter=True,ablate=uniform_refusal,variant=fast_refusal",insider,text_only,960,logreg,content,"0.500 [0.500, 0.500]","0.500 [0.500, 0.500]",0.000,0.500
"acl_prefilter=True,ablate=uniform_refusal,variant=fast_refusal",insider,text_only,960,logreg,combined,"0.515 [0.478, 0.552]","0.527 [0.456, 0.595]",0.002,0.508
"acl_prefilter=True,ablate=uniform_refusal,variant=fast_refusal",insider,text_only,960,gboost,score,"0.500 [0.500, 0.500]","0.500 [0.500, 0.500]",0.000,0.500
"acl_prefilter=True,ablate=uniform_refusal,variant=fast_refusal",insider,text_only,960,gboost,reranker,"0.500 [0.500, 0.500]","0.500 [0.500, 0.500]",0.000,0.500
"acl_prefilter=True,ablate=uniform_refusal,variant=fast_refusal",insider,text_only,960,gboost,latency,"0.509 [0.474, 0.545]","0.514 [0.440, 0.580]",0.000,0.508
"acl_prefilter=True,ablate=uniform_refusal,variant=fast_refusal",insider,text_only,960,gboost,refusal,"0.500 [0.500, 0.500]","0.500 [0.500, 0.500]",0.000,0.500
"acl_prefilter=True,ablate=uniform_refusal,variant=fast_refusal",insider,text_only,960,gboost,content,"0.500 [0.500, 0.500]","0.500 [0.500, 0.500]",0.000,0.500
"acl_prefilter=True,ablate=uniform_refusal,variant=fast_refusal",insider,text_only,960,gboost,combined,"0.510 [0.475, 0.544]","0.515 [0.442, 0.581]",0.008,0.505
"acl_prefilter=True,ablate=uniform_refusal,variant=fast_refusal",insider,with_sources,960,threshold,rules,"0.500 [0.475, 0.528]","0.500 [0.431, 0.568]",0.002,0.500
"acl_prefilter=True,ablate=uniform_refusal,variant=fast_refusal",insider,with_sources,960,logreg,score,"0.500 [0.500, 0.500]","0.500 [0.500, 0.500]",0.000,0.500
"acl_prefilter=True,ablate=uniform_refusal,variant=fast_refusal",insider,with_sources,960,logreg,reranker,"0.500 [0.500, 0.500]","0.500 [0.500, 0.500]",0.000,0.500
"acl_prefilter=True,ablate=uniform_refusal,variant=fast_refusal",insider,with_sources,960,logreg,latency,"0.508 [0.472, 0.545]","0.511 [0.442, 0.578]",0.002,0.501
"acl_prefilter=True,ablate=uniform_refusal,variant=fast_refusal",insider,with_sources,960,logreg,refusal,"0.500 [0.500, 0.500]","0.500 [0.500, 0.500]",0.000,0.500
"acl_prefilter=True,ablate=uniform_refusal,variant=fast_refusal",insider,with_sources,960,logreg,content,"0.500 [0.500, 0.500]","0.500 [0.500, 0.500]",0.000,0.500
"acl_prefilter=True,ablate=uniform_refusal,variant=fast_refusal",insider,with_sources,960,logreg,combined,"0.510 [0.477, 0.547]","0.532 [0.456, 0.601]",0.002,0.505
"acl_prefilter=True,ablate=uniform_refusal,variant=fast_refusal",insider,with_sources,960,gboost,score,"0.500 [0.500, 0.500]","0.500 [0.500, 0.500]",0.000,0.500
"acl_prefilter=True,ablate=uniform_refusal,variant=fast_refusal",insider,with_sources,960,gboost,reranker,"0.500 [0.500, 0.500]","0.500 [0.500, 0.500]",0.000,0.500
"acl_prefilter=True,ablate=uniform_refusal,variant=fast_refusal",insider,with_sources,960,gboost,latency,"0.509 [0.474, 0.545]","0.514 [0.440, 0.580]",0.000,0.508
"acl_prefilter=True,ablate=uniform_refusal,variant=fast_refusal",insider,with_sources,960,gboost,refusal,"0.500 [0.500, 0.500]","0.500 [0.500, 0.500]",0.000,0.500
"acl_prefilter=True,ablate=uniform_refusal,variant=fast_refusal",insider,with_sources,960,gboost,content,"0.500 [0.500, 0.500]","0.500 [0.500, 0.500]",0.000,0.500
"acl_prefilter=True,ablate=uniform_refusal,variant=fast_refusal",insider,with_sources,960,gboost,combined,"0.507 [0.473, 0.542]","0.522 [0.452, 0.588]",0.006,0.505
"acl_prefilter=True,ablate=uniform_refusal,variant=fast_refusal",insider,with_reranker,960,threshold,rules,"0.500 [0.475, 0.528]","0.500 [0.431, 0.568]",0.002,0.500
"acl_prefilter=True,ablate=uniform_refusal,variant=fast_refusal",insider,with_reranker,960,logreg,score,"0.500 [0.500, 0.500]","0.500 [0.500, 0.500]",0.000,0.500
"acl_prefilter=True,ablate=uniform_refusal,variant=fast_refusal",insider,with_reranker,960,logreg,reranker,"0.500 [0.500, 0.500]","0.500 [0.500, 0.500]",0.000,0.500
"acl_prefilter=True,ablate=uniform_refusal,variant=fast_refusal",insider,with_reranker,960,logreg,latency,"0.508 [0.472, 0.545]","0.511 [0.442, 0.578]",0.002,0.501
"acl_prefilter=True,ablate=uniform_refusal,variant=fast_refusal",insider,with_reranker,960,logreg,refusal,"0.500 [0.500, 0.500]","0.500 [0.500, 0.500]",0.000,0.500
"acl_prefilter=True,ablate=uniform_refusal,variant=fast_refusal",insider,with_reranker,960,logreg,content,"0.500 [0.500, 0.500]","0.500 [0.500, 0.500]",0.000,0.500
"acl_prefilter=True,ablate=uniform_refusal,variant=fast_refusal",insider,with_reranker,960,logreg,combined,"0.513 [0.479, 0.550]","0.532 [0.456, 0.601]",0.000,0.507
"acl_prefilter=True,ablate=uniform_refusal,variant=fast_refusal",insider,with_reranker,960,gboost,score,"0.500 [0.500, 0.500]","0.500 [0.500, 0.500]",0.000,0.500
"acl_prefilter=True,ablate=uniform_refusal,variant=fast_refusal",insider,with_reranker,960,gboost,reranker,"0.500 [0.500, 0.500]","0.500 [0.500, 0.500]",0.000,0.500
"acl_prefilter=True,ablate=uniform_refusal,variant=fast_refusal",insider,with_reranker,960,gboost,latency,"0.509 [0.474, 0.545]","0.514 [0.440, 0.580]",0.000,0.508
"acl_prefilter=True,ablate=uniform_refusal,variant=fast_refusal",insider,with_reranker,960,gboost,refusal,"0.500 [0.500, 0.500]","0.500 [0.500, 0.500]",0.000,0.500
"acl_prefilter=True,ablate=uniform_refusal,variant=fast_refusal",insider,with_reranker,960,gboost,content,"0.500 [0.500, 0.500]","0.500 [0.500, 0.500]",0.000,0.500
"acl_prefilter=True,ablate=uniform_refusal,variant=fast_refusal",insider,with_reranker,960,gboost,combined,"0.504 [0.468, 0.539]","0.515 [0.444, 0.583]",0.006,0.502
"acl_prefilter=True,ablate=uniform_refusal,variant=fast_refusal",outsider,text_only,960,threshold,rules,"0.500 [0.480, 0.519]","0.500 [0.458, 0.541]",0.000,0.500
"acl_prefilter=True,ablate=uniform_refusal,variant=fast_refusal",outsider,text_only,960,logreg,score,"0.500 [0.500, 0.500]","0.500 [0.500, 0.500]",0.000,0.500
"acl_prefilter=True,ablate=uniform_refusal,variant=fast_refusal",outsider,text_only,960,logreg,reranker,"0.500 [0.500, 0.500]","0.500 [0.500, 0.500]",0.000,0.500
"acl_prefilter=True,ablate=uniform_refusal,variant=fast_refusal",outsider,text_only,960,logreg,latency,"0.497 [0.462, 0.533]","0.489 [0.416, 0.564]",0.000,0.494
"acl_prefilter=True,ablate=uniform_refusal,variant=fast_refusal",outsider,text_only,960,logreg,refusal,"0.500 [0.500, 0.500]","0.500 [0.500, 0.500]",0.000,0.500
"acl_prefilter=True,ablate=uniform_refusal,variant=fast_refusal",outsider,text_only,960,logreg,content,"0.500 [0.500, 0.500]","0.500 [0.500, 0.500]",0.000,0.500
"acl_prefilter=True,ablate=uniform_refusal,variant=fast_refusal",outsider,text_only,960,logreg,combined,"0.496 [0.461, 0.530]","0.493 [0.422, 0.570]",0.006,0.494
"acl_prefilter=True,ablate=uniform_refusal,variant=fast_refusal",outsider,text_only,960,gboost,score,"0.500 [0.500, 0.500]","0.500 [0.500, 0.500]",0.000,0.500
"acl_prefilter=True,ablate=uniform_refusal,variant=fast_refusal",outsider,text_only,960,gboost,reranker,"0.500 [0.500, 0.500]","0.500 [0.500, 0.500]",0.000,0.500
"acl_prefilter=True,ablate=uniform_refusal,variant=fast_refusal",outsider,text_only,960,gboost,latency,"0.503 [0.467, 0.540]","0.492 [0.424, 0.564]",0.006,0.496
"acl_prefilter=True,ablate=uniform_refusal,variant=fast_refusal",outsider,text_only,960,gboost,refusal,"0.500 [0.500, 0.500]","0.500 [0.500, 0.500]",0.000,0.500
"acl_prefilter=True,ablate=uniform_refusal,variant=fast_refusal",outsider,text_only,960,gboost,content,"0.500 [0.500, 0.500]","0.500 [0.500, 0.500]",0.000,0.500
"acl_prefilter=True,ablate=uniform_refusal,variant=fast_refusal",outsider,text_only,960,gboost,combined,"0.491 [0.456, 0.528]","0.482 [0.409, 0.554]",0.006,0.494
"acl_prefilter=True,ablate=uniform_refusal,variant=fast_refusal",outsider,with_sources,960,threshold,rules,"0.500 [0.471, 0.525]","0.500 [0.433, 0.568]",0.000,0.500
"acl_prefilter=True,ablate=uniform_refusal,variant=fast_refusal",outsider,with_sources,960,logreg,score,"0.500 [0.500, 0.500]","0.500 [0.500, 0.500]",0.000,0.500
"acl_prefilter=True,ablate=uniform_refusal,variant=fast_refusal",outsider,with_sources,960,logreg,reranker,"0.500 [0.500, 0.500]","0.500 [0.500, 0.500]",0.000,0.500
"acl_prefilter=True,ablate=uniform_refusal,variant=fast_refusal",outsider,with_sources,960,logreg,latency,"0.497 [0.462, 0.533]","0.489 [0.416, 0.564]",0.000,0.494
"acl_prefilter=True,ablate=uniform_refusal,variant=fast_refusal",outsider,with_sources,960,logreg,refusal,"0.500 [0.500, 0.500]","0.500 [0.500, 0.500]",0.000,0.500
"acl_prefilter=True,ablate=uniform_refusal,variant=fast_refusal",outsider,with_sources,960,logreg,content,"0.500 [0.500, 0.500]","0.500 [0.500, 0.500]",0.000,0.500
"acl_prefilter=True,ablate=uniform_refusal,variant=fast_refusal",outsider,with_sources,960,logreg,combined,"0.491 [0.455, 0.527]","0.483 [0.409, 0.562]",0.006,0.493
"acl_prefilter=True,ablate=uniform_refusal,variant=fast_refusal",outsider,with_sources,960,gboost,score,"0.500 [0.500, 0.500]","0.500 [0.500, 0.500]",0.000,0.500
"acl_prefilter=True,ablate=uniform_refusal,variant=fast_refusal",outsider,with_sources,960,gboost,reranker,"0.500 [0.500, 0.500]","0.500 [0.500, 0.500]",0.000,0.500
"acl_prefilter=True,ablate=uniform_refusal,variant=fast_refusal",outsider,with_sources,960,gboost,latency,"0.503 [0.467, 0.540]","0.492 [0.424, 0.564]",0.006,0.496
"acl_prefilter=True,ablate=uniform_refusal,variant=fast_refusal",outsider,with_sources,960,gboost,refusal,"0.500 [0.500, 0.500]","0.500 [0.500, 0.500]",0.000,0.500
"acl_prefilter=True,ablate=uniform_refusal,variant=fast_refusal",outsider,with_sources,960,gboost,content,"0.500 [0.500, 0.500]","0.500 [0.500, 0.500]",0.000,0.500
"acl_prefilter=True,ablate=uniform_refusal,variant=fast_refusal",outsider,with_sources,960,gboost,combined,"0.497 [0.459, 0.536]","0.488 [0.418, 0.560]",0.006,0.498
"acl_prefilter=True,ablate=uniform_refusal,variant=fast_refusal",outsider,with_reranker,960,threshold,rules,"0.500 [0.471, 0.525]","0.500 [0.433, 0.568]",0.000,0.500
"acl_prefilter=True,ablate=uniform_refusal,variant=fast_refusal",outsider,with_reranker,960,logreg,score,"0.500 [0.500, 0.500]","0.500 [0.500, 0.500]",0.000,0.500
"acl_prefilter=True,ablate=uniform_refusal,variant=fast_refusal",outsider,with_reranker,960,logreg,reranker,"0.500 [0.500, 0.500]","0.500 [0.500, 0.500]",0.000,0.500
"acl_prefilter=True,ablate=uniform_refusal,variant=fast_refusal",outsider,with_reranker,960,logreg,latency,"0.497 [0.462, 0.533]","0.489 [0.416, 0.564]",0.000,0.494
"acl_prefilter=True,ablate=uniform_refusal,variant=fast_refusal",outsider,with_reranker,960,logreg,refusal,"0.500 [0.500, 0.500]","0.500 [0.500, 0.500]",0.000,0.500
"acl_prefilter=True,ablate=uniform_refusal,variant=fast_refusal",outsider,with_reranker,960,logreg,content,"0.500 [0.500, 0.500]","0.500 [0.500, 0.500]",0.000,0.500
"acl_prefilter=True,ablate=uniform_refusal,variant=fast_refusal",outsider,with_reranker,960,logreg,combined,"0.494 [0.455, 0.530]","0.481 [0.405, 0.558]",0.008,0.493
"acl_prefilter=True,ablate=uniform_refusal,variant=fast_refusal",outsider,with_reranker,960,gboost,score,"0.500 [0.500, 0.500]","0.500 [0.500, 0.500]",0.000,0.500
"acl_prefilter=True,ablate=uniform_refusal,variant=fast_refusal",outsider,with_reranker,960,gboost,reranker,"0.500 [0.500, 0.500]","0.500 [0.500, 0.500]",0.000,0.500
"acl_prefilter=True,ablate=uniform_refusal,variant=fast_refusal",outsider,with_reranker,960,gboost,latency,"0.503 [0.467, 0.540]","0.492 [0.424, 0.564]",0.006,0.496
"acl_prefilter=True,ablate=uniform_refusal,variant=fast_refusal",outsider,with_reranker,960,gboost,refusal,"0.500 [0.500, 0.500]","0.500 [0.500, 0.500]",0.000,0.500
"acl_prefilter=True,ablate=uniform_refusal,variant=fast_refusal",outsider,with_reranker,960,gboost,content,"0.500 [0.500, 0.500]","0.500 [0.500, 0.500]",0.000,0.500
"acl_prefilter=True,ablate=uniform_refusal,variant=fast_refusal",outsider,with_reranker,960,gboost,combined,"0.488 [0.450, 0.527]","0.468 [0.400, 0.542]",0.006,0.492
"acl_prefilter=True,ablate=uniform_refusal,variant=fast_refusal",all,text_only,1920,threshold,rules,"0.500 [0.491, 0.510]","0.500 [0.478, 0.520]",0.000,0.500
"acl_prefilter=True,ablate=uniform_refusal,variant=fast_refusal",all,text_only,1920,logreg,score,"0.500 [0.500, 0.500]","0.500 [0.500, 0.500]",0.000,0.500
"acl_prefilter=True,ablate=uniform_refusal,variant=fast_refusal",all,text_only,1920,logreg,reranker,"0.500 [0.500, 0.500]","0.500 [0.500, 0.500]",0.000,0.500
"acl_prefilter=True,ablate=uniform_refusal,variant=fast_refusal",all,text_only,1920,logreg,latency,"0.504 [0.480, 0.532]","0.507 [0.455, 0.557]",0.000,0.501
"acl_prefilter=True,ablate=uniform_refusal,variant=fast_refusal",all,text_only,1920,logreg,refusal,"0.500 [0.500, 0.500]","0.500 [0.500, 0.500]",0.000,0.500
"acl_prefilter=True,ablate=uniform_refusal,variant=fast_refusal",all,text_only,1920,logreg,content,"0.500 [0.500, 0.500]","0.500 [0.500, 0.500]",0.000,0.500
"acl_prefilter=True,ablate=uniform_refusal,variant=fast_refusal",all,text_only,1920,logreg,combined,"0.503 [0.478, 0.530]","0.507 [0.457, 0.556]",0.009,0.501
"acl_prefilter=True,ablate=uniform_refusal,variant=fast_refusal",all,text_only,1920,gboost,score,"0.500 [0.500, 0.500]","0.500 [0.500, 0.500]",0.000,0.500
"acl_prefilter=True,ablate=uniform_refusal,variant=fast_refusal",all,text_only,1920,gboost,reranker,"0.500 [0.500, 0.500]","0.500 [0.500, 0.500]",0.000,0.500
"acl_prefilter=True,ablate=uniform_refusal,variant=fast_refusal",all,text_only,1920,gboost,latency,"0.507 [0.482, 0.531]","0.509 [0.459, 0.561]",0.011,0.501
"acl_prefilter=True,ablate=uniform_refusal,variant=fast_refusal",all,text_only,1920,gboost,refusal,"0.500 [0.500, 0.500]","0.500 [0.500, 0.500]",0.000,0.500
"acl_prefilter=True,ablate=uniform_refusal,variant=fast_refusal",all,text_only,1920,gboost,content,"0.500 [0.500, 0.500]","0.500 [0.500, 0.500]",0.000,0.500
"acl_prefilter=True,ablate=uniform_refusal,variant=fast_refusal",all,text_only,1920,gboost,combined,"0.506 [0.480, 0.528]","0.520 [0.472, 0.572]",0.010,0.503
"acl_prefilter=True,ablate=uniform_refusal,variant=fast_refusal",all,with_sources,1920,threshold,rules,"0.500 [0.481, 0.519]","0.500 [0.453, 0.549]",0.000,0.500
"acl_prefilter=True,ablate=uniform_refusal,variant=fast_refusal",all,with_sources,1920,logreg,score,"0.500 [0.500, 0.500]","0.500 [0.500, 0.500]",0.000,0.500
"acl_prefilter=True,ablate=uniform_refusal,variant=fast_refusal",all,with_sources,1920,logreg,reranker,"0.500 [0.500, 0.500]","0.500 [0.500, 0.500]",0.000,0.500
"acl_prefilter=True,ablate=uniform_refusal,variant=fast_refusal",all,with_sources,1920,logreg,latency,"0.504 [0.480, 0.532]","0.507 [0.455, 0.557]",0.000,0.501
"acl_prefilter=True,ablate=uniform_refusal,variant=fast_refusal",all,with_sources,1920,logreg,refusal,"0.500 [0.500, 0.500]","0.500 [0.500, 0.500]",0.000,0.500
"acl_prefilter=True,ablate=uniform_refusal,variant=fast_refusal",all,with_sources,1920,logreg,content,"0.500 [0.500, 0.500]","0.500 [0.500, 0.500]",0.000,0.500
"acl_prefilter=True,ablate=uniform_refusal,variant=fast_refusal",all,with_sources,1920,logreg,combined,"0.501 [0.474, 0.525]","0.502 [0.449, 0.553]",0.003,0.498
"acl_prefilter=True,ablate=uniform_refusal,variant=fast_refusal",all,with_sources,1920,gboost,score,"0.500 [0.500, 0.500]","0.500 [0.500, 0.500]",0.000,0.500
"acl_prefilter=True,ablate=uniform_refusal,variant=fast_refusal",all,with_sources,1920,gboost,reranker,"0.500 [0.500, 0.500]","0.500 [0.500, 0.500]",0.000,0.500
"acl_prefilter=True,ablate=uniform_refusal,variant=fast_refusal",all,with_sources,1920,gboost,latency,"0.507 [0.482, 0.531]","0.509 [0.459, 0.561]",0.011,0.501
"acl_prefilter=True,ablate=uniform_refusal,variant=fast_refusal",all,with_sources,1920,gboost,refusal,"0.500 [0.500, 0.500]","0.500 [0.500, 0.500]",0.000,0.500
"acl_prefilter=True,ablate=uniform_refusal,variant=fast_refusal",all,with_sources,1920,gboost,content,"0.500 [0.500, 0.500]","0.500 [0.500, 0.500]",0.000,0.500
"acl_prefilter=True,ablate=uniform_refusal,variant=fast_refusal",all,with_sources,1920,gboost,combined,"0.504 [0.478, 0.528]","0.509 [0.458, 0.561]",0.013,0.503
"acl_prefilter=True,ablate=uniform_refusal,variant=fast_refusal",all,with_reranker,1920,threshold,rules,"0.500 [0.481, 0.519]","0.500 [0.453, 0.549]",0.000,0.500
"acl_prefilter=True,ablate=uniform_refusal,variant=fast_refusal",all,with_reranker,1920,logreg,score,"0.500 [0.500, 0.500]","0.500 [0.500, 0.500]",0.000,0.500
"acl_prefilter=True,ablate=uniform_refusal,variant=fast_refusal",all,with_reranker,1920,logreg,reranker,"0.500 [0.500, 0.500]","0.500 [0.500, 0.500]",0.000,0.500
"acl_prefilter=True,ablate=uniform_refusal,variant=fast_refusal",all,with_reranker,1920,logreg,latency,"0.504 [0.480, 0.532]","0.507 [0.455, 0.557]",0.000,0.501
"acl_prefilter=True,ablate=uniform_refusal,variant=fast_refusal",all,with_reranker,1920,logreg,refusal,"0.500 [0.500, 0.500]","0.500 [0.500, 0.500]",0.000,0.500
"acl_prefilter=True,ablate=uniform_refusal,variant=fast_refusal",all,with_reranker,1920,logreg,content,"0.500 [0.500, 0.500]","0.500 [0.500, 0.500]",0.000,0.500
"acl_prefilter=True,ablate=uniform_refusal,variant=fast_refusal",all,with_reranker,1920,logreg,combined,"0.501 [0.474, 0.526]","0.501 [0.448, 0.552]",0.008,0.498
"acl_prefilter=True,ablate=uniform_refusal,variant=fast_refusal",all,with_reranker,1920,gboost,score,"0.500 [0.500, 0.500]","0.500 [0.500, 0.500]",0.000,0.500
"acl_prefilter=True,ablate=uniform_refusal,variant=fast_refusal",all,with_reranker,1920,gboost,reranker,"0.500 [0.500, 0.500]","0.500 [0.500, 0.500]",0.000,0.500
"acl_prefilter=True,ablate=uniform_refusal,variant=fast_refusal",all,with_reranker,1920,gboost,latency,"0.507 [0.482, 0.531]","0.509 [0.459, 0.561]",0.011,0.501
"acl_prefilter=True,ablate=uniform_refusal,variant=fast_refusal",all,with_reranker,1920,gboost,refusal,"0.500 [0.500, 0.500]","0.500 [0.500, 0.500]",0.000,0.500
"acl_prefilter=True,ablate=uniform_refusal,variant=fast_refusal",all,with_reranker,1920,gboost,content,"0.500 [0.500, 0.500]","0.500 [0.500, 0.500]",0.000,0.500
"acl_prefilter=True,ablate=uniform_refusal,variant=fast_refusal",all,with_reranker,1920,gboost,combined,"0.500 [0.475, 0.524]","0.497 [0.449, 0.549]",0.008,0.502
"acl_prefilter=True,ablate=uniform_refusal,variant=pad30",insider,text_only,960,threshold,rules,"0.500 [0.497, 0.503]","0.500 [0.487, 0.512]",0.002,0.500
"acl_prefilter=True,ablate=uniform_refusal,variant=pad30",insider,text_only,960,logreg,score,"0.500 [0.500, 0.500]","0.500 [0.500, 0.500]",0.000,0.500
"acl_prefilter=True,ablate=uniform_refusal,variant=pad30",insider,text_only,960,logreg,reranker,"0.500 [0.500, 0.500]","0.500 [0.500, 0.500]",0.000,0.500
"acl_prefilter=True,ablate=uniform_refusal,variant=pad30",insider,text_only,960,logreg,latency,"0.503 [0.465, 0.536]","0.498 [0.429, 0.574]",0.008,0.505
"acl_prefilter=True,ablate=uniform_refusal,variant=pad30",insider,text_only,960,logreg,refusal,"0.500 [0.500, 0.500]","0.500 [0.500, 0.500]",0.000,0.500
"acl_prefilter=True,ablate=uniform_refusal,variant=pad30",insider,text_only,960,logreg,content,"0.500 [0.500, 0.500]","0.500 [0.500, 0.500]",0.000,0.500
"acl_prefilter=True,ablate=uniform_refusal,variant=pad30",insider,text_only,960,logreg,combined,"0.505 [0.466, 0.540]","0.502 [0.428, 0.578]",0.017,0.508
"acl_prefilter=True,ablate=uniform_refusal,variant=pad30",insider,text_only,960,gboost,score,"0.500 [0.500, 0.500]","0.500 [0.500, 0.500]",0.000,0.500
"acl_prefilter=True,ablate=uniform_refusal,variant=pad30",insider,text_only,960,gboost,reranker,"0.500 [0.500, 0.500]","0.500 [0.500, 0.500]",0.000,0.500
"acl_prefilter=True,ablate=uniform_refusal,variant=pad30",insider,text_only,960,gboost,latency,"0.498 [0.463, 0.537]","0.510 [0.441, 0.579]",0.008,0.479
"acl_prefilter=True,ablate=uniform_refusal,variant=pad30",insider,text_only,960,gboost,refusal,"0.500 [0.500, 0.500]","0.500 [0.500, 0.500]",0.000,0.500
"acl_prefilter=True,ablate=uniform_refusal,variant=pad30",insider,text_only,960,gboost,content,"0.500 [0.500, 0.500]","0.500 [0.500, 0.500]",0.000,0.500
"acl_prefilter=True,ablate=uniform_refusal,variant=pad30",insider,text_only,960,gboost,combined,"0.495 [0.462, 0.532]","0.504 [0.428, 0.574]",0.013,0.487
"acl_prefilter=True,ablate=uniform_refusal,variant=pad30",insider,with_sources,960,threshold,rules,"0.500 [0.475, 0.528]","0.500 [0.431, 0.568]",0.002,0.500
"acl_prefilter=True,ablate=uniform_refusal,variant=pad30",insider,with_sources,960,logreg,score,"0.500 [0.500, 0.500]","0.500 [0.500, 0.500]",0.000,0.500
"acl_prefilter=True,ablate=uniform_refusal,variant=pad30",insider,with_sources,960,logreg,reranker,"0.500 [0.500, 0.500]","0.500 [0.500, 0.500]",0.000,0.500
"acl_prefilter=True,ablate=uniform_refusal,variant=pad30",insider,with_sources,960,logreg,latency,"0.503 [0.465, 0.536]","0.498 [0.429, 0.574]",0.008,0.505
"acl_prefilter=True,ablate=uniform_refusal,variant=pad30",insider,with_sources,960,logreg,refusal,"0.500 [0.500, 0.500]","0.500 [0.500, 0.500]",0.000,0.500
"acl_prefilter=True,ablate=uniform_refusal,variant=pad30",insider,with_sources,960,logreg,content,"0.500 [0.500, 0.500]","0.500 [0.500, 0.500]",0.000,0.500
"acl_prefilter=True,ablate=uniform_refusal,variant=pad30",insider,with_sources,960,logreg,combined,"0.506 [0.466, 0.542]","0.501 [0.431, 0.579]",0.008,0.506
"acl_prefilter=True,ablate=uniform_refusal,variant=pad30",insider,with_sources,960,gboost,score,"0.500 [0.500, 0.500]","0.500 [0.500, 0.500]",0.000,0.500
"acl_prefilter=True,ablate=uniform_refusal,variant=pad30",insider,with_sources,960,gboost,reranker,"0.500 [0.500, 0.500]","0.500 [0.500, 0.500]",0.000,0.500
"acl_prefilter=True,ablate=uniform_refusal,variant=pad30",insider,with_sources,960,gboost,latency,"0.498 [0.463, 0.537]","0.510 [0.441, 0.579]",0.008,0.479
"acl_prefilter=True,ablate=uniform_refusal,variant=pad30",insider,with_sources,960,gboost,refusal,"0.500 [0.500, 0.500]","0.500 [0.500, 0.500]",0.000,0.500
"acl_prefilter=True,ablate=uniform_refusal,variant=pad30",insider,with_sources,960,gboost,content,"0.500 [0.500, 0.500]","0.500 [0.500, 0.500]",0.000,0.500
"acl_prefilter=True,ablate=uniform_refusal,variant=pad30",insider,with_sources,960,gboost,combined,"0.500 [0.465, 0.537]","0.509 [0.436, 0.580]",0.013,0.480
"acl_prefilter=True,ablate=uniform_refusal,variant=pad30",insider,with_reranker,960,threshold,rules,"0.500 [0.475, 0.528]","0.500 [0.431, 0.568]",0.002,0.500
"acl_prefilter=True,ablate=uniform_refusal,variant=pad30",insider,with_reranker,960,logreg,score,"0.500 [0.500, 0.500]","0.500 [0.500, 0.500]",0.000,0.500
"acl_prefilter=True,ablate=uniform_refusal,variant=pad30",insider,with_reranker,960,logreg,reranker,"0.500 [0.500, 0.500]","0.500 [0.500, 0.500]",0.000,0.500
"acl_prefilter=True,ablate=uniform_refusal,variant=pad30",insider,with_reranker,960,logreg,latency,"0.503 [0.465, 0.536]","0.498 [0.429, 0.574]",0.008,0.505
"acl_prefilter=True,ablate=uniform_refusal,variant=pad30",insider,with_reranker,960,logreg,refusal,"0.500 [0.500, 0.500]","0.500 [0.500, 0.500]",0.000,0.500
"acl_prefilter=True,ablate=uniform_refusal,variant=pad30",insider,with_reranker,960,logreg,content,"0.500 [0.500, 0.500]","0.500 [0.500, 0.500]",0.000,0.500
"acl_prefilter=True,ablate=uniform_refusal,variant=pad30",insider,with_reranker,960,logreg,combined,"0.507 [0.467, 0.543]","0.500 [0.431, 0.579]",0.008,0.505
"acl_prefilter=True,ablate=uniform_refusal,variant=pad30",insider,with_reranker,960,gboost,score,"0.500 [0.500, 0.500]","0.500 [0.500, 0.500]",0.000,0.500
"acl_prefilter=True,ablate=uniform_refusal,variant=pad30",insider,with_reranker,960,gboost,reranker,"0.500 [0.500, 0.500]","0.500 [0.500, 0.500]",0.000,0.500
"acl_prefilter=True,ablate=uniform_refusal,variant=pad30",insider,with_reranker,960,gboost,latency,"0.498 [0.463, 0.537]","0.510 [0.441, 0.579]",0.008,0.479
"acl_prefilter=True,ablate=uniform_refusal,variant=pad30",insider,with_reranker,960,gboost,refusal,"0.500 [0.500, 0.500]","0.500 [0.500, 0.500]",0.000,0.500
"acl_prefilter=True,ablate=uniform_refusal,variant=pad30",insider,with_reranker,960,gboost,content,"0.500 [0.500, 0.500]","0.500 [0.500, 0.500]",0.000,0.500
"acl_prefilter=True,ablate=uniform_refusal,variant=pad30",insider,with_reranker,960,gboost,combined,"0.491 [0.460, 0.530]","0.491 [0.419, 0.562]",0.013,0.481
"acl_prefilter=True,ablate=uniform_refusal,variant=pad30",outsider,text_only,960,threshold,rules,"0.500 [0.480, 0.519]","0.500 [0.458, 0.541]",0.000,0.500
"acl_prefilter=True,ablate=uniform_refusal,variant=pad30",outsider,text_only,960,logreg,score,"0.500 [0.500, 0.500]","0.500 [0.500, 0.500]",0.000,0.500
"acl_prefilter=True,ablate=uniform_refusal,variant=pad30",outsider,text_only,960,logreg,reranker,"0.500 [0.500, 0.500]","0.500 [0.500, 0.500]",0.000,0.500
"acl_prefilter=True,ablate=uniform_refusal,variant=pad30",outsider,text_only,960,logreg,latency,"0.473 [0.433, 0.510]","0.451 [0.383, 0.521]",0.013,0.483
"acl_prefilter=True,ablate=uniform_refusal,variant=pad30",outsider,text_only,960,logreg,refusal,"0.500 [0.500, 0.500]","0.500 [0.500, 0.500]",0.000,0.500
"acl_prefilter=True,ablate=uniform_refusal,variant=pad30",outsider,text_only,960,logreg,content,"0.500 [0.500, 0.500]","0.500 [0.500, 0.500]",0.000,0.500
"acl_prefilter=True,ablate=uniform_refusal,variant=pad30",outsider,text_only,960,logreg,combined,"0.473 [0.439, 0.509]","0.435 [0.368, 0.510]",0.008,0.468
"acl_prefilter=True,ablate=uniform_refusal,variant=pad30",outsider,text_only,960,gboost,score,"0.500 [0.500, 0.500]","0.500 [0.500, 0.500]",0.000,0.500
"acl_prefilter=True,ablate=uniform_refusal,variant=pad30",outsider,text_only,960,gboost,reranker,"0.500 [0.500, 0.500]","0.500 [0.500, 0.500]",0.000,0.500
"acl_prefilter=True,ablate=uniform_refusal,variant=pad30",outsider,text_only,960,gboost,latency,"0.546 [0.509, 0.582]","0.582 [0.504, 0.651]",0.021,0.539
"acl_prefilter=True,ablate=uniform_refusal,variant=pad30",outsider,text_only,960,gboost,refusal,"0.500 [0.500, 0.500]","0.500 [0.500, 0.500]",0.000,0.500
"acl_prefilter=True,ablate=uniform_refusal,variant=pad30",outsider,text_only,960,gboost,content,"0.500 [0.500, 0.500]","0.500 [0.500, 0.500]",0.000,0.500
"acl_prefilter=True,ablate=uniform_refusal,variant=pad30",outsider,text_only,960,gboost,combined,"0.541 [0.502, 0.575]","0.590 [0.512, 0.658]",0.021,0.516
"acl_prefilter=True,ablate=uniform_refusal,variant=pad30",outsider,with_sources,960,threshold,rules,"0.500 [0.471, 0.525]","0.500 [0.433, 0.568]",0.000,0.500
"acl_prefilter=True,ablate=uniform_refusal,variant=pad30",outsider,with_sources,960,logreg,score,"0.500 [0.500, 0.500]","0.500 [0.500, 0.500]",0.000,0.500
"acl_prefilter=True,ablate=uniform_refusal,variant=pad30",outsider,with_sources,960,logreg,reranker,"0.500 [0.500, 0.500]","0.500 [0.500, 0.500]",0.000,0.500
"acl_prefilter=True,ablate=uniform_refusal,variant=pad30",outsider,with_sources,960,logreg,latency,"0.473 [0.433, 0.510]","0.451 [0.383, 0.521]",0.013,0.483
"acl_prefilter=True,ablate=uniform_refusal,variant=pad30",outsider,with_sources,960,logreg,refusal,"0.500 [0.500, 0.500]","0.500 [0.500, 0.500]",0.000,0.500
"acl_prefilter=True,ablate=uniform_refusal,variant=pad30",outsider,with_sources,960,logreg,content,"0.500 [0.500, 0.500]","0.500 [0.500, 0.500]",0.000,0.500
"acl_prefilter=True,ablate=uniform_refusal,variant=pad30",outsider,with_sources,960,logreg,combined,"0.472 [0.438, 0.510]","0.425 [0.357, 0.498]",0.008,0.469
"acl_prefilter=True,ablate=uniform_refusal,variant=pad30",outsider,with_sources,960,gboost,score,"0.500 [0.500, 0.500]","0.500 [0.500, 0.500]",0.000,0.500
"acl_prefilter=True,ablate=uniform_refusal,variant=pad30",outsider,with_sources,960,gboost,reranker,"0.500 [0.500, 0.500]","0.500 [0.500, 0.500]",0.000,0.500
"acl_prefilter=True,ablate=uniform_refusal,variant=pad30",outsider,with_sources,960,gboost,latency,"0.546 [0.509, 0.582]","0.582 [0.504, 0.651]",0.021,0.539
"acl_prefilter=True,ablate=uniform_refusal,variant=pad30",outsider,with_sources,960,gboost,refusal,"0.500 [0.500, 0.500]","0.500 [0.500, 0.500]",0.000,0.500
"acl_prefilter=True,ablate=uniform_refusal,variant=pad30",outsider,with_sources,960,gboost,content,"0.500 [0.500, 0.500]","0.500 [0.500, 0.500]",0.000,0.500
"acl_prefilter=True,ablate=uniform_refusal,variant=pad30",outsider,with_sources,960,gboost,combined,"0.549 [0.511, 0.583]","0.581 [0.506, 0.649]",0.023,0.531
"acl_prefilter=True,ablate=uniform_refusal,variant=pad30",outsider,with_reranker,960,threshold,rules,"0.500 [0.471, 0.525]","0.500 [0.433, 0.568]",0.000,0.500
"acl_prefilter=True,ablate=uniform_refusal,variant=pad30",outsider,with_reranker,960,logreg,score,"0.500 [0.500, 0.500]","0.500 [0.500, 0.500]",0.000,0.500
"acl_prefilter=True,ablate=uniform_refusal,variant=pad30",outsider,with_reranker,960,logreg,reranker,"0.500 [0.500, 0.500]","0.500 [0.500, 0.500]",0.000,0.500
"acl_prefilter=True,ablate=uniform_refusal,variant=pad30",outsider,with_reranker,960,logreg,latency,"0.473 [0.433, 0.510]","0.451 [0.383, 0.521]",0.013,0.483
"acl_prefilter=True,ablate=uniform_refusal,variant=pad30",outsider,with_reranker,960,logreg,refusal,"0.500 [0.500, 0.500]","0.500 [0.500, 0.500]",0.000,0.500
"acl_prefilter=True,ablate=uniform_refusal,variant=pad30",outsider,with_reranker,960,logreg,content,"0.500 [0.500, 0.500]","0.500 [0.500, 0.500]",0.000,0.500
"acl_prefilter=True,ablate=uniform_refusal,variant=pad30",outsider,with_reranker,960,logreg,combined,"0.473 [0.438, 0.509]","0.425 [0.358, 0.499]",0.008,0.471
"acl_prefilter=True,ablate=uniform_refusal,variant=pad30",outsider,with_reranker,960,gboost,score,"0.500 [0.500, 0.500]","0.500 [0.500, 0.500]",0.000,0.500
"acl_prefilter=True,ablate=uniform_refusal,variant=pad30",outsider,with_reranker,960,gboost,reranker,"0.500 [0.500, 0.500]","0.500 [0.500, 0.500]",0.000,0.500
"acl_prefilter=True,ablate=uniform_refusal,variant=pad30",outsider,with_reranker,960,gboost,latency,"0.546 [0.509, 0.582]","0.582 [0.504, 0.651]",0.021,0.539
"acl_prefilter=True,ablate=uniform_refusal,variant=pad30",outsider,with_reranker,960,gboost,refusal,"0.500 [0.500, 0.500]","0.500 [0.500, 0.500]",0.000,0.500
"acl_prefilter=True,ablate=uniform_refusal,variant=pad30",outsider,with_reranker,960,gboost,content,"0.500 [0.500, 0.500]","0.500 [0.500, 0.500]",0.000,0.500
"acl_prefilter=True,ablate=uniform_refusal,variant=pad30",outsider,with_reranker,960,gboost,combined,"0.548 [0.509, 0.583]","0.591 [0.516, 0.664]",0.027,0.536
"acl_prefilter=True,ablate=uniform_refusal,variant=pad30",all,text_only,1920,threshold,rules,"0.500 [0.491, 0.510]","0.500 [0.478, 0.520]",0.000,0.500
"acl_prefilter=True,ablate=uniform_refusal,variant=pad30",all,text_only,1920,logreg,score,"0.500 [0.500, 0.500]","0.500 [0.500, 0.500]",0.000,0.500
"acl_prefilter=True,ablate=uniform_refusal,variant=pad30",all,text_only,1920,logreg,reranker,"0.500 [0.500, 0.500]","0.500 [0.500, 0.500]",0.000,0.500
"acl_prefilter=True,ablate=uniform_refusal,variant=pad30",all,text_only,1920,logreg,latency,"0.486 [0.460, 0.513]","0.481 [0.424, 0.534]",0.013,0.490
"acl_prefilter=True,ablate=uniform_refusal,variant=pad30",all,text_only,1920,logreg,refusal,"0.500 [0.500, 0.500]","0.500 [0.500, 0.500]",0.000,0.500
"acl_prefilter=True,ablate=uniform_refusal,variant=pad30",all,text_only,1920,logreg,content,"0.500 [0.500, 0.500]","0.500 [0.500, 0.500]",0.000,0.500
"acl_prefilter=True,ablate=uniform_refusal,variant=pad30",all,text_only,1920,logreg,combined,"0.490 [0.464, 0.516]","0.475 [0.423, 0.524]",0.010,0.488
"acl_prefilter=True,ablate=uniform_refusal,variant=pad30",all,text_only,1920,gboost,score,"0.500 [0.500, 0.500]","0.500 [0.500, 0.500]",0.000,0.500
"acl_prefilter=True,ablate=uniform_refusal,variant=pad30",all,text_only,1920,gboost,reranker,"0.500 [0.500, 0.500]","0.500 [0.500, 0.500]",0.000,0.500
"acl_prefilter=True,ablate=uniform_refusal,variant=pad30",all,text_only,1920,gboost,latency,"0.520 [0.494, 0.546]","0.534 [0.483, 0.586]",0.018,0.512
"acl_prefilter=True,ablate=uniform_refusal,variant=pad30",all,text_only,1920,gboost,refusal,"0.500 [0.500, 0.500]","0.500 [0.500, 0.500]",0.000,0.500
"acl_prefilter=True,ablate=uniform_refusal,variant=pad30",all,text_only,1920,gboost,content,"0.500 [0.500, 0.500]","0.500 [0.500, 0.500]",0.000,0.500
"acl_prefilter=True,ablate=uniform_refusal,variant=pad30",all,text_only,1920,gboost,combined,"0.515 [0.489, 0.541]","0.527 [0.475, 0.578]",0.014,0.507
"acl_prefilter=True,ablate=uniform_refusal,variant=pad30",all,with_sources,1920,threshold,rules,"0.500 [0.481, 0.519]","0.500 [0.453, 0.549]",0.000,0.500
"acl_prefilter=True,ablate=uniform_refusal,variant=pad30",all,with_sources,1920,logreg,score,"0.500 [0.500, 0.500]","0.500 [0.500, 0.500]",0.000,0.500
"acl_prefilter=True,ablate=uniform_refusal,variant=pad30",all,with_sources,1920,logreg,reranker,"0.500 [0.500, 0.500]","0.500 [0.500, 0.500]",0.000,0.500
"acl_prefilter=True,ablate=uniform_refusal,variant=pad30",all,with_sources,1920,logreg,latency,"0.486 [0.460, 0.513]","0.481 [0.424, 0.534]",0.013,0.490
"acl_prefilter=True,ablate=uniform_refusal,variant=pad30",all,with_sources,1920,logreg,refusal,"0.500 [0.500, 0.500]","0.500 [0.500, 0.500]",0.000,0.500
"acl_prefilter=True,ablate=uniform_refusal,variant=pad30",all,with_sources,1920,logreg,content,"0.500 [0.500, 0.500]","0.500 [0.500, 0.500]",0.000,0.500
"acl_prefilter=True,ablate=uniform_refusal,variant=pad30",all,with_sources,1920,logreg,combined,"0.490 [0.464, 0.516]","0.475 [0.421, 0.526]",0.010,0.493
"acl_prefilter=True,ablate=uniform_refusal,variant=pad30",all,with_sources,1920,gboost,score,"0.500 [0.500, 0.500]","0.500 [0.500, 0.500]",0.000,0.500
"acl_prefilter=True,ablate=uniform_refusal,variant=pad30",all,with_sources,1920,gboost,reranker,"0.500 [0.500, 0.500]","0.500 [0.500, 0.500]",0.000,0.500
"acl_prefilter=True,ablate=uniform_refusal,variant=pad30",all,with_sources,1920,gboost,latency,"0.520 [0.494, 0.546]","0.534 [0.483, 0.586]",0.018,0.512
"acl_prefilter=True,ablate=uniform_refusal,variant=pad30",all,with_sources,1920,gboost,refusal,"0.500 [0.500, 0.500]","0.500 [0.500, 0.500]",0.000,0.500
"acl_prefilter=True,ablate=uniform_refusal,variant=pad30",all,with_sources,1920,gboost,content,"0.500 [0.500, 0.500]","0.500 [0.500, 0.500]",0.000,0.500
"acl_prefilter=True,ablate=uniform_refusal,variant=pad30",all,with_sources,1920,gboost,combined,"0.517 [0.492, 0.543]","0.535 [0.483, 0.588]",0.018,0.508
"acl_prefilter=True,ablate=uniform_refusal,variant=pad30",all,with_reranker,1920,threshold,rules,"0.500 [0.481, 0.519]","0.500 [0.453, 0.549]",0.000,0.500
"acl_prefilter=True,ablate=uniform_refusal,variant=pad30",all,with_reranker,1920,logreg,score,"0.500 [0.500, 0.500]","0.500 [0.500, 0.500]",0.000,0.500
"acl_prefilter=True,ablate=uniform_refusal,variant=pad30",all,with_reranker,1920,logreg,reranker,"0.500 [0.500, 0.500]","0.500 [0.500, 0.500]",0.000,0.500
"acl_prefilter=True,ablate=uniform_refusal,variant=pad30",all,with_reranker,1920,logreg,latency,"0.486 [0.460, 0.513]","0.481 [0.424, 0.534]",0.013,0.490
"acl_prefilter=True,ablate=uniform_refusal,variant=pad30",all,with_reranker,1920,logreg,refusal,"0.500 [0.500, 0.500]","0.500 [0.500, 0.500]",0.000,0.500
"acl_prefilter=True,ablate=uniform_refusal,variant=pad30",all,with_reranker,1920,logreg,content,"0.500 [0.500, 0.500]","0.500 [0.500, 0.500]",0.000,0.500
"acl_prefilter=True,ablate=uniform_refusal,variant=pad30",all,with_reranker,1920,logreg,combined,"0.489 [0.464, 0.516]","0.474 [0.421, 0.524]",0.009,0.493
"acl_prefilter=True,ablate=uniform_refusal,variant=pad30",all,with_reranker,1920,gboost,score,"0.500 [0.500, 0.500]","0.500 [0.500, 0.500]",0.000,0.500
"acl_prefilter=True,ablate=uniform_refusal,variant=pad30",all,with_reranker,1920,gboost,reranker,"0.500 [0.500, 0.500]","0.500 [0.500, 0.500]",0.000,0.500
"acl_prefilter=True,ablate=uniform_refusal,variant=pad30",all,with_reranker,1920,gboost,latency,"0.520 [0.494, 0.546]","0.534 [0.483, 0.586]",0.018,0.512
"acl_prefilter=True,ablate=uniform_refusal,variant=pad30",all,with_reranker,1920,gboost,refusal,"0.500 [0.500, 0.500]","0.500 [0.500, 0.500]",0.000,0.500
"acl_prefilter=True,ablate=uniform_refusal,variant=pad30",all,with_reranker,1920,gboost,content,"0.500 [0.500, 0.500]","0.500 [0.500, 0.500]",0.000,0.500
"acl_prefilter=True,ablate=uniform_refusal,variant=pad30",all,with_reranker,1920,gboost,combined,"0.520 [0.494, 0.546]","0.539 [0.489, 0.590]",0.017,0.515
"acl_prefilter=True,ablate=uniform_refusal,variant=deadline2s",insider,text_only,960,threshold,rules,"0.500 [0.497, 0.503]","0.500 [0.487, 0.512]",0.002,0.500
"acl_prefilter=True,ablate=uniform_refusal,variant=deadline2s",insider,text_only,960,logreg,score,"0.500 [0.500, 0.500]","0.500 [0.500, 0.500]",0.000,0.500
"acl_prefilter=True,ablate=uniform_refusal,variant=deadline2s",insider,text_only,960,logreg,reranker,"0.500 [0.500, 0.500]","0.500 [0.500, 0.500]",0.000,0.500
"acl_prefilter=True,ablate=uniform_refusal,variant=deadline2s",insider,text_only,960,logreg,latency,"0.500 [0.500, 0.500]","0.500 [0.500, 0.500]",0.000,0.500
"acl_prefilter=True,ablate=uniform_refusal,variant=deadline2s",insider,text_only,960,logreg,refusal,"0.500 [0.500, 0.500]","0.500 [0.500, 0.500]",0.000,0.500
"acl_prefilter=True,ablate=uniform_refusal,variant=deadline2s",insider,text_only,960,logreg,content,"0.500 [0.500, 0.500]","0.500 [0.500, 0.500]",0.000,0.500
"acl_prefilter=True,ablate=uniform_refusal,variant=deadline2s",insider,text_only,960,logreg,combined,"0.500 [0.500, 0.500]","0.500 [0.500, 0.500]",0.000,0.500
"acl_prefilter=True,ablate=uniform_refusal,variant=deadline2s",insider,text_only,960,gboost,score,"0.500 [0.500, 0.500]","0.500 [0.500, 0.500]",0.000,0.500
"acl_prefilter=True,ablate=uniform_refusal,variant=deadline2s",insider,text_only,960,gboost,reranker,"0.500 [0.500, 0.500]","0.500 [0.500, 0.500]",0.000,0.500
"acl_prefilter=True,ablate=uniform_refusal,variant=deadline2s",insider,text_only,960,gboost,latency,"0.500 [0.500, 0.500]","0.500 [0.500, 0.500]",0.000,0.500
"acl_prefilter=True,ablate=uniform_refusal,variant=deadline2s",insider,text_only,960,gboost,refusal,"0.500 [0.500, 0.500]","0.500 [0.500, 0.500]",0.000,0.500
"acl_prefilter=True,ablate=uniform_refusal,variant=deadline2s",insider,text_only,960,gboost,content,"0.500 [0.500, 0.500]","0.500 [0.500, 0.500]",0.000,0.500
"acl_prefilter=True,ablate=uniform_refusal,variant=deadline2s",insider,text_only,960,gboost,combined,"0.500 [0.500, 0.500]","0.500 [0.500, 0.500]",0.000,0.500
"acl_prefilter=True,ablate=uniform_refusal,variant=deadline2s",insider,with_sources,960,threshold,rules,"0.500 [0.475, 0.528]","0.500 [0.431, 0.568]",0.002,0.500
"acl_prefilter=True,ablate=uniform_refusal,variant=deadline2s",insider,with_sources,960,logreg,score,"0.500 [0.500, 0.500]","0.500 [0.500, 0.500]",0.000,0.500
"acl_prefilter=True,ablate=uniform_refusal,variant=deadline2s",insider,with_sources,960,logreg,reranker,"0.500 [0.500, 0.500]","0.500 [0.500, 0.500]",0.000,0.500
"acl_prefilter=True,ablate=uniform_refusal,variant=deadline2s",insider,with_sources,960,logreg,latency,"0.500 [0.500, 0.500]","0.500 [0.500, 0.500]",0.000,0.500
"acl_prefilter=True,ablate=uniform_refusal,variant=deadline2s",insider,with_sources,960,logreg,refusal,"0.500 [0.500, 0.500]","0.500 [0.500, 0.500]",0.000,0.500
"acl_prefilter=True,ablate=uniform_refusal,variant=deadline2s",insider,with_sources,960,logreg,content,"0.500 [0.500, 0.500]","0.500 [0.500, 0.500]",0.000,0.500
"acl_prefilter=True,ablate=uniform_refusal,variant=deadline2s",insider,with_sources,960,logreg,combined,"0.500 [0.500, 0.500]","0.500 [0.500, 0.500]",0.000,0.500
"acl_prefilter=True,ablate=uniform_refusal,variant=deadline2s",insider,with_sources,960,gboost,score,"0.500 [0.500, 0.500]","0.500 [0.500, 0.500]",0.000,0.500
"acl_prefilter=True,ablate=uniform_refusal,variant=deadline2s",insider,with_sources,960,gboost,reranker,"0.500 [0.500, 0.500]","0.500 [0.500, 0.500]",0.000,0.500
"acl_prefilter=True,ablate=uniform_refusal,variant=deadline2s",insider,with_sources,960,gboost,latency,"0.500 [0.500, 0.500]","0.500 [0.500, 0.500]",0.000,0.500
"acl_prefilter=True,ablate=uniform_refusal,variant=deadline2s",insider,with_sources,960,gboost,refusal,"0.500 [0.500, 0.500]","0.500 [0.500, 0.500]",0.000,0.500
"acl_prefilter=True,ablate=uniform_refusal,variant=deadline2s",insider,with_sources,960,gboost,content,"0.500 [0.500, 0.500]","0.500 [0.500, 0.500]",0.000,0.500
"acl_prefilter=True,ablate=uniform_refusal,variant=deadline2s",insider,with_sources,960,gboost,combined,"0.500 [0.500, 0.500]","0.500 [0.500, 0.500]",0.000,0.500
"acl_prefilter=True,ablate=uniform_refusal,variant=deadline2s",insider,with_reranker,960,threshold,rules,"0.500 [0.475, 0.528]","0.500 [0.431, 0.568]",0.002,0.500
"acl_prefilter=True,ablate=uniform_refusal,variant=deadline2s",insider,with_reranker,960,logreg,score,"0.500 [0.500, 0.500]","0.500 [0.500, 0.500]",0.000,0.500
"acl_prefilter=True,ablate=uniform_refusal,variant=deadline2s",insider,with_reranker,960,logreg,reranker,"0.500 [0.500, 0.500]","0.500 [0.500, 0.500]",0.000,0.500
"acl_prefilter=True,ablate=uniform_refusal,variant=deadline2s",insider,with_reranker,960,logreg,latency,"0.500 [0.500, 0.500]","0.500 [0.500, 0.500]",0.000,0.500
"acl_prefilter=True,ablate=uniform_refusal,variant=deadline2s",insider,with_reranker,960,logreg,refusal,"0.500 [0.500, 0.500]","0.500 [0.500, 0.500]",0.000,0.500
"acl_prefilter=True,ablate=uniform_refusal,variant=deadline2s",insider,with_reranker,960,logreg,content,"0.500 [0.500, 0.500]","0.500 [0.500, 0.500]",0.000,0.500
"acl_prefilter=True,ablate=uniform_refusal,variant=deadline2s",insider,with_reranker,960,logreg,combined,"0.500 [0.500, 0.500]","0.500 [0.500, 0.500]",0.000,0.500
"acl_prefilter=True,ablate=uniform_refusal,variant=deadline2s",insider,with_reranker,960,gboost,score,"0.500 [0.500, 0.500]","0.500 [0.500, 0.500]",0.000,0.500
"acl_prefilter=True,ablate=uniform_refusal,variant=deadline2s",insider,with_reranker,960,gboost,reranker,"0.500 [0.500, 0.500]","0.500 [0.500, 0.500]",0.000,0.500
"acl_prefilter=True,ablate=uniform_refusal,variant=deadline2s",insider,with_reranker,960,gboost,latency,"0.500 [0.500, 0.500]","0.500 [0.500, 0.500]",0.000,0.500
"acl_prefilter=True,ablate=uniform_refusal,variant=deadline2s",insider,with_reranker,960,gboost,refusal,"0.500 [0.500, 0.500]","0.500 [0.500, 0.500]",0.000,0.500
"acl_prefilter=True,ablate=uniform_refusal,variant=deadline2s",insider,with_reranker,960,gboost,content,"0.500 [0.500, 0.500]","0.500 [0.500, 0.500]",0.000,0.500
"acl_prefilter=True,ablate=uniform_refusal,variant=deadline2s",insider,with_reranker,960,gboost,combined,"0.500 [0.500, 0.500]","0.500 [0.500, 0.500]",0.000,0.500
"acl_prefilter=True,ablate=uniform_refusal,variant=deadline2s",outsider,text_only,960,threshold,rules,"0.500 [0.480, 0.519]","0.500 [0.458, 0.541]",0.000,0.500
"acl_prefilter=True,ablate=uniform_refusal,variant=deadline2s",outsider,text_only,960,logreg,score,"0.500 [0.500, 0.500]","0.500 [0.500, 0.500]",0.000,0.500
"acl_prefilter=True,ablate=uniform_refusal,variant=deadline2s",outsider,text_only,960,logreg,reranker,"0.500 [0.500, 0.500]","0.500 [0.500, 0.500]",0.000,0.500
"acl_prefilter=True,ablate=uniform_refusal,variant=deadline2s",outsider,text_only,960,logreg,latency,"0.500 [0.500, 0.500]","0.500 [0.500, 0.500]",0.000,0.500
"acl_prefilter=True,ablate=uniform_refusal,variant=deadline2s",outsider,text_only,960,logreg,refusal,"0.500 [0.500, 0.500]","0.500 [0.500, 0.500]",0.000,0.500
"acl_prefilter=True,ablate=uniform_refusal,variant=deadline2s",outsider,text_only,960,logreg,content,"0.500 [0.500, 0.500]","0.500 [0.500, 0.500]",0.000,0.500
"acl_prefilter=True,ablate=uniform_refusal,variant=deadline2s",outsider,text_only,960,logreg,combined,"0.500 [0.500, 0.500]","0.500 [0.500, 0.500]",0.000,0.500
"acl_prefilter=True,ablate=uniform_refusal,variant=deadline2s",outsider,text_only,960,gboost,score,"0.500 [0.500, 0.500]","0.500 [0.500, 0.500]",0.000,0.500
"acl_prefilter=True,ablate=uniform_refusal,variant=deadline2s",outsider,text_only,960,gboost,reranker,"0.500 [0.500, 0.500]","0.500 [0.500, 0.500]",0.000,0.500
"acl_prefilter=True,ablate=uniform_refusal,variant=deadline2s",outsider,text_only,960,gboost,latency,"0.500 [0.500, 0.500]","0.500 [0.500, 0.500]",0.000,0.500
"acl_prefilter=True,ablate=uniform_refusal,variant=deadline2s",outsider,text_only,960,gboost,refusal,"0.500 [0.500, 0.500]","0.500 [0.500, 0.500]",0.000,0.500
"acl_prefilter=True,ablate=uniform_refusal,variant=deadline2s",outsider,text_only,960,gboost,content,"0.500 [0.500, 0.500]","0.500 [0.500, 0.500]",0.000,0.500
"acl_prefilter=True,ablate=uniform_refusal,variant=deadline2s",outsider,text_only,960,gboost,combined,"0.500 [0.500, 0.500]","0.500 [0.500, 0.500]",0.000,0.500
"acl_prefilter=True,ablate=uniform_refusal,variant=deadline2s",outsider,with_sources,960,threshold,rules,"0.500 [0.471, 0.525]","0.500 [0.433, 0.568]",0.000,0.500
"acl_prefilter=True,ablate=uniform_refusal,variant=deadline2s",outsider,with_sources,960,logreg,score,"0.500 [0.500, 0.500]","0.500 [0.500, 0.500]",0.000,0.500
"acl_prefilter=True,ablate=uniform_refusal,variant=deadline2s",outsider,with_sources,960,logreg,reranker,"0.500 [0.500, 0.500]","0.500 [0.500, 0.500]",0.000,0.500
"acl_prefilter=True,ablate=uniform_refusal,variant=deadline2s",outsider,with_sources,960,logreg,latency,"0.500 [0.500, 0.500]","0.500 [0.500, 0.500]",0.000,0.500
"acl_prefilter=True,ablate=uniform_refusal,variant=deadline2s",outsider,with_sources,960,logreg,refusal,"0.500 [0.500, 0.500]","0.500 [0.500, 0.500]",0.000,0.500
"acl_prefilter=True,ablate=uniform_refusal,variant=deadline2s",outsider,with_sources,960,logreg,content,"0.500 [0.500, 0.500]","0.500 [0.500, 0.500]",0.000,0.500
"acl_prefilter=True,ablate=uniform_refusal,variant=deadline2s",outsider,with_sources,960,logreg,combined,"0.500 [0.500, 0.500]","0.500 [0.500, 0.500]",0.000,0.500
"acl_prefilter=True,ablate=uniform_refusal,variant=deadline2s",outsider,with_sources,960,gboost,score,"0.500 [0.500, 0.500]","0.500 [0.500, 0.500]",0.000,0.500
"acl_prefilter=True,ablate=uniform_refusal,variant=deadline2s",outsider,with_sources,960,gboost,reranker,"0.500 [0.500, 0.500]","0.500 [0.500, 0.500]",0.000,0.500
"acl_prefilter=True,ablate=uniform_refusal,variant=deadline2s",outsider,with_sources,960,gboost,latency,"0.500 [0.500, 0.500]","0.500 [0.500, 0.500]",0.000,0.500
"acl_prefilter=True,ablate=uniform_refusal,variant=deadline2s",outsider,with_sources,960,gboost,refusal,"0.500 [0.500, 0.500]","0.500 [0.500, 0.500]",0.000,0.500
"acl_prefilter=True,ablate=uniform_refusal,variant=deadline2s",outsider,with_sources,960,gboost,content,"0.500 [0.500, 0.500]","0.500 [0.500, 0.500]",0.000,0.500
"acl_prefilter=True,ablate=uniform_refusal,variant=deadline2s",outsider,with_sources,960,gboost,combined,"0.500 [0.500, 0.500]","0.500 [0.500, 0.500]",0.000,0.500
"acl_prefilter=True,ablate=uniform_refusal,variant=deadline2s",outsider,with_reranker,960,threshold,rules,"0.500 [0.471, 0.525]","0.500 [0.433, 0.568]",0.000,0.500
"acl_prefilter=True,ablate=uniform_refusal,variant=deadline2s",outsider,with_reranker,960,logreg,score,"0.500 [0.500, 0.500]","0.500 [0.500, 0.500]",0.000,0.500
"acl_prefilter=True,ablate=uniform_refusal,variant=deadline2s",outsider,with_reranker,960,logreg,reranker,"0.500 [0.500, 0.500]","0.500 [0.500, 0.500]",0.000,0.500
"acl_prefilter=True,ablate=uniform_refusal,variant=deadline2s",outsider,with_reranker,960,logreg,latency,"0.500 [0.500, 0.500]","0.500 [0.500, 0.500]",0.000,0.500
"acl_prefilter=True,ablate=uniform_refusal,variant=deadline2s",outsider,with_reranker,960,logreg,refusal,"0.500 [0.500, 0.500]","0.500 [0.500, 0.500]",0.000,0.500
"acl_prefilter=True,ablate=uniform_refusal,variant=deadline2s",outsider,with_reranker,960,logreg,content,"0.500 [0.500, 0.500]","0.500 [0.500, 0.500]",0.000,0.500
"acl_prefilter=True,ablate=uniform_refusal,variant=deadline2s",outsider,with_reranker,960,logreg,combined,"0.500 [0.500, 0.500]","0.500 [0.500, 0.500]",0.000,0.500
"acl_prefilter=True,ablate=uniform_refusal,variant=deadline2s",outsider,with_reranker,960,gboost,score,"0.500 [0.500, 0.500]","0.500 [0.500, 0.500]",0.000,0.500
"acl_prefilter=True,ablate=uniform_refusal,variant=deadline2s",outsider,with_reranker,960,gboost,reranker,"0.500 [0.500, 0.500]","0.500 [0.500, 0.500]",0.000,0.500
"acl_prefilter=True,ablate=uniform_refusal,variant=deadline2s",outsider,with_reranker,960,gboost,latency,"0.500 [0.500, 0.500]","0.500 [0.500, 0.500]",0.000,0.500
"acl_prefilter=True,ablate=uniform_refusal,variant=deadline2s",outsider,with_reranker,960,gboost,refusal,"0.500 [0.500, 0.500]","0.500 [0.500, 0.500]",0.000,0.500
"acl_prefilter=True,ablate=uniform_refusal,variant=deadline2s",outsider,with_reranker,960,gboost,content,"0.500 [0.500, 0.500]","0.500 [0.500, 0.500]",0.000,0.500
"acl_prefilter=True,ablate=uniform_refusal,variant=deadline2s",outsider,with_reranker,960,gboost,combined,"0.500 [0.500, 0.500]","0.500 [0.500, 0.500]",0.000,0.500
"acl_prefilter=True,ablate=uniform_refusal,variant=deadline2s",all,text_only,1920,threshold,rules,"0.500 [0.491, 0.510]","0.500 [0.478, 0.520]",0.000,0.500
"acl_prefilter=True,ablate=uniform_refusal,variant=deadline2s",all,text_only,1920,logreg,score,"0.500 [0.500, 0.500]","0.500 [0.500, 0.500]",0.000,0.500
"acl_prefilter=True,ablate=uniform_refusal,variant=deadline2s",all,text_only,1920,logreg,reranker,"0.500 [0.500, 0.500]","0.500 [0.500, 0.500]",0.000,0.500
"acl_prefilter=True,ablate=uniform_refusal,variant=deadline2s",all,text_only,1920,logreg,latency,"0.500 [0.500, 0.500]","0.500 [0.500, 0.500]",0.000,0.500
"acl_prefilter=True,ablate=uniform_refusal,variant=deadline2s",all,text_only,1920,logreg,refusal,"0.500 [0.500, 0.500]","0.500 [0.500, 0.500]",0.000,0.500
"acl_prefilter=True,ablate=uniform_refusal,variant=deadline2s",all,text_only,1920,logreg,content,"0.500 [0.500, 0.500]","0.500 [0.500, 0.500]",0.000,0.500
"acl_prefilter=True,ablate=uniform_refusal,variant=deadline2s",all,text_only,1920,logreg,combined,"0.500 [0.500, 0.500]","0.500 [0.500, 0.500]",0.000,0.500
"acl_prefilter=True,ablate=uniform_refusal,variant=deadline2s",all,text_only,1920,gboost,score,"0.500 [0.500, 0.500]","0.500 [0.500, 0.500]",0.000,0.500
"acl_prefilter=True,ablate=uniform_refusal,variant=deadline2s",all,text_only,1920,gboost,reranker,"0.500 [0.500, 0.500]","0.500 [0.500, 0.500]",0.000,0.500
"acl_prefilter=True,ablate=uniform_refusal,variant=deadline2s",all,text_only,1920,gboost,latency,"0.500 [0.500, 0.500]","0.500 [0.500, 0.500]",0.000,0.500
"acl_prefilter=True,ablate=uniform_refusal,variant=deadline2s",all,text_only,1920,gboost,refusal,"0.500 [0.500, 0.500]","0.500 [0.500, 0.500]",0.000,0.500
"acl_prefilter=True,ablate=uniform_refusal,variant=deadline2s",all,text_only,1920,gboost,content,"0.500 [0.500, 0.500]","0.500 [0.500, 0.500]",0.000,0.500
"acl_prefilter=True,ablate=uniform_refusal,variant=deadline2s",all,text_only,1920,gboost,combined,"0.500 [0.500, 0.500]","0.500 [0.500, 0.500]",0.000,0.500
"acl_prefilter=True,ablate=uniform_refusal,variant=deadline2s",all,with_sources,1920,threshold,rules,"0.500 [0.481, 0.519]","0.500 [0.453, 0.549]",0.000,0.500
"acl_prefilter=True,ablate=uniform_refusal,variant=deadline2s",all,with_sources,1920,logreg,score,"0.500 [0.500, 0.500]","0.500 [0.500, 0.500]",0.000,0.500
"acl_prefilter=True,ablate=uniform_refusal,variant=deadline2s",all,with_sources,1920,logreg,reranker,"0.500 [0.500, 0.500]","0.500 [0.500, 0.500]",0.000,0.500
"acl_prefilter=True,ablate=uniform_refusal,variant=deadline2s",all,with_sources,1920,logreg,latency,"0.500 [0.500, 0.500]","0.500 [0.500, 0.500]",0.000,0.500
"acl_prefilter=True,ablate=uniform_refusal,variant=deadline2s",all,with_sources,1920,logreg,refusal,"0.500 [0.500, 0.500]","0.500 [0.500, 0.500]",0.000,0.500
"acl_prefilter=True,ablate=uniform_refusal,variant=deadline2s",all,with_sources,1920,logreg,content,"0.500 [0.500, 0.500]","0.500 [0.500, 0.500]",0.000,0.500
"acl_prefilter=True,ablate=uniform_refusal,variant=deadline2s",all,with_sources,1920,logreg,combined,"0.500 [0.500, 0.500]","0.500 [0.500, 0.500]",0.000,0.500
"acl_prefilter=True,ablate=uniform_refusal,variant=deadline2s",all,with_sources,1920,gboost,score,"0.500 [0.500, 0.500]","0.500 [0.500, 0.500]",0.000,0.500
"acl_prefilter=True,ablate=uniform_refusal,variant=deadline2s",all,with_sources,1920,gboost,reranker,"0.500 [0.500, 0.500]","0.500 [0.500, 0.500]",0.000,0.500
"acl_prefilter=True,ablate=uniform_refusal,variant=deadline2s",all,with_sources,1920,gboost,latency,"0.500 [0.500, 0.500]","0.500 [0.500, 0.500]",0.000,0.500
"acl_prefilter=True,ablate=uniform_refusal,variant=deadline2s",all,with_sources,1920,gboost,refusal,"0.500 [0.500, 0.500]","0.500 [0.500, 0.500]",0.000,0.500
"acl_prefilter=True,ablate=uniform_refusal,variant=deadline2s",all,with_sources,1920,gboost,content,"0.500 [0.500, 0.500]","0.500 [0.500, 0.500]",0.000,0.500
"acl_prefilter=True,ablate=uniform_refusal,variant=deadline2s",all,with_sources,1920,gboost,combined,"0.500 [0.500, 0.500]","0.500 [0.500, 0.500]",0.000,0.500
"acl_prefilter=True,ablate=uniform_refusal,variant=deadline2s",all,with_reranker,1920,threshold,rules,"0.500 [0.481, 0.519]","0.500 [0.453, 0.549]",0.000,0.500
"acl_prefilter=True,ablate=uniform_refusal,variant=deadline2s",all,with_reranker,1920,logreg,score,"0.500 [0.500, 0.500]","0.500 [0.500, 0.500]",0.000,0.500
"acl_prefilter=True,ablate=uniform_refusal,variant=deadline2s",all,with_reranker,1920,logreg,reranker,"0.500 [0.500, 0.500]","0.500 [0.500, 0.500]",0.000,0.500
"acl_prefilter=True,ablate=uniform_refusal,variant=deadline2s",all,with_reranker,1920,logreg,latency,"0.500 [0.500, 0.500]","0.500 [0.500, 0.500]",0.000,0.500
"acl_prefilter=True,ablate=uniform_refusal,variant=deadline2s",all,with_reranker,1920,logreg,refusal,"0.500 [0.500, 0.500]","0.500 [0.500, 0.500]",0.000,0.500
"acl_prefilter=True,ablate=uniform_refusal,variant=deadline2s",all,with_reranker,1920,logreg,content,"0.500 [0.500, 0.500]","0.500 [0.500, 0.500]",0.000,0.500
"acl_prefilter=True,ablate=uniform_refusal,variant=deadline2s",all,with_reranker,1920,logreg,combined,"0.500 [0.500, 0.500]","0.500 [0.500, 0.500]",0.000,0.500
"acl_prefilter=True,ablate=uniform_refusal,variant=deadline2s",all,with_reranker,1920,gboost,score,"0.500 [0.500, 0.500]","0.500 [0.500, 0.500]",0.000,0.500
"acl_prefilter=True,ablate=uniform_refusal,variant=deadline2s",all,with_reranker,1920,gboost,reranker,"0.500 [0.500, 0.500]","0.500 [0.500, 0.500]",0.000,0.500
"acl_prefilter=True,ablate=uniform_refusal,variant=deadline2s",all,with_reranker,1920,gboost,latency,"0.500 [0.500, 0.500]","0.500 [0.500, 0.500]",0.000,0.500
"acl_prefilter=True,ablate=uniform_refusal,variant=deadline2s",all,with_reranker,1920,gboost,refusal,"0.500 [0.500, 0.500]","0.500 [0.500, 0.500]",0.000,0.500
"acl_prefilter=True,ablate=uniform_refusal,variant=deadline2s",all,with_reranker,1920,gboost,content,"0.500 [0.500, 0.500]","0.500 [0.500, 0.500]",0.000,0.500
"acl_prefilter=True,ablate=uniform_refusal,variant=deadline2s",all,with_reranker,1920,gboost,combined,"0.500 [0.500, 0.500]","0.500 [0.500, 0.500]",0.000,0.500
"acl_prefilter=True,ablate=latency_pad,variant=as_is",insider,text_only,960,threshold,rules,"0.500 [0.497, 0.503]","0.500 [0.487, 0.512]",0.002,0.500
"acl_prefilter=True,ablate=latency_pad,variant=as_is",insider,text_only,960,logreg,score,"0.500 [0.500, 0.500]","0.500 [0.500, 0.500]",0.000,0.500
"acl_prefilter=True,ablate=latency_pad,variant=as_is",insider,text_only,960,logreg,reranker,"0.500 [0.500, 0.500]","0.500 [0.500, 0.500]",0.000,0.500
"acl_prefilter=True,ablate=latency_pad,variant=as_is",insider,text_only,960,logreg,latency,"0.501 [0.462, 0.535]","0.494 [0.423, 0.571]",0.008,0.507
"acl_prefilter=True,ablate=latency_pad,variant=as_is",insider,text_only,960,logreg,refusal,"0.500 [0.500, 0.500]","0.500 [0.500, 0.500]",0.000,0.500
"acl_prefilter=True,ablate=latency_pad,variant=as_is",insider,text_only,960,logreg,content,"0.500 [0.500, 0.500]","0.500 [0.500, 0.500]",0.000,0.500
"acl_prefilter=True,ablate=latency_pad,variant=as_is",insider,text_only,960,logreg,combined,"0.503 [0.464, 0.538]","0.497 [0.424, 0.572]",0.015,0.509
"acl_prefilter=True,ablate=latency_pad,variant=as_is",insider,text_only,960,gboost,score,"0.500 [0.500, 0.500]","0.500 [0.500, 0.500]",0.000,0.500
"acl_prefilter=True,ablate=latency_pad,variant=as_is",insider,text_only,960,gboost,reranker,"0.500 [0.500, 0.500]","0.500 [0.500, 0.500]",0.000,0.500
"acl_prefilter=True,ablate=latency_pad,variant=as_is",insider,text_only,960,gboost,latency,"0.480 [0.443, 0.515]","0.481 [0.410, 0.560]",0.023,0.490
"acl_prefilter=True,ablate=latency_pad,variant=as_is",insider,text_only,960,gboost,refusal,"0.500 [0.500, 0.500]","0.500 [0.500, 0.500]",0.000,0.500
"acl_prefilter=True,ablate=latency_pad,variant=as_is",insider,text_only,960,gboost,content,"0.500 [0.500, 0.500]","0.500 [0.500, 0.500]",0.000,0.500
"acl_prefilter=True,ablate=latency_pad,variant=as_is",insider,text_only,960,gboost,combined,"0.484 [0.450, 0.519]","0.483 [0.410, 0.562]",0.019,0.495
"acl_prefilter=True,ablate=latency_pad,variant=as_is",insider,with_sources,960,threshold,rules,"0.500 [0.475, 0.528]","0.500 [0.431, 0.568]",0.002,0.500
"acl_prefilter=True,ablate=latency_pad,variant=as_is",insider,with_sources,960,logreg,score,"0.500 [0.500, 0.500]","0.500 [0.500, 0.500]",0.000,0.500
"acl_prefilter=True,ablate=latency_pad,variant=as_is",insider,with_sources,960,logreg,reranker,"0.500 [0.500, 0.500]","0.500 [0.500, 0.500]",0.000,0.500
"acl_prefilter=True,ablate=latency_pad,variant=as_is",insider,with_sources,960,logreg,latency,"0.501 [0.462, 0.535]","0.494 [0.423, 0.571]",0.008,0.507
"acl_prefilter=True,ablate=latency_pad,variant=as_is",insider,with_sources,960,logreg,refusal,"0.500 [0.500, 0.500]","0.500 [0.500, 0.500]",0.000,0.500
"acl_prefilter=True,ablate=latency_pad,variant=as_is",insider,with_sources,960,logreg,content,"0.500 [0.500, 0.500]","0.500 [0.500, 0.500]",0.000,0.500
"acl_prefilter=True,ablate=latency_pad,variant=as_is",insider,with_sources,960,logreg,combined,"0.504 [0.464, 0.539]","0.496 [0.426, 0.573]",0.008,0.500
"acl_prefilter=True,ablate=latency_pad,variant=as_is",insider,with_sources,960,gboost,score,"0.500 [0.500, 0.500]","0.500 [0.500, 0.500]",0.000,0.500
"acl_prefilter=True,ablate=latency_pad,variant=as_is",insider,with_sources,960,gboost,reranker,"0.500 [0.500, 0.500]","0.500 [0.500, 0.500]",0.000,0.500
"acl_prefilter=True,ablate=latency_pad,variant=as_is",insider,with_sources,960,gboost,latency,"0.480 [0.443, 0.515]","0.481 [0.410, 0.560]",0.023,0.490
"acl_prefilter=True,ablate=latency_pad,variant=as_is",insider,with_sources,960,gboost,refusal,"0.500 [0.500, 0.500]","0.500 [0.500, 0.500]",0.000,0.500
"acl_prefilter=True,ablate=latency_pad,variant=as_is",insider,with_sources,960,gboost,content,"0.500 [0.500, 0.500]","0.500 [0.500, 0.500]",0.000,0.500
"acl_prefilter=True,ablate=latency_pad,variant=as_is",insider,with_sources,960,gboost,combined,"0.477 [0.442, 0.511]","0.476 [0.407, 0.549]",0.015,0.494
"acl_prefilter=True,ablate=latency_pad,variant=as_is",insider,with_reranker,960,threshold,rules,"0.500 [0.475, 0.528]","0.500 [0.431, 0.568]",0.002,0.500
"acl_prefilter=True,ablate=latency_pad,variant=as_is",insider,with_reranker,960,logreg,score,"0.500 [0.500, 0.500]","0.500 [0.500, 0.500]",0.000,0.500
"acl_prefilter=True,ablate=latency_pad,variant=as_is",insider,with_reranker,960,logreg,reranker,"0.500 [0.500, 0.500]","0.500 [0.500, 0.500]",0.000,0.500
"acl_prefilter=True,ablate=latency_pad,variant=as_is",insider,with_reranker,960,logreg,latency,"0.501 [0.462, 0.535]","0.494 [0.423, 0.571]",0.008,0.507
"acl_prefilter=True,ablate=latency_pad,variant=as_is",insider,with_reranker,960,logreg,refusal,"0.500 [0.500, 0.500]","0.500 [0.500, 0.500]",0.000,0.500
"acl_prefilter=True,ablate=latency_pad,variant=as_is",insider,with_reranker,960,logreg,content,"0.500 [0.500, 0.500]","0.500 [0.500, 0.500]",0.000,0.500
"acl_prefilter=True,ablate=latency_pad,variant=as_is",insider,with_reranker,960,logreg,combined,"0.504 [0.464, 0.539]","0.496 [0.426, 0.573]",0.008,0.500
"acl_prefilter=True,ablate=latency_pad,variant=as_is",insider,with_reranker,960,gboost,score,"0.500 [0.500, 0.500]","0.500 [0.500, 0.500]",0.000,0.500
"acl_prefilter=True,ablate=latency_pad,variant=as_is",insider,with_reranker,960,gboost,reranker,"0.500 [0.500, 0.500]","0.500 [0.500, 0.500]",0.000,0.500
"acl_prefilter=True,ablate=latency_pad,variant=as_is",insider,with_reranker,960,gboost,latency,"0.480 [0.443, 0.515]","0.481 [0.410, 0.560]",0.023,0.490
"acl_prefilter=True,ablate=latency_pad,variant=as_is",insider,with_reranker,960,gboost,refusal,"0.500 [0.500, 0.500]","0.500 [0.500, 0.500]",0.000,0.500
"acl_prefilter=True,ablate=latency_pad,variant=as_is",insider,with_reranker,960,gboost,content,"0.500 [0.500, 0.500]","0.500 [0.500, 0.500]",0.000,0.500
"acl_prefilter=True,ablate=latency_pad,variant=as_is",insider,with_reranker,960,gboost,combined,"0.475 [0.439, 0.508]","0.466 [0.394, 0.541]",0.013,0.483
"acl_prefilter=True,ablate=latency_pad,variant=as_is",outsider,text_only,960,threshold,rules,"0.500 [0.480, 0.519]","0.500 [0.458, 0.541]",0.000,0.500
"acl_prefilter=True,ablate=latency_pad,variant=as_is",outsider,text_only,960,logreg,score,"0.500 [0.500, 0.500]","0.500 [0.500, 0.500]",0.000,0.500
"acl_prefilter=True,ablate=latency_pad,variant=as_is",outsider,text_only,960,logreg,reranker,"0.500 [0.500, 0.500]","0.500 [0.500, 0.500]",0.000,0.500
"acl_prefilter=True,ablate=latency_pad,variant=as_is",outsider,text_only,960,logreg,latency,"0.473 [0.433, 0.509]","0.452 [0.385, 0.522]",0.008,0.471
"acl_prefilter=True,ablate=latency_pad,variant=as_is",outsider,text_only,960,logreg,refusal,"0.500 [0.500, 0.500]","0.500 [0.500, 0.500]",0.000,0.500
"acl_prefilter=True,ablate=latency_pad,variant=as_is",outsider,text_only,960,logreg,content,"0.500 [0.500, 0.500]","0.500 [0.500, 0.500]",0.000,0.500
"acl_prefilter=True,ablate=latency_pad,variant=as_is",outsider,text_only,960,logreg,combined,"0.469 [0.432, 0.506]","0.441 [0.374, 0.515]",0.008,0.465
"acl_prefilter=True,ablate=latency_pad,variant=as_is",outsider,text_only,960,gboost,score,"0.500 [0.500, 0.500]","0.500 [0.500, 0.500]",0.000,0.500
"acl_prefilter=True,ablate=latency_pad,variant=as_is",outsider,text_only,960,gboost,reranker,"0.500 [0.500, 0.500]","0.500 [0.500, 0.500]",0.000,0.500
"acl_prefilter=True,ablate=latency_pad,variant=as_is",outsider,text_only,960,gboost,latency,"0.557 [0.521, 0.592]","0.582 [0.508, 0.648]",0.015,0.533
"acl_prefilter=True,ablate=latency_pad,variant=as_is",outsider,text_only,960,gboost,refusal,"0.500 [0.500, 0.500]","0.500 [0.500, 0.500]",0.000,0.500
"acl_prefilter=True,ablate=latency_pad,variant=as_is",outsider,text_only,960,gboost,content,"0.500 [0.500, 0.500]","0.500 [0.500, 0.500]",0.000,0.500
"acl_prefilter=True,ablate=latency_pad,variant=as_is",outsider,text_only,960,gboost,combined,"0.557 [0.521, 0.592]","0.578 [0.503, 0.645]",0.019,0.549
"acl_prefilter=True,ablate=latency_pad,variant=as_is",outsider,with_sources,960,threshold,rules,"0.500 [0.471, 0.525]","0.500 [0.433, 0.568]",0.000,0.500
"acl_prefilter=True,ablate=latency_pad,variant=as_is",outsider,with_sources,960,logreg,score,"0.500 [0.500, 0.500]","0.500 [0.500, 0.500]",0.000,0.500
"acl_prefilter=True,ablate=latency_pad,variant=as_is",outsider,with_sources,960,logreg,reranker,"0.500 [0.500, 0.500]","0.500 [0.500, 0.500]",0.000,0.500
"acl_prefilter=True,ablate=latency_pad,variant=as_is",outsider,with_sources,960,logreg,latency,"0.473 [0.433, 0.509]","0.452 [0.385, 0.522]",0.008,0.471
"acl_prefilter=True,ablate=latency_pad,variant=as_is",outsider,with_sources,960,logreg,refusal,"0.500 [0.500, 0.500]","0.500 [0.500, 0.500]",0.000,0.500
"acl_prefilter=True,ablate=latency_pad,variant=as_is",outsider,with_sources,960,logreg,content,"0.500 [0.500, 0.500]","0.500 [0.500, 0.500]",0.000,0.500
"acl_prefilter=True,ablate=latency_pad,variant=as_is",outsider,with_sources,960,logreg,combined,"0.469 [0.433, 0.506]","0.433 [0.368, 0.508]",0.008,0.473
"acl_prefilter=True,ablate=latency_pad,variant=as_is",outsider,with_sources,960,gboost,score,"0.500 [0.500, 0.500]","0.500 [0.500, 0.500]",0.000,0.500
"acl_prefilter=True,ablate=latency_pad,variant=as_is",outsider,with_sources,960,gboost,reranker,"0.500 [0.500, 0.500]","0.500 [0.500, 0.500]",0.000,0.500
"acl_prefilter=True,ablate=latency_pad,variant=as_is",outsider,with_sources,960,gboost,latency,"0.557 [0.521, 0.592]","0.582 [0.508, 0.648]",0.015,0.533
"acl_prefilter=True,ablate=latency_pad,variant=as_is",outsider,with_sources,960,gboost,refusal,"0.500 [0.500, 0.500]","0.500 [0.500, 0.500]",0.000,0.500
"acl_prefilter=True,ablate=latency_pad,variant=as_is",outsider,with_sources,960,gboost,content,"0.500 [0.500, 0.500]","0.500 [0.500, 0.500]",0.000,0.500
"acl_prefilter=True,ablate=latency_pad,variant=as_is",outsider,with_sources,960,gboost,combined,"0.543 [0.506, 0.578]","0.572 [0.498, 0.636]",0.021,0.532
"acl_prefilter=True,ablate=latency_pad,variant=as_is",outsider,with_reranker,960,threshold,rules,"0.500 [0.471, 0.525]","0.500 [0.433, 0.568]",0.000,0.500
"acl_prefilter=True,ablate=latency_pad,variant=as_is",outsider,with_reranker,960,logreg,score,"0.500 [0.500, 0.500]","0.500 [0.500, 0.500]",0.000,0.500
"acl_prefilter=True,ablate=latency_pad,variant=as_is",outsider,with_reranker,960,logreg,reranker,"0.500 [0.500, 0.500]","0.500 [0.500, 0.500]",0.000,0.500
"acl_prefilter=True,ablate=latency_pad,variant=as_is",outsider,with_reranker,960,logreg,latency,"0.473 [0.433, 0.509]","0.452 [0.385, 0.522]",0.008,0.471
"acl_prefilter=True,ablate=latency_pad,variant=as_is",outsider,with_reranker,960,logreg,refusal,"0.500 [0.500, 0.500]","0.500 [0.500, 0.500]",0.000,0.500
"acl_prefilter=True,ablate=latency_pad,variant=as_is",outsider,with_reranker,960,logreg,content,"0.500 [0.500, 0.500]","0.500 [0.500, 0.500]",0.000,0.500
"acl_prefilter=True,ablate=latency_pad,variant=as_is",outsider,with_reranker,960,logreg,combined,"0.469 [0.432, 0.505]","0.435 [0.371, 0.509]",0.008,0.466
"acl_prefilter=True,ablate=latency_pad,variant=as_is",outsider,with_reranker,960,gboost,score,"0.500 [0.500, 0.500]","0.500 [0.500, 0.500]",0.000,0.500
"acl_prefilter=True,ablate=latency_pad,variant=as_is",outsider,with_reranker,960,gboost,reranker,"0.500 [0.500, 0.500]","0.500 [0.500, 0.500]",0.000,0.500
"acl_prefilter=True,ablate=latency_pad,variant=as_is",outsider,with_reranker,960,gboost,latency,"0.557 [0.521, 0.592]","0.582 [0.508, 0.648]",0.015,0.533
"acl_prefilter=True,ablate=latency_pad,variant=as_is",outsider,with_reranker,960,gboost,refusal,"0.500 [0.500, 0.500]","0.500 [0.500, 0.500]",0.000,0.500
"acl_prefilter=True,ablate=latency_pad,variant=as_is",outsider,with_reranker,960,gboost,content,"0.500 [0.500, 0.500]","0.500 [0.500, 0.500]",0.000,0.500
"acl_prefilter=True,ablate=latency_pad,variant=as_is",outsider,with_reranker,960,gboost,combined,"0.536 [0.500, 0.570]","0.559 [0.483, 0.623]",0.015,0.524
"acl_prefilter=True,ablate=latency_pad,variant=as_is",all,text_only,1920,threshold,rules,"0.500 [0.491, 0.510]","0.500 [0.478, 0.520]",0.000,0.500
"acl_prefilter=True,ablate=latency_pad,variant=as_is",all,text_only,1920,logreg,score,"0.500 [0.500, 0.500]","0.500 [0.500, 0.500]",0.000,0.500
"acl_prefilter=True,ablate=latency_pad,variant=as_is",all,text_only,1920,logreg,reranker,"0.500 [0.500, 0.500]","0.500 [0.500, 0.500]",0.000,0.500
"acl_prefilter=True,ablate=latency_pad,variant=as_is",all,text_only,1920,logreg,latency,"0.485 [0.459, 0.511]","0.479 [0.423, 0.531]",0.011,0.485
"acl_prefilter=True,ablate=latency_pad,variant=as_is",all,text_only,1920,logreg,refusal,"0.500 [0.500, 0.500]","0.500 [0.500, 0.500]",0.000,0.500
"acl_prefilter=True,ablate=latency_pad,variant=as_is",all,text_only,1920,logreg,content,"0.500 [0.500, 0.500]","0.500 [0.500, 0.500]",0.000,0.500
"acl_prefilter=True,ablate=latency_pad,variant=as_is",all,text_only,1920,logreg,combined,"0.487 [0.461, 0.513]","0.473 [0.421, 0.524]",0.009,0.484
"acl_prefilter=True,ablate=latency_pad,variant=as_is",all,text_only,1920,gboost,score,"0.500 [0.500, 0.500]","0.500 [0.500, 0.500]",0.000,0.500
"acl_prefilter=True,ablate=latency_pad,variant=as_is",all,text_only,1920,gboost,reranker,"0.500 [0.500, 0.500]","0.500 [0.500, 0.500]",0.000,0.500
"acl_prefilter=True,ablate=latency_pad,variant=as_is",all,text_only,1920,gboost,latency,"0.497 [0.473, 0.523]","0.497 [0.445, 0.545]",0.013,0.497
"acl_prefilter=True,ablate=latency_pad,variant=as_is",all,text_only,1920,gboost,refusal,"0.500 [0.500, 0.500]","0.500 [0.500, 0.500]",0.000,0.500
"acl_prefilter=True,ablate=latency_pad,variant=as_is",all,text_only,1920,gboost,content,"0.500 [0.500, 0.500]","0.500 [0.500, 0.500]",0.000,0.500
"acl_prefilter=True,ablate=latency_pad,variant=as_is",all,text_only,1920,gboost,combined,"0.504 [0.479, 0.530]","0.508 [0.457, 0.558]",0.011,0.496
"acl_prefilter=True,ablate=latency_pad,variant=as_is",all,with_sources,1920,threshold,rules,"0.500 [0.481, 0.519]","0.500 [0.453, 0.549]",0.000,0.500
"acl_prefilter=True,ablate=latency_pad,variant=as_is",all,with_sources,1920,logreg,score,"0.500 [0.500, 0.500]","0.500 [0.500, 0.500]",0.000,0.500
"acl_prefilter=True,ablate=latency_pad,variant=as_is",all,with_sources,1920,logreg,reranker,"0.500 [0.500, 0.500]","0.500 [0.500, 0.500]",0.000,0.500
"acl_prefilter=True,ablate=latency_pad,variant=as_is",all,with_sources,1920,logreg,latency,"0.485 [0.459, 0.511]","0.479 [0.423, 0.531]",0.011,0.485
"acl_prefilter=True,ablate=latency_pad,variant=as_is",all,with_sources,1920,logreg,refusal,"0.500 [0.500, 0.500]","0.500 [0.500, 0.500]",0.000,0.500
"acl_prefilter=True,ablate=latency_pad,variant=as_is",all,with_sources,1920,logreg,content,"0.500 [0.500, 0.500]","0.500 [0.500, 0.500]",0.000,0.500
"acl_prefilter=True,ablate=latency_pad,variant=as_is",all,with_sources,1920,logreg,combined,"0.487 [0.461, 0.514]","0.472 [0.420, 0.524]",0.007,0.490
"acl_prefilter=True,ablate=latency_pad,variant=as_is",all,with_sources,1920,gboost,score,"0.500 [0.500, 0.500]","0.500 [0.500, 0.500]",0.000,0.500
"acl_prefilter=True,ablate=latency_pad,variant=as_is",all,with_sources,1920,gboost,reranker,"0.500 [0.500, 0.500]","0.500 [0.500, 0.500]",0.000,0.500
"acl_prefilter=True,ablate=latency_pad,variant=as_is",all,with_sources,1920,gboost,latency,"0.497 [0.473, 0.523]","0.497 [0.445, 0.545]",0.013,0.497
"acl_prefilter=True,ablate=latency_pad,variant=as_is",all,with_sources,1920,gboost,refusal,"0.500 [0.500, 0.500]","0.500 [0.500, 0.500]",0.000,0.500
"acl_prefilter=True,ablate=latency_pad,variant=as_is",all,with_sources,1920,gboost,content,"0.500 [0.500, 0.500]","0.500 [0.500, 0.500]",0.000,0.500
"acl_prefilter=True,ablate=latency_pad,variant=as_is",all,with_sources,1920,gboost,combined,"0.498 [0.473, 0.524]","0.495 [0.443, 0.544]",0.016,0.492
"acl_prefilter=True,ablate=latency_pad,variant=as_is",all,with_reranker,1920,threshold,rules,"0.500 [0.481, 0.519]","0.500 [0.453, 0.549]",0.000,0.500
"acl_prefilter=True,ablate=latency_pad,variant=as_is",all,with_reranker,1920,logreg,score,"0.500 [0.500, 0.500]","0.500 [0.500, 0.500]",0.000,0.500
"acl_prefilter=True,ablate=latency_pad,variant=as_is",all,with_reranker,1920,logreg,reranker,"0.500 [0.500, 0.500]","0.500 [0.500, 0.500]",0.000,0.500
"acl_prefilter=True,ablate=latency_pad,variant=as_is",all,with_reranker,1920,logreg,latency,"0.485 [0.459, 0.511]","0.479 [0.423, 0.531]",0.011,0.485
"acl_prefilter=True,ablate=latency_pad,variant=as_is",all,with_reranker,1920,logreg,refusal,"0.500 [0.500, 0.500]","0.500 [0.500, 0.500]",0.000,0.500
"acl_prefilter=True,ablate=latency_pad,variant=as_is",all,with_reranker,1920,logreg,content,"0.500 [0.500, 0.500]","0.500 [0.500, 0.500]",0.000,0.500
"acl_prefilter=True,ablate=latency_pad,variant=as_is",all,with_reranker,1920,logreg,combined,"0.487 [0.462, 0.513]","0.473 [0.421, 0.524]",0.007,0.488
"acl_prefilter=True,ablate=latency_pad,variant=as_is",all,with_reranker,1920,gboost,score,"0.500 [0.500, 0.500]","0.500 [0.500, 0.500]",0.000,0.500
"acl_prefilter=True,ablate=latency_pad,variant=as_is",all,with_reranker,1920,gboost,reranker,"0.500 [0.500, 0.500]","0.500 [0.500, 0.500]",0.000,0.500
"acl_prefilter=True,ablate=latency_pad,variant=as_is",all,with_reranker,1920,gboost,latency,"0.497 [0.473, 0.523]","0.497 [0.445, 0.545]",0.013,0.497
"acl_prefilter=True,ablate=latency_pad,variant=as_is",all,with_reranker,1920,gboost,refusal,"0.500 [0.500, 0.500]","0.500 [0.500, 0.500]",0.000,0.500
"acl_prefilter=True,ablate=latency_pad,variant=as_is",all,with_reranker,1920,gboost,content,"0.500 [0.500, 0.500]","0.500 [0.500, 0.500]",0.000,0.500
"acl_prefilter=True,ablate=latency_pad,variant=as_is",all,with_reranker,1920,gboost,combined,"0.502 [0.476, 0.528]","0.494 [0.443, 0.545]",0.007,0.490
"acl_prefilter=True,ablate=latency_pad,variant=fast_refusal",insider,text_only,960,threshold,rules,"0.500 [0.475, 0.524]","0.500 [0.438, 0.560]",0.002,0.500
"acl_prefilter=True,ablate=latency_pad,variant=fast_refusal",insider,text_only,960,logreg,score,"0.500 [0.500, 0.500]","0.500 [0.500, 0.500]",0.000,0.500
"acl_prefilter=True,ablate=latency_pad,variant=fast_refusal",insider,text_only,960,logreg,reranker,"0.500 [0.500, 0.500]","0.500 [0.500, 0.500]",0.000,0.500
"acl_prefilter=True,ablate=latency_pad,variant=fast_refusal",insider,text_only,960,logreg,latency,"0.499 [0.464, 0.537]","0.504 [0.432, 0.574]",0.021,0.501
"acl_prefilter=True,ablate=latency_pad,variant=fast_refusal",insider,text_only,960,logreg,refusal,"0.500 [0.500, 0.500]","0.500 [0.500, 0.500]",0.000,0.500
"acl_prefilter=True,ablate=latency_pad,variant=fast_refusal",insider,text_only,960,logreg,content,"0.500 [0.500, 0.500]","0.500 [0.500, 0.500]",0.000,0.500
"acl_prefilter=True,ablate=latency_pad,variant=fast_refusal",insider,text_only,960,logreg,combined,"0.502 [0.467, 0.541]","0.514 [0.443, 0.581]",0.021,0.496
"acl_prefilter=True,ablate=latency_pad,variant=fast_refusal",insider,text_only,960,gboost,score,"0.500 [0.500, 0.500]","0.500 [0.500, 0.500]",0.000,0.500
"acl_prefilter=True,ablate=latency_pad,variant=fast_refusal",insider,text_only,960,gboost,reranker,"0.500 [0.500, 0.500]","0.500 [0.500, 0.500]",0.000,0.500
"acl_prefilter=True,ablate=latency_pad,variant=fast_refusal",insider,text_only,960,gboost,latency,"0.505 [0.471, 0.543]","0.521 [0.448, 0.594]",0.006,0.498
"acl_prefilter=True,ablate=latency_pad,variant=fast_refusal",insider,text_only,960,gboost,refusal,"0.500 [0.500, 0.500]","0.500 [0.500, 0.500]",0.000,0.500
"acl_prefilter=True,ablate=latency_pad,variant=fast_refusal",insider,text_only,960,gboost,content,"0.500 [0.500, 0.500]","0.500 [0.500, 0.500]",0.000,0.500
"acl_prefilter=True,ablate=latency_pad,variant=fast_refusal",insider,text_only,960,gboost,combined,"0.513 [0.478, 0.550]","0.524 [0.455, 0.594]",0.008,0.510
"acl_prefilter=True,ablate=latency_pad,variant=fast_refusal",insider,with_sources,960,threshold,rules,"0.500 [0.467, 0.532]","0.500 [0.427, 0.573]",0.002,0.500
"acl_prefilter=True,ablate=latency_pad,variant=fast_refusal",insider,with_sources,960,logreg,score,"0.500 [0.500, 0.500]","0.500 [0.500, 0.500]",0.000,0.500
"acl_prefilter=True,ablate=latency_pad,variant=fast_refusal",insider,with_sources,960,logreg,reranker,"0.500 [0.500, 0.500]","0.500 [0.500, 0.500]",0.000,0.500
"acl_prefilter=True,ablate=latency_pad,variant=fast_refusal",insider,with_sources,960,logreg,latency,"0.499 [0.464, 0.537]","0.504 [0.432, 0.574]",0.021,0.501
"acl_prefilter=True,ablate=latency_pad,variant=fast_refusal",insider,with_sources,960,logreg,refusal,"0.500 [0.500, 0.500]","0.500 [0.500, 0.500]",0.000,0.500
"acl_prefilter=True,ablate=latency_pad,variant=fast_refusal",insider,with_sources,960,logreg,content,"0.500 [0.500, 0.500]","0.500 [0.500, 0.500]",0.000,0.500
"acl_prefilter=True,ablate=latency_pad,variant=fast_refusal",insider,with_sources,960,logreg,combined,"0.501 [0.465, 0.539]","0.505 [0.432, 0.578]",0.027,0.495
"acl_prefilter=True,ablate=latency_pad,variant=fast_refusal",insider,with_sources,960,gboost,score,"0.500 [0.500, 0.500]","0.500 [0.500, 0.500]",0.000,0.500
"acl_prefilter=True,ablate=latency_pad,variant=fast_refusal",insider,with_sources,960,gboost,reranker,"0.500 [0.500, 0.500]","0.500 [0.500, 0.500]",0.000,0.500
"acl_prefilter=True,ablate=latency_pad,variant=fast_refusal",insider,with_sources,960,gboost,latency,"0.505 [0.471, 0.543]","0.521 [0.448, 0.594]",0.006,0.498
"acl_prefilter=True,ablate=latency_pad,variant=fast_refusal",insider,with_sources,960,gboost,refusal,"0.500 [0.500, 0.500]","0.500 [0.500, 0.500]",0.000,0.500
"acl_prefilter=True,ablate=latency_pad,variant=fast_refusal",insider,with_sources,960,gboost,content,"0.500 [0.500, 0.500]","0.500 [0.500, 0.500]",0.000,0.500
"acl_prefilter=True,ablate=latency_pad,variant=fast_refusal",insider,with_sources,960,gboost,combined,"0.510 [0.476, 0.547]","0.520 [0.449, 0.592]",0.004,0.509
"acl_prefilter=True,ablate=latency_pad,variant=fast_refusal",insider,with_reranker,960,threshold,rules,"0.500 [0.467, 0.532]","0.500 [0.427, 0.573]",0.002,0.500
"acl_prefilter=True,ablate=latency_pad,variant=fast_refusal",insider,with_reranker,960,logreg,score,"0.500 [0.500, 0.500]","0.500 [0.500, 0.500]",0.000,0.500
"acl_prefilter=True,ablate=latency_pad,variant=fast_refusal",insider,with_reranker,960,logreg,reranker,"0.500 [0.500, 0.500]","0.500 [0.500, 0.500]",0.000,0.500
"acl_prefilter=True,ablate=latency_pad,variant=fast_refusal",insider,with_reranker,960,logreg,latency,"0.499 [0.464, 0.537]","0.504 [0.432, 0.574]",0.021,0.501
"acl_prefilter=True,ablate=latency_pad,variant=fast_refusal",insider,with_reranker,960,logreg,refusal,"0.500 [0.500, 0.500]","0.500 [0.500, 0.500]",0.000,0.500
"acl_prefilter=True,ablate=latency_pad,variant=fast_refusal",insider,with_reranker,960,logreg,content,"0.500 [0.500, 0.500]","0.500 [0.500, 0.500]",0.000,0.500
"acl_prefilter=True,ablate=latency_pad,variant=fast_refusal",insider,with_reranker,960,logreg,combined,"0.500 [0.463, 0.537]","0.506 [0.433, 0.579]",0.029,0.500
"acl_prefilter=True,ablate=latency_pad,variant=fast_refusal",insider,with_reranker,960,gboost,score,"0.500 [0.500, 0.500]","0.500 [0.500, 0.500]",0.000,0.500
"acl_prefilter=True,ablate=latency_pad,variant=fast_refusal",insider,with_reranker,960,gboost,reranker,"0.500 [0.500, 0.500]","0.500 [0.500, 0.500]",0.000,0.500
"acl_prefilter=True,ablate=latency_pad,variant=fast_refusal",insider,with_reranker,960,gboost,latency,"0.505 [0.471, 0.543]","0.521 [0.448, 0.594]",0.006,0.498
"acl_prefilter=True,ablate=latency_pad,variant=fast_refusal",insider,with_reranker,960,gboost,refusal,"0.500 [0.500, 0.500]","0.500 [0.500, 0.500]",0.000,0.500
"acl_prefilter=True,ablate=latency_pad,variant=fast_refusal",insider,with_reranker,960,gboost,content,"0.500 [0.500, 0.500]","0.500 [0.500, 0.500]",0.000,0.500
"acl_prefilter=True,ablate=latency_pad,variant=fast_refusal",insider,with_reranker,960,gboost,combined,"0.510 [0.476, 0.546]","0.501 [0.431, 0.573]",0.000,0.519
"acl_prefilter=True,ablate=latency_pad,variant=fast_refusal",outsider,text_only,960,threshold,rules,"0.500 [0.473, 0.526]","0.500 [0.432, 0.559]",0.000,0.500
"acl_prefilter=True,ablate=latency_pad,variant=fast_refusal",outsider,text_only,960,logreg,score,"0.500 [0.500, 0.500]","0.500 [0.500, 0.500]",0.000,0.500
"acl_prefilter=True,ablate=latency_pad,variant=fast_refusal",outsider,text_only,960,logreg,reranker,"0.500 [0.500, 0.500]","0.500 [0.500, 0.500]",0.000,0.500
"acl_prefilter=True,ablate=latency_pad,variant=fast_refusal",outsider,text_only,960,logreg,latency,"0.484 [0.444, 0.520]","0.476 [0.400, 0.545]",0.010,0.488
"acl_prefilter=True,ablate=latency_pad,variant=fast_refusal",outsider,text_only,960,logreg,refusal,"0.500 [0.500, 0.500]","0.500 [0.500, 0.500]",0.000,0.500
"acl_prefilter=True,ablate=latency_pad,variant=fast_refusal",outsider,text_only,960,logreg,content,"0.500 [0.500, 0.500]","0.500 [0.500, 0.500]",0.000,0.500
"acl_prefilter=True,ablate=latency_pad,variant=fast_refusal",outsider,text_only,960,logreg,combined,"0.484 [0.447, 0.518]","0.494 [0.422, 0.564]",0.019,0.481
"acl_prefilter=True,ablate=latency_pad,variant=fast_refusal",outsider,text_only,960,gboost,score,"0.500 [0.500, 0.500]","0.500 [0.500, 0.500]",0.000,0.500
"acl_prefilter=True,ablate=latency_pad,variant=fast_refusal",outsider,text_only,960,gboost,reranker,"0.500 [0.500, 0.500]","0.500 [0.500, 0.500]",0.000,0.500
"acl_prefilter=True,ablate=latency_pad,variant=fast_refusal",outsider,text_only,960,gboost,latency,"0.493 [0.455, 0.529]","0.514 [0.437, 0.583]",0.013,0.486
"acl_prefilter=True,ablate=latency_pad,variant=fast_refusal",outsider,text_only,960,gboost,refusal,"0.500 [0.500, 0.500]","0.500 [0.500, 0.500]",0.000,0.500
"acl_prefilter=True,ablate=latency_pad,variant=fast_refusal",outsider,text_only,960,gboost,content,"0.500 [0.500, 0.500]","0.500 [0.500, 0.500]",0.000,0.500
"acl_prefilter=True,ablate=latency_pad,variant=fast_refusal",outsider,text_only,960,gboost,combined,"0.497 [0.461, 0.534]","0.511 [0.439, 0.580]",0.013,0.488
"acl_prefilter=True,ablate=latency_pad,variant=fast_refusal",outsider,with_sources,960,threshold,rules,"0.500 [0.465, 0.529]","0.500 [0.425, 0.567]",0.000,0.500
"acl_prefilter=True,ablate=latency_pad,variant=fast_refusal",outsider,with_sources,960,logreg,score,"0.500 [0.500, 0.500]","0.500 [0.500, 0.500]",0.000,0.500
"acl_prefilter=True,ablate=latency_pad,variant=fast_refusal",outsider,with_sources,960,logreg,reranker,"0.500 [0.500, 0.500]","0.500 [0.500, 0.500]",0.000,0.500
"acl_prefilter=True,ablate=latency_pad,variant=fast_refusal",outsider,with_sources,960,logreg,latency,"0.484 [0.444, 0.520]","0.476 [0.400, 0.545]",0.010,0.488
"acl_prefilter=True,ablate=latency_pad,variant=fast_refusal",outsider,with_sources,960,logreg,refusal,"0.500 [0.500, 0.500]","0.500 [0.500, 0.500]",0.000,0.500
"acl_prefilter=True,ablate=latency_pad,variant=fast_refusal",outsider,with_sources,960,logreg,content,"0.500 [0.500, 0.500]","0.500 [0.500, 0.500]",0.000,0.500
"acl_prefilter=True,ablate=latency_pad,variant=fast_refusal",outsider,with_sources,960,logreg,combined,"0.484 [0.448, 0.518]","0.496 [0.424, 0.569]",0.019,0.483
"acl_prefilter=True,ablate=latency_pad,variant=fast_refusal",outsider,with_sources,960,gboost,score,"0.500 [0.500, 0.500]","0.500 [0.500, 0.500]",0.000,0.500
"acl_prefilter=True,ablate=latency_pad,variant=fast_refusal",outsider,with_sources,960,gboost,reranker,"0.500 [0.500, 0.500]","0.500 [0.500, 0.500]",0.000,0.500
"acl_prefilter=True,ablate=latency_pad,variant=fast_refusal",outsider,with_sources,960,gboost,latency,"0.493 [0.455, 0.529]","0.514 [0.437, 0.583]",0.013,0.486
"acl_prefilter=True,ablate=latency_pad,variant=fast_refusal",outsider,with_sources,960,gboost,refusal,"0.500 [0.500, 0.500]","0.500 [0.500, 0.500]",0.000,0.500
"acl_prefilter=True,ablate=latency_pad,variant=fast_refusal",outsider,with_sources,960,gboost,content,"0.500 [0.500, 0.500]","0.500 [0.500, 0.500]",0.000,0.500
"acl_prefilter=True,ablate=latency_pad,variant=fast_refusal",outsider,with_sources,960,gboost,combined,"0.502 [0.466, 0.538]","0.501 [0.428, 0.570]",0.015,0.495
"acl_prefilter=True,ablate=latency_pad,variant=fast_refusal",outsider,with_reranker,960,threshold,rules,"0.500 [0.465, 0.529]","0.500 [0.425, 0.567]",0.000,0.500
"acl_prefilter=True,ablate=latency_pad,variant=fast_refusal",outsider,with_reranker,960,logreg,score,"0.500 [0.500, 0.500]","0.500 [0.500, 0.500]",0.000,0.500
"acl_prefilter=True,ablate=latency_pad,variant=fast_refusal",outsider,with_reranker,960,logreg,reranker,"0.500 [0.500, 0.500]","0.500 [0.500, 0.500]",0.000,0.500
"acl_prefilter=True,ablate=latency_pad,variant=fast_refusal",outsider,with_reranker,960,logreg,latency,"0.484 [0.444, 0.520]","0.476 [0.400, 0.545]",0.010,0.488
"acl_prefilter=True,ablate=latency_pad,variant=fast_refusal",outsider,with_reranker,960,logreg,refusal,"0.500 [0.500, 0.500]","0.500 [0.500, 0.500]",0.000,0.500
"acl_prefilter=True,ablate=latency_pad,variant=fast_refusal",outsider,with_reranker,960,logreg,content,"0.500 [0.500, 0.500]","0.500 [0.500, 0.500]",0.000,0.500
"acl_prefilter=True,ablate=latency_pad,variant=fast_refusal",outsider,with_reranker,960,logreg,combined,"0.483 [0.445, 0.517]","0.494 [0.421, 0.566]",0.021,0.472
"acl_prefilter=True,ablate=latency_pad,variant=fast_refusal",outsider,with_reranker,960,gboost,score,"0.500 [0.500, 0.500]","0.500 [0.500, 0.500]",0.000,0.500
"acl_prefilter=True,ablate=latency_pad,variant=fast_refusal",outsider,with_reranker,960,gboost,reranker,"0.500 [0.500, 0.500]","0.500 [0.500, 0.500]",0.000,0.500
"acl_prefilter=True,ablate=latency_pad,variant=fast_refusal",outsider,with_reranker,960,gboost,latency,"0.493 [0.455, 0.529]","0.514 [0.437, 0.583]",0.013,0.486
"acl_prefilter=True,ablate=latency_pad,variant=fast_refusal",outsider,with_reranker,960,gboost,refusal,"0.500 [0.500, 0.500]","0.500 [0.500, 0.500]",0.000,0.500
"acl_prefilter=True,ablate=latency_pad,variant=fast_refusal",outsider,with_reranker,960,gboost,content,"0.500 [0.500, 0.500]","0.500 [0.500, 0.500]",0.000,0.500
"acl_prefilter=True,ablate=latency_pad,variant=fast_refusal",outsider,with_reranker,960,gboost,combined,"0.499 [0.462, 0.533]","0.500 [0.428, 0.571]",0.017,0.494
"acl_prefilter=True,ablate=latency_pad,variant=fast_refusal",all,text_only,1920,threshold,rules,"0.500 [0.483, 0.518]","0.500 [0.457, 0.547]",0.000,0.500
"acl_prefilter=True,ablate=latency_pad,variant=fast_refusal",all,text_only,1920,logreg,score,"0.500 [0.500, 0.500]","0.500 [0.500, 0.500]",0.000,0.500
"acl_prefilter=True,ablate=latency_pad,variant=fast_refusal",all,text_only,1920,logreg,reranker,"0.500 [0.500, 0.500]","0.500 [0.500, 0.500]",0.000,0.500
"acl_prefilter=True,ablate=latency_pad,variant=fast_refusal",all,text_only,1920,logreg,latency,"0.490 [0.463, 0.515]","0.493 [0.439, 0.542]",0.008,0.492
"acl_prefilter=True,ablate=latency_pad,variant=fast_refusal",all,text_only,1920,logreg,refusal,"0.500 [0.500, 0.500]","0.500 [0.500, 0.500]",0.000,0.500
"acl_prefilter=True,ablate=latency_pad,variant=fast_refusal",all,text_only,1920,logreg,content,"0.500 [0.500, 0.500]","0.500 [0.500, 0.500]",0.000,0.500
"acl_prefilter=True,ablate=latency_pad,variant=fast_refusal",all,text_only,1920,logreg,combined,"0.489 [0.463, 0.514]","0.502 [0.449, 0.553]",0.019,0.485
"acl_prefilter=True,ablate=latency_pad,variant=fast_refusal",all,text_only,1920,gboost,score,"0.500 [0.500, 0.500]","0.500 [0.500, 0.500]",0.000,0.500
"acl_prefilter=True,ablate=latency_pad,variant=fast_refusal",all,text_only,1920,gboost,reranker,"0.500 [0.500, 0.500]","0.500 [0.500, 0.500]",0.000,0.500
"acl_prefilter=True,ablate=latency_pad,variant=fast_refusal",all,text_only,1920,gboost,latency,"0.512 [0.486, 0.537]","0.521 [0.467, 0.570]",0.014,0.506
"acl_prefilter=True,ablate=latency_pad,variant=fast_refusal",all,text_only,1920,gboost,refusal,"0.500 [0.500, 0.500]","0.500 [0.500, 0.500]",0.000,0.500
"acl_prefilter=True,ablate=latency_pad,variant=fast_refusal",all,text_only,1920,gboost,content,"0.500 [0.500, 0.500]","0.500 [0.500, 0.500]",0.000,0.500
"acl_prefilter=True,ablate=latency_pad,variant=fast_refusal",all,text_only,1920,gboost,combined,"0.508 [0.480, 0.533]","0.516 [0.463, 0.565]",0.013,0.501
"acl_prefilter=True,ablate=latency_pad,variant=fast_refusal",all,with_sources,1920,threshold,rules,"0.500 [0.477, 0.522]","0.500 [0.450, 0.551]",0.000,0.500
"acl_prefilter=True,ablate=latency_pad,variant=fast_refusal",all,with_sources,1920,logreg,score,"0.500 [0.500, 0.500]","0.500 [0.500, 0.500]",0.000,0.500
"acl_prefilter=True,ablate=latency_pad,variant=fast_refusal",all,with_sources,1920,logreg,reranker,"0.500 [0.500, 0.500]","0.500 [0.500, 0.500]",0.000,0.500
"acl_prefilter=True,ablate=latency_pad,variant=fast_refusal",all,with_sources,1920,logreg,latency,"0.490 [0.463, 0.515]","0.493 [0.439, 0.542]",0.008,0.492
"acl_prefilter=True,ablate=latency_pad,variant=fast_refusal",all,with_sources,1920,logreg,refusal,"0.500 [0.500, 0.500]","0.500 [0.500, 0.500]",0.000,0.500
"acl_prefilter=True,ablate=latency_pad,variant=fast_refusal",all,with_sources,1920,logreg,content,"0.500 [0.500, 0.500]","0.500 [0.500, 0.500]",0.000,0.500
"acl_prefilter=True,ablate=latency_pad,variant=fast_refusal",all,with_sources,1920,logreg,combined,"0.490 [0.464, 0.515]","0.502 [0.450, 0.552]",0.016,0.488
"acl_prefilter=True,ablate=latency_pad,variant=fast_refusal",all,with_sources,1920,gboost,score,"0.500 [0.500, 0.500]","0.500 [0.500, 0.500]",0.000,0.500
"acl_prefilter=True,ablate=latency_pad,variant=fast_refusal",all,with_sources,1920,gboost,reranker,"0.500 [0.500, 0.500]","0.500 [0.500, 0.500]",0.000,0.500
"acl_prefilter=True,ablate=latency_pad,variant=fast_refusal",all,with_sources,1920,gboost,latency,"0.512 [0.486, 0.537]","0.521 [0.467, 0.570]",0.014,0.506
"acl_prefilter=True,ablate=latency_pad,variant=fast_refusal",all,with_sources,1920,gboost,refusal,"0.500 [0.500, 0.500]","0.500 [0.500, 0.500]",0.000,0.500
"acl_prefilter=True,ablate=latency_pad,variant=fast_refusal",all,with_sources,1920,gboost,content,"0.500 [0.500, 0.500]","0.500 [0.500, 0.500]",0.000,0.500
"acl_prefilter=True,ablate=latency_pad,variant=fast_refusal",all,with_sources,1920,gboost,combined,"0.505 [0.478, 0.530]","0.513 [0.458, 0.562]",0.011,0.499
"acl_prefilter=True,ablate=latency_pad,variant=fast_refusal",all,with_reranker,1920,threshold,rules,"0.500 [0.477, 0.522]","0.500 [0.450, 0.551]",0.000,0.500
"acl_prefilter=True,ablate=latency_pad,variant=fast_refusal",all,with_reranker,1920,logreg,score,"0.500 [0.500, 0.500]","0.500 [0.500, 0.500]",0.000,0.500
"acl_prefilter=True,ablate=latency_pad,variant=fast_refusal",all,with_reranker,1920,logreg,reranker,"0.500 [0.500, 0.500]","0.500 [0.500, 0.500]",0.000,0.500
"acl_prefilter=True,ablate=latency_pad,variant=fast_refusal",all,with_reranker,1920,logreg,latency,"0.490 [0.463, 0.515]","0.493 [0.439, 0.542]",0.008,0.492
"acl_prefilter=True,ablate=latency_pad,variant=fast_refusal",all,with_reranker,1920,logreg,refusal,"0.500 [0.500, 0.500]","0.500 [0.500, 0.500]",0.000,0.500
"acl_prefilter=True,ablate=latency_pad,variant=fast_refusal",all,with_reranker,1920,logreg,content,"0.500 [0.500, 0.500]","0.500 [0.500, 0.500]",0.000,0.500
"acl_prefilter=True,ablate=latency_pad,variant=fast_refusal",all,with_reranker,1920,logreg,combined,"0.491 [0.464, 0.516]","0.504 [0.453, 0.556]",0.019,0.487
"acl_prefilter=True,ablate=latency_pad,variant=fast_refusal",all,with_reranker,1920,gboost,score,"0.500 [0.500, 0.500]","0.500 [0.500, 0.500]",0.000,0.500
"acl_prefilter=True,ablate=latency_pad,variant=fast_refusal",all,with_reranker,1920,gboost,reranker,"0.500 [0.500, 0.500]","0.500 [0.500, 0.500]",0.000,0.500
"acl_prefilter=True,ablate=latency_pad,variant=fast_refusal",all,with_reranker,1920,gboost,latency,"0.512 [0.486, 0.537]","0.521 [0.467, 0.570]",0.014,0.506
"acl_prefilter=True,ablate=latency_pad,variant=fast_refusal",all,with_reranker,1920,gboost,refusal,"0.500 [0.500, 0.500]","0.500 [0.500, 0.500]",0.000,0.500
"acl_prefilter=True,ablate=latency_pad,variant=fast_refusal",all,with_reranker,1920,gboost,content,"0.500 [0.500, 0.500]","0.500 [0.500, 0.500]",0.000,0.500
"acl_prefilter=True,ablate=latency_pad,variant=fast_refusal",all,with_reranker,1920,gboost,combined,"0.502 [0.475, 0.528]","0.503 [0.453, 0.551]",0.013,0.504
"acl_prefilter=True,ablate=latency_pad,variant=pad30",insider,text_only,960,threshold,rules,"0.500 [0.497, 0.503]","0.500 [0.487, 0.512]",0.002,0.500
"acl_prefilter=True,ablate=latency_pad,variant=pad30",insider,text_only,960,logreg,score,"0.500 [0.500, 0.500]","0.500 [0.500, 0.500]",0.000,0.500
"acl_prefilter=True,ablate=latency_pad,variant=pad30",insider,text_only,960,logreg,reranker,"0.500 [0.500, 0.500]","0.500 [0.500, 0.500]",0.000,0.500
"acl_prefilter=True,ablate=latency_pad,variant=pad30",insider,text_only,960,logreg,latency,"0.501 [0.462, 0.535]","0.494 [0.423, 0.571]",0.008,0.507
"acl_prefilter=True,ablate=latency_pad,variant=pad30",insider,text_only,960,logreg,refusal,"0.500 [0.500, 0.500]","0.500 [0.500, 0.500]",0.000,0.500
"acl_prefilter=True,ablate=latency_pad,variant=pad30",insider,text_only,960,logreg,content,"0.500 [0.500, 0.500]","0.500 [0.500, 0.500]",0.000,0.500
"acl_prefilter=True,ablate=latency_pad,variant=pad30",insider,text_only,960,logreg,combined,"0.503 [0.464, 0.538]","0.497 [0.424, 0.572]",0.015,0.509
"acl_prefilter=True,ablate=latency_pad,variant=pad30",insider,text_only,960,gboost,score,"0.500 [0.500, 0.500]","0.500 [0.500, 0.500]",0.000,0.500
"acl_prefilter=True,ablate=latency_pad,variant=pad30",insider,text_only,960,gboost,reranker,"0.500 [0.500, 0.500]","0.500 [0.500, 0.500]",0.000,0.500
"acl_prefilter=True,ablate=latency_pad,variant=pad30",insider,text_only,960,gboost,latency,"0.470 [0.434, 0.506]","0.473 [0.402, 0.546]",0.008,0.467
"acl_prefilter=True,ablate=latency_pad,variant=pad30",insider,text_only,960,gboost,refusal,"0.500 [0.500, 0.500]","0.500 [0.500, 0.500]",0.000,0.500
"acl_prefilter=True,ablate=latency_pad,variant=pad30",insider,text_only,960,gboost,content,"0.500 [0.500, 0.500]","0.500 [0.500, 0.500]",0.000,0.500
"acl_prefilter=True,ablate=latency_pad,variant=pad30",insider,text_only,960,gboost,combined,"0.469 [0.432, 0.505]","0.465 [0.398, 0.538]",0.013,0.466
"acl_prefilter=True,ablate=latency_pad,variant=pad30",insider,with_sources,960,threshold,rules,"0.500 [0.475, 0.528]","0.500 [0.431, 0.568]",0.002,0.500
"acl_prefilter=True,ablate=latency_pad,variant=pad30",insider,with_sources,960,logreg,score,"0.500 [0.500, 0.500]","0.500 [0.500, 0.500]",0.000,0.500
"acl_prefilter=True,ablate=latency_pad,variant=pad30",insider,with_sources,960,logreg,reranker,"0.500 [0.500, 0.500]","0.500 [0.500, 0.500]",0.000,0.500
"acl_prefilter=True,ablate=latency_pad,variant=pad30",insider,with_sources,960,logreg,latency,"0.501 [0.462, 0.535]","0.494 [0.423, 0.571]",0.008,0.507
"acl_prefilter=True,ablate=latency_pad,variant=pad30",insider,with_sources,960,logreg,refusal,"0.500 [0.500, 0.500]","0.500 [0.500, 0.500]",0.000,0.500
"acl_prefilter=True,ablate=latency_pad,variant=pad30",insider,with_sources,960,logreg,content,"0.500 [0.500, 0.500]","0.500 [0.500, 0.500]",0.000,0.500
"acl_prefilter=True,ablate=latency_pad,variant=pad30",insider,with_sources,960,logreg,combined,"0.504 [0.464, 0.539]","0.497 [0.427, 0.573]",0.008,0.501
"acl_prefilter=True,ablate=latency_pad,variant=pad30",insider,with_sources,960,gboost,score,"0.500 [0.500, 0.500]","0.500 [0.500, 0.500]",0.000,0.500
"acl_prefilter=True,ablate=latency_pad,variant=pad30",insider,with_sources,960,gboost,reranker,"0.500 [0.500, 0.500]","0.500 [0.500, 0.500]",0.000,0.500
"acl_prefilter=True,ablate=latency_pad,variant=pad30",insider,with_sources,960,gboost,latency,"0.470 [0.434, 0.506]","0.473 [0.402, 0.546]",0.008,0.467
"acl_prefilter=True,ablate=latency_pad,variant=pad30",insider,with_sources,960,gboost,refusal,"0.500 [0.500, 0.500]","0.500 [0.500, 0.500]",0.000,0.500
"acl_prefilter=True,ablate=latency_pad,variant=pad30",insider,with_sources,960,gboost,content,"0.500 [0.500, 0.500]","0.500 [0.500, 0.500]",0.000,0.500
"acl_prefilter=True,ablate=latency_pad,variant=pad30",insider,with_sources,960,gboost,combined,"0.467 [0.431, 0.505]","0.469 [0.396, 0.538]",0.013,0.463
"acl_prefilter=True,ablate=latency_pad,variant=pad30",insider,with_reranker,960,threshold,rules,"0.500 [0.475, 0.528]","0.500 [0.431, 0.568]",0.002,0.500
"acl_prefilter=True,ablate=latency_pad,variant=pad30",insider,with_reranker,960,logreg,score,"0.500 [0.500, 0.500]","0.500 [0.500, 0.500]",0.000,0.500
"acl_prefilter=True,ablate=latency_pad,variant=pad30",insider,with_reranker,960,logreg,reranker,"0.500 [0.500, 0.500]","0.500 [0.500, 0.500]",0.000,0.500
"acl_prefilter=True,ablate=latency_pad,variant=pad30",insider,with_reranker,960,logreg,latency,"0.501 [0.462, 0.535]","0.494 [0.423, 0.571]",0.008,0.507
"acl_prefilter=True,ablate=latency_pad,variant=pad30",insider,with_reranker,960,logreg,refusal,"0.500 [0.500, 0.500]","0.500 [0.500, 0.500]",0.000,0.500
"acl_prefilter=True,ablate=latency_pad,variant=pad30",insider,with_reranker,960,logreg,content,"0.500 [0.500, 0.500]","0.500 [0.500, 0.500]",0.000,0.500
"acl_prefilter=True,ablate=latency_pad,variant=pad30",insider,with_reranker,960,logreg,combined,"0.504 [0.463, 0.540]","0.497 [0.428, 0.575]",0.008,0.500
"acl_prefilter=True,ablate=latency_pad,variant=pad30",insider,with_reranker,960,gboost,score,"0.500 [0.500, 0.500]","0.500 [0.500, 0.500]",0.000,0.500
"acl_prefilter=True,ablate=latency_pad,variant=pad30",insider,with_reranker,960,gboost,reranker,"0.500 [0.500, 0.500]","0.500 [0.500, 0.500]",0.000,0.500
"acl_prefilter=True,ablate=latency_pad,variant=pad30",insider,with_reranker,960,gboost,latency,"0.470 [0.434, 0.506]","0.473 [0.402, 0.546]",0.008,0.467
"acl_prefilter=True,ablate=latency_pad,variant=pad30",insider,with_reranker,960,gboost,refusal,"0.500 [0.500, 0.500]","0.500 [0.500, 0.500]",0.000,0.500
"acl_prefilter=True,ablate=latency_pad,variant=pad30",insider,with_reranker,960,gboost,content,"0.500 [0.500, 0.500]","0.500 [0.500, 0.500]",0.000,0.500
"acl_prefilter=True,ablate=latency_pad,variant=pad30",insider,with_reranker,960,gboost,combined,"0.465 [0.429, 0.502]","0.470 [0.398, 0.540]",0.013,0.456
"acl_prefilter=True,ablate=latency_pad,variant=pad30",outsider,text_only,960,threshold,rules,"0.500 [0.480, 0.519]","0.500 [0.458, 0.541]",0.000,0.500
"acl_prefilter=True,ablate=latency_pad,variant=pad30",outsider,text_only,960,logreg,score,"0.500 [0.500, 0.500]","0.500 [0.500, 0.500]",0.000,0.500
"acl_prefilter=True,ablate=latency_pad,variant=pad30",outsider,text_only,960,logreg,reranker,"0.500 [0.500, 0.500]","0.500 [0.500, 0.500]",0.000,0.500
"acl_prefilter=True,ablate=latency_pad,variant=pad30",outsider,text_only,960,logreg,latency,"0.474 [0.434, 0.509]","0.452 [0.385, 0.522]",0.008,0.469
"acl_prefilter=True,ablate=latency_pad,variant=pad30",outsider,text_only,960,logreg,refusal,"0.500 [0.500, 0.500]","0.500 [0.500, 0.500]",0.000,0.500
"acl_prefilter=True,ablate=latency_pad,variant=pad30",outsider,text_only,960,logreg,content,"0.500 [0.500, 0.500]","0.500 [0.500, 0.500]",0.000,0.500
"acl_prefilter=True,ablate=latency_pad,variant=pad30",outsider,text_only,960,logreg,combined,"0.470 [0.434, 0.507]","0.442 [0.375, 0.516]",0.008,0.467
"acl_prefilter=True,ablate=latency_pad,variant=pad30",outsider,text_only,960,gboost,score,"0.500 [0.500, 0.500]","0.500 [0.500, 0.500]",0.000,0.500
"acl_prefilter=True,ablate=latency_pad,variant=pad30",outsider,text_only,960,gboost,reranker,"0.500 [0.500, 0.500]","0.500 [0.500, 0.500]",0.000,0.500
"acl_prefilter=True,ablate=latency_pad,variant=pad30",outsider,text_only,960,gboost,latency,"0.517 [0.478, 0.553]","0.534 [0.459, 0.604]",0.010,0.514
"acl_prefilter=True,ablate=latency_pad,variant=pad30",outsider,text_only,960,gboost,refusal,"0.500 [0.500, 0.500]","0.500 [0.500, 0.500]",0.000,0.500
"acl_prefilter=True,ablate=latency_pad,variant=pad30",outsider,text_only,960,gboost,content,"0.500 [0.500, 0.500]","0.500 [0.500, 0.500]",0.000,0.500
"acl_prefilter=True,ablate=latency_pad,variant=pad30",outsider,text_only,960,gboost,combined,"0.518 [0.481, 0.552]","0.536 [0.464, 0.609]",0.013,0.509
"acl_prefilter=True,ablate=latency_pad,variant=pad30",outsider,with_sources,960,threshold,rules,"0.500 [0.471, 0.525]","0.500 [0.433, 0.568]",0.000,0.500
"acl_prefilter=True,ablate=latency_pad,variant=pad30",outsider,with_sources,960,logreg,score,"0.500 [0.500, 0.500]","0.500 [0.500, 0.500]",0.000,0.500
"acl_prefilter=True,ablate=latency_pad,variant=pad30",outsider,with_sources,960,logreg,reranker,"0.500 [0.500, 0.500]","0.500 [0.500, 0.500]",0.000,0.500
"acl_prefilter=True,ablate=latency_pad,variant=pad30",outsider,with_sources,960,logreg,latency,"0.474 [0.434, 0.509]","0.452 [0.385, 0.522]",0.008,0.469
"acl_prefilter=True,ablate=latency_pad,variant=pad30",outsider,with_sources,960,logreg,refusal,"0.500 [0.500, 0.500]","0.500 [0.500, 0.500]",0.000,0.500
"acl_prefilter=True,ablate=latency_pad,variant=pad30",outsider,with_sources,960,logreg,content,"0.500 [0.500, 0.500]","0.500 [0.500, 0.500]",0.000,0.500
"acl_prefilter=True,ablate=latency_pad,variant=pad30",outsider,with_sources,960,logreg,combined,"0.469 [0.434, 0.505]","0.434 [0.369, 0.508]",0.008,0.471
"acl_prefilter=True,ablate=latency_pad,variant=pad30",outsider,with_sources,960,gboost,score,"0.500 [0.500, 0.500]","0.500 [0.500, 0.500]",0.000,0.500
"acl_prefilter=True,ablate=latency_pad,variant=pad30",outsider,with_sources,960,gboost,reranker,"0.500 [0.500, 0.500]","0.500 [0.500, 0.500]",0.000,0.500
"acl_prefilter=True,ablate=latency_pad,variant=pad30",outsider,with_sources,960,gboost,latency,"0.517 [0.478, 0.553]","0.534 [0.459, 0.604]",0.010,0.514
"acl_prefilter=True,ablate=latency_pad,variant=pad30",outsider,with_sources,960,gboost,refusal,"0.500 [0.500, 0.500]","0.500 [0.500, 0.500]",0.000,0.500
"acl_prefilter=True,ablate=latency_pad,variant=pad30",outsider,with_sources,960,gboost,content,"0.500 [0.500, 0.500]","0.500 [0.500, 0.500]",0.000,0.500
"acl_prefilter=True,ablate=latency_pad,variant=pad30",outsider,with_sources,960,gboost,combined,"0.513 [0.474, 0.547]","0.528 [0.453, 0.599]",0.015,0.500
"acl_prefilter=True,ablate=latency_pad,variant=pad30",outsider,with_reranker,960,threshold,rules,"0.500 [0.471, 0.525]","0.500 [0.433, 0.568]",0.000,0.500
"acl_prefilter=True,ablate=latency_pad,variant=pad30",outsider,with_reranker,960,logreg,score,"0.500 [0.500, 0.500]","0.500 [0.500, 0.500]",0.000,0.500
"acl_prefilter=True,ablate=latency_pad,variant=pad30",outsider,with_reranker,960,logreg,reranker,"0.500 [0.500, 0.500]","0.500 [0.500, 0.500]",0.000,0.500
"acl_prefilter=True,ablate=latency_pad,variant=pad30",outsider,with_reranker,960,logreg,latency,"0.474 [0.434, 0.509]","0.452 [0.385, 0.522]",0.008,0.469
"acl_prefilter=True,ablate=latency_pad,variant=pad30",outsider,with_reranker,960,logreg,refusal,"0.500 [0.500, 0.500]","0.500 [0.500, 0.500]",0.000,0.500
"acl_prefilter=True,ablate=latency_pad,variant=pad30",outsider,with_reranker,960,logreg,content,"0.500 [0.500, 0.500]","0.500 [0.500, 0.500]",0.000,0.500
"acl_prefilter=True,ablate=latency_pad,variant=pad30",outsider,with_reranker,960,logreg,combined,"0.469 [0.434, 0.505]","0.435 [0.369, 0.510]",0.008,0.471
"acl_prefilter=True,ablate=latency_pad,variant=pad30",outsider,with_reranker,960,gboost,score,"0.500 [0.500, 0.500]","0.500 [0.500, 0.500]",0.000,0.500
"acl_prefilter=True,ablate=latency_pad,variant=pad30",outsider,with_reranker,960,gboost,reranker,"0.500 [0.500, 0.500]","0.500 [0.500, 0.500]",0.000,0.500
"acl_prefilter=True,ablate=latency_pad,variant=pad30",outsider,with_reranker,960,gboost,latency,"0.517 [0.478, 0.553]","0.534 [0.459, 0.604]",0.010,0.514
"acl_prefilter=True,ablate=latency_pad,variant=pad30",outsider,with_reranker,960,gboost,refusal,"0.500 [0.500, 0.500]","0.500 [0.500, 0.500]",0.000,0.500
"acl_prefilter=True,ablate=latency_pad,variant=pad30",outsider,with_reranker,960,gboost,content,"0.500 [0.500, 0.500]","0.500 [0.500, 0.500]",0.000,0.500
"acl_prefilter=True,ablate=latency_pad,variant=pad30",outsider,with_reranker,960,gboost,combined,"0.510 [0.470, 0.545]","0.518 [0.443, 0.587]",0.019,0.504
"acl_prefilter=True,ablate=latency_pad,variant=pad30",all,text_only,1920,threshold,rules,"0.500 [0.491, 0.510]","0.500 [0.478, 0.520]",0.000,0.500
"acl_prefilter=True,ablate=latency_pad,variant=pad30",all,text_only,1920,logreg,score,"0.500 [0.500, 0.500]","0.500 [0.500, 0.500]",0.000,0.500
"acl_prefilter=True,ablate=latency_pad,variant=pad30",all,text_only,1920,logreg,reranker,"0.500 [0.500, 0.500]","0.500 [0.500, 0.500]",0.000,0.500
"acl_prefilter=True,ablate=latency_pad,variant=pad30",all,text_only,1920,logreg,latency,"0.486 [0.459, 0.511]","0.479 [0.423, 0.531]",0.011,0.481
"acl_prefilter=True,ablate=latency_pad,variant=pad30",all,text_only,1920,logreg,refusal,"0.500 [0.500, 0.500]","0.500 [0.500, 0.500]",0.000,0.500
"acl_prefilter=True,ablate=latency_pad,variant=pad30",all,text_only,1920,logreg,content,"0.500 [0.500, 0.500]","0.500 [0.500, 0.500]",0.000,0.500
"acl_prefilter=True,ablate=latency_pad,variant=pad30",all,text_only,1920,logreg,combined,"0.487 [0.462, 0.514]","0.474 [0.421, 0.525]",0.009,0.485
"acl_prefilter=True,ablate=latency_pad,variant=pad30",all,text_only,1920,gboost,score,"0.500 [0.500, 0.500]","0.500 [0.500, 0.500]",0.000,0.500
"acl_prefilter=True,ablate=latency_pad,variant=pad30",all,text_only,1920,gboost,reranker,"0.500 [0.500, 0.500]","0.500 [0.500, 0.500]",0.000,0.500
"acl_prefilter=True,ablate=latency_pad,variant=pad30",all,text_only,1920,gboost,latency,"0.480 [0.454, 0.507]","0.467 [0.415, 0.515]",0.015,0.479
"acl_prefilter=True,ablate=latency_pad,variant=pad30",all,text_only,1920,gboost,refusal,"0.500 [0.500, 0.500]","0.500 [0.500, 0.500]",0.000,0.500
"acl_prefilter=True,ablate=latency_pad,variant=pad30",all,text_only,1920,gboost,content,"0.500 [0.500, 0.500]","0.500 [0.500, 0.500]",0.000,0.500
"acl_prefilter=True,ablate=latency_pad,variant=pad30",all,text_only,1920,gboost,combined,"0.483 [0.459, 0.508]","0.472 [0.420, 0.522]",0.011,0.482
"acl_prefilter=True,ablate=latency_pad,variant=pad30",all,with_sources,1920,threshold,rules,"0.500 [0.481, 0.519]","0.500 [0.453, 0.549]",0.000,0.500
"acl_prefilter=True,ablate=latency_pad,variant=pad30",all,with_sources,1920,logreg,score,"0.500 [0.500, 0.500]","0.500 [0.500, 0.500]",0.000,0.500
"acl_prefilter=True,ablate=latency_pad,variant=pad30",all,with_sources,1920,logreg,reranker,"0.500 [0.500, 0.500]","0.500 [0.500, 0.500]",0.000,0.500
"acl_prefilter=True,ablate=latency_pad,variant=pad30",all,with_sources,1920,logreg,latency,"0.486 [0.459, 0.511]","0.479 [0.423, 0.531]",0.011,0.481
"acl_prefilter=True,ablate=latency_pad,variant=pad30",all,with_sources,1920,logreg,refusal,"0.500 [0.500, 0.500]","0.500 [0.500, 0.500]",0.000,0.500
"acl_prefilter=True,ablate=latency_pad,variant=pad30",all,with_sources,1920,logreg,content,"0.500 [0.500, 0.500]","0.500 [0.500, 0.500]",0.000,0.500
"acl_prefilter=True,ablate=latency_pad,variant=pad30",all,with_sources,1920,logreg,combined,"0.487 [0.462, 0.514]","0.474 [0.422, 0.525]",0.007,0.487
"acl_prefilter=True,ablate=latency_pad,variant=pad30",all,with_sources,1920,gboost,score,"0.500 [0.500, 0.500]","0.500 [0.500, 0.500]",0.000,0.500
"acl_prefilter=True,ablate=latency_pad,variant=pad30",all,with_sources,1920,gboost,reranker,"0.500 [0.500, 0.500]","0.500 [0.500, 0.500]",0.000,0.500
"acl_prefilter=True,ablate=latency_pad,variant=pad30",all,with_sources,1920,gboost,latency,"0.480 [0.454, 0.507]","0.467 [0.415, 0.515]",0.015,0.479
"acl_prefilter=True,ablate=latency_pad,variant=pad30",all,with_sources,1920,gboost,refusal,"0.500 [0.500, 0.500]","0.500 [0.500, 0.500]",0.000,0.500
"acl_prefilter=True,ablate=latency_pad,variant=pad30",all,with_sources,1920,gboost,content,"0.500 [0.500, 0.500]","0.500 [0.500, 0.500]",0.000,0.500
"acl_prefilter=True,ablate=latency_pad,variant=pad30",all,with_sources,1920,gboost,combined,"0.489 [0.464, 0.515]","0.482 [0.428, 0.532]",0.014,0.474
"acl_prefilter=True,ablate=latency_pad,variant=pad30",all,with_reranker,1920,threshold,rules,"0.500 [0.481, 0.519]","0.500 [0.453, 0.549]",0.000,0.500
"acl_prefilter=True,ablate=latency_pad,variant=pad30",all,with_reranker,1920,logreg,score,"0.500 [0.500, 0.500]","0.500 [0.500, 0.500]",0.000,0.500
"acl_prefilter=True,ablate=latency_pad,variant=pad30",all,with_reranker,1920,logreg,reranker,"0.500 [0.500, 0.500]","0.500 [0.500, 0.500]",0.000,0.500
"acl_prefilter=True,ablate=latency_pad,variant=pad30",all,with_reranker,1920,logreg,latency,"0.486 [0.459, 0.511]","0.479 [0.423, 0.531]",0.011,0.481
"acl_prefilter=True,ablate=latency_pad,variant=pad30",all,with_reranker,1920,logreg,refusal,"0.500 [0.500, 0.500]","0.500 [0.500, 0.500]",0.000,0.500
"acl_prefilter=True,ablate=latency_pad,variant=pad30",all,with_reranker,1920,logreg,content,"0.500 [0.500, 0.500]","0.500 [0.500, 0.500]",0.000,0.500
"acl_prefilter=True,ablate=latency_pad,variant=pad30",all,with_reranker,1920,logreg,combined,"0.487 [0.462, 0.514]","0.473 [0.421, 0.525]",0.007,0.486
"acl_prefilter=True,ablate=latency_pad,variant=pad30",all,with_reranker,1920,gboost,score,"0.500 [0.500, 0.500]","0.500 [0.500, 0.500]",0.000,0.500
"acl_prefilter=True,ablate=latency_pad,variant=pad30",all,with_reranker,1920,gboost,reranker,"0.500 [0.500, 0.500]","0.500 [0.500, 0.500]",0.000,0.500
"acl_prefilter=True,ablate=latency_pad,variant=pad30",all,with_reranker,1920,gboost,latency,"0.480 [0.454, 0.507]","0.467 [0.415, 0.515]",0.015,0.479
"acl_prefilter=True,ablate=latency_pad,variant=pad30",all,with_reranker,1920,gboost,refusal,"0.500 [0.500, 0.500]","0.500 [0.500, 0.500]",0.000,0.500
"acl_prefilter=True,ablate=latency_pad,variant=pad30",all,with_reranker,1920,gboost,content,"0.500 [0.500, 0.500]","0.500 [0.500, 0.500]",0.000,0.500
"acl_prefilter=True,ablate=latency_pad,variant=pad30",all,with_reranker,1920,gboost,combined,"0.489 [0.464, 0.516]","0.482 [0.431, 0.531]",0.018,0.476
"acl_prefilter=True,ablate=latency_pad,variant=deadline2s",insider,text_only,960,threshold,rules,"0.500 [0.497, 0.503]","0.500 [0.487, 0.512]",0.002,0.500
"acl_prefilter=True,ablate=latency_pad,variant=deadline2s",insider,text_only,960,logreg,score,"0.500 [0.500, 0.500]","0.500 [0.500, 0.500]",0.000,0.500
"acl_prefilter=True,ablate=latency_pad,variant=deadline2s",insider,text_only,960,logreg,reranker,"0.500 [0.500, 0.500]","0.500 [0.500, 0.500]",0.000,0.500
"acl_prefilter=True,ablate=latency_pad,variant=deadline2s",insider,text_only,960,logreg,latency,"0.501 [0.462, 0.535]","0.494 [0.424, 0.571]",0.008,0.506
"acl_prefilter=True,ablate=latency_pad,variant=deadline2s",insider,text_only,960,logreg,refusal,"0.500 [0.500, 0.500]","0.500 [0.500, 0.500]",0.000,0.500
"acl_prefilter=True,ablate=latency_pad,variant=deadline2s",insider,text_only,960,logreg,content,"0.500 [0.500, 0.500]","0.500 [0.500, 0.500]",0.000,0.500
"acl_prefilter=True,ablate=latency_pad,variant=deadline2s",insider,text_only,960,logreg,combined,"0.503 [0.464, 0.538]","0.497 [0.424, 0.572]",0.015,0.509
"acl_prefilter=True,ablate=latency_pad,variant=deadline2s",insider,text_only,960,gboost,score,"0.500 [0.500, 0.500]","0.500 [0.500, 0.500]",0.000,0.500
"acl_prefilter=True,ablate=latency_pad,variant=deadline2s",insider,text_only,960,gboost,reranker,"0.500 [0.500, 0.500]","0.500 [0.500, 0.500]",0.000,0.500
"acl_prefilter=True,ablate=latency_pad,variant=deadline2s",insider,text_only,960,gboost,latency,"0.496 [0.460, 0.533]","0.519 [0.448, 0.592]",0.010,0.500
"acl_prefilter=True,ablate=latency_pad,variant=deadline2s",insider,text_only,960,gboost,refusal,"0.500 [0.500, 0.500]","0.500 [0.500, 0.500]",0.000,0.500
"acl_prefilter=True,ablate=latency_pad,variant=deadline2s",insider,text_only,960,gboost,content,"0.500 [0.500, 0.500]","0.500 [0.500, 0.500]",0.000,0.500
"acl_prefilter=True,ablate=latency_pad,variant=deadline2s",insider,text_only,960,gboost,combined,"0.493 [0.456, 0.529]","0.513 [0.443, 0.583]",0.013,0.500
"acl_prefilter=True,ablate=latency_pad,variant=deadline2s",insider,with_sources,960,threshold,rules,"0.500 [0.475, 0.528]","0.500 [0.431, 0.568]",0.002,0.500
"acl_prefilter=True,ablate=latency_pad,variant=deadline2s",insider,with_sources,960,logreg,score,"0.500 [0.500, 0.500]","0.500 [0.500, 0.500]",0.000,0.500
"acl_prefilter=True,ablate=latency_pad,variant=deadline2s",insider,with_sources,960,logreg,reranker,"0.500 [0.500, 0.500]","0.500 [0.500, 0.500]",0.000,0.500
"acl_prefilter=True,ablate=latency_pad,variant=deadline2s",insider,with_sources,960,logreg,latency,"0.501 [0.462, 0.535]","0.494 [0.424, 0.571]",0.008,0.506
"acl_prefilter=True,ablate=latency_pad,variant=deadline2s",insider,with_sources,960,logreg,refusal,"0.500 [0.500, 0.500]","0.500 [0.500, 0.500]",0.000,0.500
"acl_prefilter=True,ablate=latency_pad,variant=deadline2s",insider,with_sources,960,logreg,content,"0.500 [0.500, 0.500]","0.500 [0.500, 0.500]",0.000,0.500
"acl_prefilter=True,ablate=latency_pad,variant=deadline2s",insider,with_sources,960,logreg,combined,"0.504 [0.464, 0.539]","0.496 [0.426, 0.572]",0.008,0.502
"acl_prefilter=True,ablate=latency_pad,variant=deadline2s",insider,with_sources,960,gboost,score,"0.500 [0.500, 0.500]","0.500 [0.500, 0.500]",0.000,0.500
"acl_prefilter=True,ablate=latency_pad,variant=deadline2s",insider,with_sources,960,gboost,reranker,"0.500 [0.500, 0.500]","0.500 [0.500, 0.500]",0.000,0.500
"acl_prefilter=True,ablate=latency_pad,variant=deadline2s",insider,with_sources,960,gboost,latency,"0.496 [0.460, 0.533]","0.519 [0.448, 0.592]",0.010,0.500
"acl_prefilter=True,ablate=latency_pad,variant=deadline2s",insider,with_sources,960,gboost,refusal,"0.500 [0.500, 0.500]","0.500 [0.500, 0.500]",0.000,0.500
"acl_prefilter=True,ablate=latency_pad,variant=deadline2s",insider,with_sources,960,gboost,content,"0.500 [0.500, 0.500]","0.500 [0.500, 0.500]",0.000,0.500
"acl_prefilter=True,ablate=latency_pad,variant=deadline2s",insider,with_sources,960,gboost,combined,"0.496 [0.461, 0.534]","0.507 [0.436, 0.582]",0.013,0.509
"acl_prefilter=True,ablate=latency_pad,variant=deadline2s",insider,with_reranker,960,threshold,rules,"0.500 [0.475, 0.528]","0.500 [0.431, 0.568]",0.002,0.500
"acl_prefilter=True,ablate=latency_pad,variant=deadline2s",insider,with_reranker,960,logreg,score,"0.500 [0.500, 0.500]","0.500 [0.500, 0.500]",0.000,0.500
"acl_prefilter=True,ablate=latency_pad,variant=deadline2s",insider,with_reranker,960,logreg,reranker,"0.500 [0.500, 0.500]","0.500 [0.500, 0.500]",0.000,0.500
"acl_prefilter=True,ablate=latency_pad,variant=deadline2s",insider,with_reranker,960,logreg,latency,"0.501 [0.462, 0.535]","0.494 [0.424, 0.571]",0.008,0.506
"acl_prefilter=True,ablate=latency_pad,variant=deadline2s",insider,with_reranker,960,logreg,refusal,"0.500 [0.500, 0.500]","0.500 [0.500, 0.500]",0.000,0.500
"acl_prefilter=True,ablate=latency_pad,variant=deadline2s",insider,with_reranker,960,logreg,content,"0.500 [0.500, 0.500]","0.500 [0.500, 0.500]",0.000,0.500
"acl_prefilter=True,ablate=latency_pad,variant=deadline2s",insider,with_reranker,960,logreg,combined,"0.504 [0.464, 0.539]","0.497 [0.428, 0.575]",0.008,0.500
"acl_prefilter=True,ablate=latency_pad,variant=deadline2s",insider,with_reranker,960,gboost,score,"0.500 [0.500, 0.500]","0.500 [0.500, 0.500]",0.000,0.500
"acl_prefilter=True,ablate=latency_pad,variant=deadline2s",insider,with_reranker,960,gboost,reranker,"0.500 [0.500, 0.500]","0.500 [0.500, 0.500]",0.000,0.500
"acl_prefilter=True,ablate=latency_pad,variant=deadline2s",insider,with_reranker,960,gboost,latency,"0.496 [0.460, 0.533]","0.519 [0.448, 0.592]",0.010,0.500
"acl_prefilter=True,ablate=latency_pad,variant=deadline2s",insider,with_reranker,960,gboost,refusal,"0.500 [0.500, 0.500]","0.500 [0.500, 0.500]",0.000,0.500
"acl_prefilter=True,ablate=latency_pad,variant=deadline2s",insider,with_reranker,960,gboost,content,"0.500 [0.500, 0.500]","0.500 [0.500, 0.500]",0.000,0.500
"acl_prefilter=True,ablate=latency_pad,variant=deadline2s",insider,with_reranker,960,gboost,combined,"0.491 [0.456, 0.527]","0.503 [0.434, 0.574]",0.010,0.495
"acl_prefilter=True,ablate=latency_pad,variant=deadline2s",outsider,text_only,960,threshold,rules,"0.500 [0.480, 0.519]","0.500 [0.458, 0.541]",0.000,0.500
"acl_prefilter=True,ablate=latency_pad,variant=deadline2s",outsider,text_only,960,logreg,score,"0.500 [0.500, 0.500]","0.500 [0.500, 0.500]",0.000,0.500
"acl_prefilter=True,ablate=latency_pad,variant=deadline2s",outsider,text_only,960,logreg,reranker,"0.500 [0.500, 0.500]","0.500 [0.500, 0.500]",0.000,0.500
"acl_prefilter=True,ablate=latency_pad,variant=deadline2s",outsider,text_only,960,logreg,latency,"0.474 [0.434, 0.509]","0.452 [0.385, 0.523]",0.008,0.471
"acl_prefilter=True,ablate=latency_pad,variant=deadline2s",outsider,text_only,960,logreg,refusal,"0.500 [0.500, 0.500]","0.500 [0.500, 0.500]",0.000,0.500
"acl_prefilter=True,ablate=latency_pad,variant=deadline2s",outsider,text_only,960,logreg,content,"0.500 [0.500, 0.500]","0.500 [0.500, 0.500]",0.000,0.500
"acl_prefilter=True,ablate=latency_pad,variant=deadline2s",outsider,text_only,960,logreg,combined,"0.470 [0.434, 0.508]","0.443 [0.376, 0.516]",0.008,0.466
"acl_prefilter=True,ablate=latency_pad,variant=deadline2s",outsider,text_only,960,gboost,score,"0.500 [0.500, 0.500]","0.500 [0.500, 0.500]",0.000,0.500
"acl_prefilter=True,ablate=latency_pad,variant=deadline2s",outsider,text_only,960,gboost,reranker,"0.500 [0.500, 0.500]","0.500 [0.500, 0.500]",0.000,0.500
"acl_prefilter=True,ablate=latency_pad,variant=deadline2s",outsider,text_only,960,gboost,latency,"0.507 [0.469, 0.541]","0.518 [0.448, 0.590]",0.013,0.493
"acl_prefilter=True,ablate=latency_pad,variant=deadline2s",outsider,text_only,960,gboost,refusal,"0.500 [0.500, 0.500]","0.500 [0.500, 0.500]",0.000,0.500
"acl_prefilter=True,ablate=latency_pad,variant=deadline2s",outsider,text_only,960,gboost,content,"0.500 [0.500, 0.500]","0.500 [0.500, 0.500]",0.000,0.500
"acl_prefilter=True,ablate=latency_pad,variant=deadline2s",outsider,text_only,960,gboost,combined,"0.504 [0.468, 0.540]","0.505 [0.429, 0.574]",0.015,0.495
"acl_prefilter=True,ablate=latency_pad,variant=deadline2s",outsider,with_sources,960,threshold,rules,"0.500 [0.471, 0.525]","0.500 [0.433, 0.568]",0.000,0.500
"acl_prefilter=True,ablate=latency_pad,variant=deadline2s",outsider,with_sources,960,logreg,score,"0.500 [0.500, 0.500]","0.500 [0.500, 0.500]",0.000,0.500
"acl_prefilter=True,ablate=latency_pad,variant=deadline2s",outsider,with_sources,960,logreg,reranker,"0.500 [0.500, 0.500]","0.500 [0.500, 0.500]",0.000,0.500
"acl_prefilter=True,ablate=latency_pad,variant=deadline2s",outsider,with_sources,960,logreg,latency,"0.474 [0.434, 0.509]","0.452 [0.385, 0.523]",0.008,0.471
"acl_prefilter=True,ablate=latency_pad,variant=deadline2s",outsider,with_sources,960,logreg,refusal,"0.500 [0.500, 0.500]","0.500 [0.500, 0.500]",0.000,0.500
"acl_prefilter=True,ablate=latency_pad,variant=deadline2s",outsider,with_sources,960,logreg,content,"0.500 [0.500, 0.500]","0.500 [0.500, 0.500]",0.000,0.500
"acl_prefilter=True,ablate=latency_pad,variant=deadline2s",outsider,with_sources,960,logreg,combined,"0.469 [0.433, 0.505]","0.435 [0.370, 0.508]",0.008,0.473
"acl_prefilter=True,ablate=latency_pad,variant=deadline2s",outsider,with_sources,960,gboost,score,"0.500 [0.500, 0.500]","0.500 [0.500, 0.500]",0.000,0.500
"acl_prefilter=True,ablate=latency_pad,variant=deadline2s",outsider,with_sources,960,gboost,reranker,"0.500 [0.500, 0.500]","0.500 [0.500, 0.500]",0.000,0.500
"acl_prefilter=True,ablate=latency_pad,variant=deadline2s",outsider,with_sources,960,gboost,latency,"0.507 [0.469, 0.541]","0.518 [0.448, 0.590]",0.013,0.493
"acl_prefilter=True,ablate=latency_pad,variant=deadline2s",outsider,with_sources,960,gboost,refusal,"0.500 [0.500, 0.500]","0.500 [0.500, 0.500]",0.000,0.500
"acl_prefilter=True,ablate=latency_pad,variant=deadline2s",outsider,with_sources,960,gboost,content,"0.500 [0.500, 0.500]","0.500 [0.500, 0.500]",0.000,0.500
"acl_prefilter=True,ablate=latency_pad,variant=deadline2s",outsider,with_sources,960,gboost,combined,"0.503 [0.465, 0.539]","0.498 [0.424, 0.568]",0.010,0.490
"acl_prefilter=True,ablate=latency_pad,variant=deadline2s",outsider,with_reranker,960,threshold,rules,"0.500 [0.471, 0.525]","0.500 [0.433, 0.568]",0.000,0.500
"acl_prefilter=True,ablate=latency_pad,variant=deadline2s",outsider,with_reranker,960,logreg,score,"0.500 [0.500, 0.500]","0.500 [0.500, 0.500]",0.000,0.500
"acl_prefilter=True,ablate=latency_pad,variant=deadline2s",outsider,with_reranker,960,logreg,reranker,"0.500 [0.500, 0.500]","0.500 [0.500, 0.500]",0.000,0.500
"acl_prefilter=True,ablate=latency_pad,variant=deadline2s",outsider,with_reranker,960,logreg,latency,"0.474 [0.434, 0.509]","0.452 [0.385, 0.523]",0.008,0.471
"acl_prefilter=True,ablate=latency_pad,variant=deadline2s",outsider,with_reranker,960,logreg,refusal,"0.500 [0.500, 0.500]","0.500 [0.500, 0.500]",0.000,0.500
"acl_prefilter=True,ablate=latency_pad,variant=deadline2s",outsider,with_reranker,960,logreg,content,"0.500 [0.500, 0.500]","0.500 [0.500, 0.500]",0.000,0.500
"acl_prefilter=True,ablate=latency_pad,variant=deadline2s",outsider,with_reranker,960,logreg,combined,"0.469 [0.434, 0.506]","0.436 [0.370, 0.511]",0.008,0.472
"acl_prefilter=True,ablate=latency_pad,variant=deadline2s",outsider,with_reranker,960,gboost,score,"0.500 [0.500, 0.500]","0.500 [0.500, 0.500]",0.000,0.500
"acl_prefilter=True,ablate=latency_pad,variant=deadline2s",outsider,with_reranker,960,gboost,reranker,"0.500 [0.500, 0.500]","0.500 [0.500, 0.500]",0.000,0.500
"acl_prefilter=True,ablate=latency_pad,variant=deadline2s",outsider,with_reranker,960,gboost,latency,"0.507 [0.469, 0.541]","0.518 [0.448, 0.590]",0.013,0.493
"acl_prefilter=True,ablate=latency_pad,variant=deadline2s",outsider,with_reranker,960,gboost,refusal,"0.500 [0.500, 0.500]","0.500 [0.500, 0.500]",0.000,0.500
"acl_prefilter=True,ablate=latency_pad,variant=deadline2s",outsider,with_reranker,960,gboost,content,"0.500 [0.500, 0.500]","0.500 [0.500, 0.500]",0.000,0.500
"acl_prefilter=True,ablate=latency_pad,variant=deadline2s",outsider,with_reranker,960,gboost,combined,"0.500 [0.463, 0.535]","0.492 [0.417, 0.567]",0.010,0.484
"acl_prefilter=True,ablate=latency_pad,variant=deadline2s",all,text_only,1920,threshold,rules,"0.500 [0.491, 0.510]","0.500 [0.478, 0.520]",0.000,0.500
"acl_prefilter=True,ablate=latency_pad,variant=deadline2s",all,text_only,1920,logreg,score,"0.500 [0.500, 0.500]","0.500 [0.500, 0.500]",0.000,0.500
"acl_prefilter=True,ablate=latency_pad,variant=deadline2s",all,text_only,1920,logreg,reranker,"0.500 [0.500, 0.500]","0.500 [0.500, 0.500]",0.000,0.500
"acl_prefilter=True,ablate=latency_pad,variant=deadline2s",all,text_only,1920,logreg,latency,"0.486 [0.459, 0.511]","0.479 [0.423, 0.531]",0.011,0.483
"acl_prefilter=True,ablate=latency_pad,variant=deadline2s",all,text_only,1920,logreg,refusal,"0.500 [0.500, 0.500]","0.500 [0.500, 0.500]",0.000,0.500
"acl_prefilter=True,ablate=latency_pad,variant=deadline2s",all,text_only,1920,logreg,content,"0.500 [0.500, 0.500]","0.500 [0.500, 0.500]",0.000,0.500
"acl_prefilter=True,ablate=latency_pad,variant=deadline2s",all,text_only,1920,logreg,combined,"0.487 [0.462, 0.514]","0.475 [0.422, 0.524]",0.009,0.486
"acl_prefilter=True,ablate=latency_pad,variant=deadline2s",all,text_only,1920,gboost,score,"0.500 [0.500, 0.500]","0.500 [0.500, 0.500]",0.000,0.500
"acl_prefilter=True,ablate=latency_pad,variant=deadline2s",all,text_only,1920,gboost,reranker,"0.500 [0.500, 0.500]","0.500 [0.500, 0.500]",0.000,0.500
"acl_prefilter=True,ablate=latency_pad,variant=deadline2s",all,text_only,1920,gboost,latency,"0.494 [0.468, 0.519]","0.501 [0.447, 0.550]",0.015,0.479
"acl_prefilter=True,ablate=latency_pad,variant=deadline2s",all,text_only,1920,gboost,refusal,"0.500 [0.500, 0.500]","0.500 [0.500, 0.500]",0.000,0.500
"acl_prefilter=True,ablate=latency_pad,variant=deadline2s",all,text_only,1920,gboost,content,"0.500 [0.500, 0.500]","0.500 [0.500, 0.500]",0.000,0.500
"acl_prefilter=True,ablate=latency_pad,variant=deadline2s",all,text_only,1920,gboost,combined,"0.494 [0.467, 0.521]","0.494 [0.440, 0.543]",0.018,0.484
"acl_prefilter=True,ablate=latency_pad,variant=deadline2s",all,with_sources,1920,threshold,rules,"0.500 [0.481, 0.519]","0.500 [0.453, 0.549]",0.000,0.500
"acl_prefilter=True,ablate=latency_pad,variant=deadline2s",all,with_sources,1920,logreg,score,"0.500 [0.500, 0.500]","0.500 [0.500, 0.500]",0.000,0.500
"acl_prefilter=True,ablate=latency_pad,variant=deadline2s",all,with_sources,1920,logreg,reranker,"0.500 [0.500, 0.500]","0.500 [0.500, 0.500]",0.000,0.500
"acl_prefilter=True,ablate=latency_pad,variant=deadline2s",all,with_sources,1920,logreg,latency,"0.486 [0.459, 0.511]","0.479 [0.423, 0.531]",0.011,0.483
"acl_prefilter=True,ablate=latency_pad,variant=deadline2s",all,with_sources,1920,logreg,refusal,"0.500 [0.500, 0.500]","0.500 [0.500, 0.500]",0.000,0.500
"acl_prefilter=True,ablate=latency_pad,variant=deadline2s",all,with_sources,1920,logreg,content,"0.500 [0.500, 0.500]","0.500 [0.500, 0.500]",0.000,0.500
"acl_prefilter=True,ablate=latency_pad,variant=deadline2s",all,with_sources,1920,logreg,combined,"0.487 [0.462, 0.514]","0.474 [0.422, 0.525]",0.007,0.489
"acl_prefilter=True,ablate=latency_pad,variant=deadline2s",all,with_sources,1920,gboost,score,"0.500 [0.500, 0.500]","0.500 [0.500, 0.500]",0.000,0.500
"acl_prefilter=True,ablate=latency_pad,variant=deadline2s",all,with_sources,1920,gboost,reranker,"0.500 [0.500, 0.500]","0.500 [0.500, 0.500]",0.000,0.500
"acl_prefilter=True,ablate=latency_pad,variant=deadline2s",all,with_sources,1920,gboost,latency,"0.494 [0.468, 0.519]","0.501 [0.447, 0.550]",0.015,0.479
"acl_prefilter=True,ablate=latency_pad,variant=deadline2s",all,with_sources,1920,gboost,refusal,"0.500 [0.500, 0.500]","0.500 [0.500, 0.500]",0.000,0.500
"acl_prefilter=True,ablate=latency_pad,variant=deadline2s",all,with_sources,1920,gboost,content,"0.500 [0.500, 0.500]","0.500 [0.500, 0.500]",0.000,0.500
"acl_prefilter=True,ablate=latency_pad,variant=deadline2s",all,with_sources,1920,gboost,combined,"0.486 [0.460, 0.513]","0.481 [0.424, 0.534]",0.021,0.487
"acl_prefilter=True,ablate=latency_pad,variant=deadline2s",all,with_reranker,1920,threshold,rules,"0.500 [0.481, 0.519]","0.500 [0.453, 0.549]",0.000,0.500
"acl_prefilter=True,ablate=latency_pad,variant=deadline2s",all,with_reranker,1920,logreg,score,"0.500 [0.500, 0.500]","0.500 [0.500, 0.500]",0.000,0.500
"acl_prefilter=True,ablate=latency_pad,variant=deadline2s",all,with_reranker,1920,logreg,reranker,"0.500 [0.500, 0.500]","0.500 [0.500, 0.500]",0.000,0.500
"acl_prefilter=True,ablate=latency_pad,variant=deadline2s",all,with_reranker,1920,logreg,latency,"0.486 [0.459, 0.511]","0.479 [0.423, 0.531]",0.011,0.483
"acl_prefilter=True,ablate=latency_pad,variant=deadline2s",all,with_reranker,1920,logreg,refusal,"0.500 [0.500, 0.500]","0.500 [0.500, 0.500]",0.000,0.500
"acl_prefilter=True,ablate=latency_pad,variant=deadline2s",all,with_reranker,1920,logreg,content,"0.500 [0.500, 0.500]","0.500 [0.500, 0.500]",0.000,0.500
"acl_prefilter=True,ablate=latency_pad,variant=deadline2s",all,with_reranker,1920,logreg,combined,"0.487 [0.462, 0.514]","0.474 [0.421, 0.526]",0.007,0.491
"acl_prefilter=True,ablate=latency_pad,variant=deadline2s",all,with_reranker,1920,gboost,score,"0.500 [0.500, 0.500]","0.500 [0.500, 0.500]",0.000,0.500
"acl_prefilter=True,ablate=latency_pad,variant=deadline2s",all,with_reranker,1920,gboost,reranker,"0.500 [0.500, 0.500]","0.500 [0.500, 0.500]",0.000,0.500
"acl_prefilter=True,ablate=latency_pad,variant=deadline2s",all,with_reranker,1920,gboost,latency,"0.494 [0.468, 0.519]","0.501 [0.447, 0.550]",0.015,0.479
"acl_prefilter=True,ablate=latency_pad,variant=deadline2s",all,with_reranker,1920,gboost,refusal,"0.500 [0.500, 0.500]","0.500 [0.500, 0.500]",0.000,0.500
"acl_prefilter=True,ablate=latency_pad,variant=deadline2s",all,with_reranker,1920,gboost,content,"0.500 [0.500, 0.500]","0.500 [0.500, 0.500]",0.000,0.500
"acl_prefilter=True,ablate=latency_pad,variant=deadline2s",all,with_reranker,1920,gboost,combined,"0.483 [0.457, 0.509]","0.473 [0.417, 0.522]",0.016,0.484
"acl_prefilter=True,ablate=cache_lazy_check,variant=as_is",insider,text_only,960,threshold,rules,"0.512 [0.498, 0.528]","0.548 [0.493, 0.602]",0.000,0.512
"acl_prefilter=True,ablate=cache_lazy_check,variant=as_is",insider,text_only,960,logreg,score,"0.500 [0.500, 0.500]","0.500 [0.500, 0.500]",0.000,0.500
"acl_prefilter=True,ablate=cache_lazy_check,variant=as_is",insider,text_only,960,logreg,reranker,"0.500 [0.500, 0.500]","0.500 [0.500, 0.500]",0.000,0.500
"acl_prefilter=True,ablate=cache_lazy_check,variant=as_is",insider,text_only,960,logreg,latency,"0.498 [0.463, 0.533]","0.504 [0.433, 0.578]",0.000,0.499
"acl_prefilter=True,ablate=cache_lazy_check,variant=as_is",insider,text_only,960,logreg,refusal,"0.518 [0.484, 0.555]","0.530 [0.459, 0.601]",0.013,0.512
"acl_prefilter=True,ablate=cache_lazy_check,variant=as_is",insider,text_only,960,logreg,content,"0.519 [0.483, 0.558]","0.559 [0.487, 0.629]",0.058,0.512
"acl_prefilter=True,ablate=cache_lazy_check,variant=as_is",insider,text_only,960,logreg,combined,"0.521 [0.484, 0.556]","0.564 [0.493, 0.635]",0.037,0.513
"acl_prefilter=True,ablate=cache_lazy_check,variant=as_is",insider,text_only,960,gboost,score,"0.500 [0.500, 0.500]","0.500 [0.500, 0.500]",0.000,0.500
"acl_prefilter=True,ablate=cache_lazy_check,variant=as_is",insider,text_only,960,gboost,reranker,"0.500 [0.500, 0.500]","0.500 [0.500, 0.500]",0.000,0.500
"acl_prefilter=True,ablate=cache_lazy_check,variant=as_is",insider,text_only,960,gboost,latency,"0.501 [0.466, 0.536]","0.498 [0.430, 0.569]",0.004,0.499
"acl_prefilter=True,ablate=cache_lazy_check,variant=as_is",insider,text_only,960,gboost,refusal,"0.518 [0.481, 0.555]","0.540 [0.473, 0.611]",0.013,0.510
"acl_prefilter=True,ablate=cache_lazy_check,variant=as_is",insider,text_only,960,gboost,content,"0.574 [0.541, 0.607]","0.726 [0.673, 0.774]",0.079,0.540
"acl_prefilter=True,ablate=cache_lazy_check,variant=as_is",insider,text_only,960,gboost,combined,"0.567 [0.534, 0.600]","0.743 [0.687, 0.797]",0.087,0.533
"acl_prefilter=True,ablate=cache_lazy_check,variant=as_is",insider,with_sources,960,threshold,rules,"0.514 [0.483, 0.542]","0.540 [0.470, 0.615]",0.000,0.511
"acl_prefilter=True,ablate=cache_lazy_check,variant=as_is",insider,with_sources,960,logreg,score,"0.522 [0.487, 0.558]","0.562 [0.489, 0.634]",0.031,0.512
"acl_prefilter=True,ablate=cache_lazy_check,variant=as_is",insider,with_sources,960,logreg,reranker,"0.500 [0.500, 0.500]","0.500 [0.500, 0.500]",0.000,0.500
"acl_prefilter=True,ablate=cache_lazy_check,variant=as_is",insider,with_sources,960,logreg,latency,"0.498 [0.463, 0.533]","0.504 [0.433, 0.578]",0.000,0.499
"acl_prefilter=True,ablate=cache_lazy_check,variant=as_is",insider,with_sources,960,logreg,refusal,"0.518 [0.484, 0.555]","0.530 [0.459, 0.601]",0.013,0.512
"acl_prefilter=True,ablate=cache_lazy_check,variant=as_is",insider,with_sources,960,logreg,content,"0.519 [0.483, 0.558]","0.559 [0.487, 0.629]",0.058,0.512
"acl_prefilter=True,ablate=cache_lazy_check,variant=as_is",insider,with_sources,960,logreg,combined,"0.522 [0.485, 0.558]","0.576 [0.505, 0.646]",0.042,0.512
"acl_prefilter=True,ablate=cache_lazy_check,variant=as_is",insider,with_sources,960,gboost,score,"0.523 [0.488, 0.558]","0.559 [0.487, 0.631]",0.027,0.512
"acl_prefilter=True,ablate=cache_lazy_check,variant=as_is",insider,with_sources,960,gboost,reranker,"0.500 [0.500, 0.500]","0.500 [0.500, 0.500]",0.000,0.500
"acl_prefilter=True,ablate=cache_lazy_check,variant=as_is",insider,with_sources,960,gboost,latency,"0.501 [0.466, 0.536]","0.498 [0.430, 0.569]",0.004,0.499
"acl_prefilter=True,ablate=cache_lazy_check,variant=as_is",insider,with_sources,960,gboost,refusal,"0.518 [0.481, 0.555]","0.540 [0.473, 0.611]",0.013,0.510
"acl_prefilter=True,ablate=cache_lazy_check,variant=as_is",insider,with_sources,960,gboost,content,"0.574 [0.541, 0.607]","0.726 [0.673, 0.774]",0.079,0.540
"acl_prefilter=True,ablate=cache_lazy_check,variant=as_is",insider,with_sources,960,gboost,combined,"0.567 [0.532, 0.602]","0.738 [0.678, 0.796]",0.085,0.533
"acl_prefilter=True,ablate=cache_lazy_check,variant=as_is",insider,with_reranker,960,threshold,rules,"0.514 [0.483, 0.542]","0.540 [0.470, 0.615]",0.000,0.511
"acl_prefilter=True,ablate=cache_lazy_check,variant=as_is",insider,with_reranker,960,logreg,score,"0.522 [0.487, 0.558]","0.562 [0.489, 0.634]",0.031,0.512
"acl_prefilter=True,ablate=cache_lazy_check,variant=as_is",insider,with_reranker,960,logreg,reranker,"0.522 [0.484, 0.557]","0.550 [0.487, 0.612]",0.008,0.512
"acl_prefilter=True,ablate=cache_lazy_check,variant=as_is",insider,with_reranker,960,logreg,latency,"0.498 [0.463, 0.533]","0.504 [0.433, 0.578]",0.000,0.499
"acl_prefilter=True,ablate=cache_lazy_check,variant=as_is",insider,with_reranker,960,logreg,refusal,"0.518 [0.484, 0.555]","0.530 [0.459, 0.601]",0.013,0.512
"acl_prefilter=True,ablate=cache_lazy_check,variant=as_is",insider,with_reranker,960,logreg,content,"0.519 [0.483, 0.558]","0.559 [0.487, 0.629]",0.058,0.512
"acl_prefilter=True,ablate=cache_lazy_check,variant=as_is",insider,with_reranker,960,logreg,combined,"0.522 [0.483, 0.559]","0.580 [0.507, 0.648]",0.042,0.514
"acl_prefilter=True,ablate=cache_lazy_check,variant=as_is",insider,with_reranker,960,gboost,score,"0.523 [0.488, 0.558]","0.559 [0.487, 0.631]",0.027,0.512
"acl_prefilter=True,ablate=cache_lazy_check,variant=as_is",insider,with_reranker,960,gboost,reranker,"0.522 [0.486, 0.559]","0.548 [0.485, 0.612]",0.000,0.512
"acl_prefilter=True,ablate=cache_lazy_check,variant=as_is",insider,with_reranker,960,gboost,latency,"0.501 [0.466, 0.536]","0.498 [0.430, 0.569]",0.004,0.499
"acl_prefilter=True,ablate=cache_lazy_check,variant=as_is",insider,with_reranker,960,gboost,refusal,"0.518 [0.481, 0.555]","0.540 [0.473, 0.611]",0.013,0.510
"acl_prefilter=True,ablate=cache_lazy_check,variant=as_is",insider,with_reranker,960,gboost,content,"0.574 [0.541, 0.607]","0.726 [0.673, 0.774]",0.079,0.540
"acl_prefilter=True,ablate=cache_lazy_check,variant=as_is",insider,with_reranker,960,gboost,combined,"0.565 [0.532, 0.597]","0.740 [0.680, 0.798]",0.085,0.532
"acl_prefilter=True,ablate=cache_lazy_check,variant=as_is",outsider,text_only,960,threshold,rules,"0.500 [0.480, 0.519]","0.500 [0.458, 0.541]",0.000,0.500
"acl_prefilter=True,ablate=cache_lazy_check,variant=as_is",outsider,text_only,960,logreg,score,"0.500 [0.500, 0.500]","0.500 [0.500, 0.500]",0.000,0.500
"acl_prefilter=True,ablate=cache_lazy_check,variant=as_is",outsider,text_only,960,logreg,reranker,"0.500 [0.500, 0.500]","0.500 [0.500, 0.500]",0.000,0.500
"acl_prefilter=True,ablate=cache_lazy_check,variant=as_is",outsider,text_only,960,logreg,latency,"0.503 [0.467, 0.542]","0.507 [0.443, 0.572]",0.004,0.501
"acl_prefilter=True,ablate=cache_lazy_check,variant=as_is",outsider,text_only,960,logreg,refusal,"0.500 [0.500, 0.500]","0.500 [0.500, 0.500]",0.000,0.500
"acl_prefilter=True,ablate=cache_lazy_check,variant=as_is",outsider,text_only,960,logreg,content,"0.500 [0.500, 0.500]","0.500 [0.500, 0.500]",0.000,0.500
"acl_prefilter=True,ablate=cache_lazy_check,variant=as_is",outsider,text_only,960,logreg,combined,"0.506 [0.472, 0.539]","0.515 [0.449, 0.580]",0.004,0.501
"acl_prefilter=True,ablate=cache_lazy_check,variant=as_is",outsider,text_only,960,gboost,score,"0.500 [0.500, 0.500]","0.500 [0.500, 0.500]",0.000,0.500
"acl_prefilter=True,ablate=cache_lazy_check,variant=as_is",outsider,text_only,960,gboost,reranker,"0.500 [0.500, 0.500]","0.500 [0.500, 0.500]",0.000,0.500
"acl_prefilter=True,ablate=cache_lazy_check,variant=as_is",outsider,text_only,960,gboost,latency,"0.494 [0.459, 0.530]","0.466 [0.396, 0.534]",0.000,0.496
"acl_prefilter=True,ablate=cache_lazy_check,variant=as_is",outsider,text_only,960,gboost,refusal,"0.500 [0.500, 0.500]","0.500 [0.500, 0.500]",0.000,0.500
"acl_prefilter=True,ablate=cache_lazy_check,variant=as_is",outsider,text_only,960,gboost,content,"0.500 [0.500, 0.500]","0.500 [0.500, 0.500]",0.000,0.500
"acl_prefilter=True,ablate=cache_lazy_check,variant=as_is",outsider,text_only,960,gboost,combined,"0.490 [0.455, 0.526]","0.463 [0.396, 0.525]",0.002,0.497
"acl_prefilter=True,ablate=cache_lazy_check,variant=as_is",outsider,with_sources,960,threshold,rules,"0.500 [0.471, 0.525]","0.500 [0.433, 0.568]",0.000,0.500
"acl_prefilter=True,ablate=cache_lazy_check,variant=as_is",outsider,with_sources,960,logreg,score,"0.500 [0.500, 0.500]","0.500 [0.500, 0.500]",0.000,0.500
"acl_prefilter=True,ablate=cache_lazy_check,variant=as_is",outsider,with_sources,960,logreg,reranker,"0.500 [0.500, 0.500]","0.500 [0.500, 0.500]",0.000,0.500
"acl_prefilter=True,ablate=cache_lazy_check,variant=as_is",outsider,with_sources,960,logreg,latency,"0.503 [0.467, 0.542]","0.507 [0.443, 0.572]",0.004,0.501
"acl_prefilter=True,ablate=cache_lazy_check,variant=as_is",outsider,with_sources,960,logreg,refusal,"0.500 [0.500, 0.500]","0.500 [0.500, 0.500]",0.000,0.500
"acl_prefilter=True,ablate=cache_lazy_check,variant=as_is",outsider,with_sources,960,logreg,content,"0.500 [0.500, 0.500]","0.500 [0.500, 0.500]",0.000,0.500
"acl_prefilter=True,ablate=cache_lazy_check,variant=as_is",outsider,with_sources,960,logreg,combined,"0.505 [0.473, 0.540]","0.498 [0.424, 0.569]",0.004,0.502
"acl_prefilter=True,ablate=cache_lazy_check,variant=as_is",outsider,with_sources,960,gboost,score,"0.500 [0.500, 0.500]","0.500 [0.500, 0.500]",0.000,0.500
"acl_prefilter=True,ablate=cache_lazy_check,variant=as_is",outsider,with_sources,960,gboost,reranker,"0.500 [0.500, 0.500]","0.500 [0.500, 0.500]",0.000,0.500
"acl_prefilter=True,ablate=cache_lazy_check,variant=as_is",outsider,with_sources,960,gboost,latency,"0.494 [0.459, 0.530]","0.466 [0.396, 0.534]",0.000,0.496
"acl_prefilter=True,ablate=cache_lazy_check,variant=as_is",outsider,with_sources,960,gboost,refusal,"0.500 [0.500, 0.500]","0.500 [0.500, 0.500]",0.000,0.500
"acl_prefilter=True,ablate=cache_lazy_check,variant=as_is",outsider,with_sources,960,gboost,content,"0.500 [0.500, 0.500]","0.500 [0.500, 0.500]",0.000,0.500
"acl_prefilter=True,ablate=cache_lazy_check,variant=as_is",outsider,with_sources,960,gboost,combined,"0.491 [0.455, 0.526]","0.482 [0.408, 0.551]",0.002,0.496
"acl_prefilter=True,ablate=cache_lazy_check,variant=as_is",outsider,with_reranker,960,threshold,rules,"0.500 [0.471, 0.525]","0.500 [0.433, 0.568]",0.000,0.500
"acl_prefilter=True,ablate=cache_lazy_check,variant=as_is",outsider,with_reranker,960,logreg,score,"0.500 [0.500, 0.500]","0.500 [0.500, 0.500]",0.000,0.500
"acl_prefilter=True,ablate=cache_lazy_check,variant=as_is",outsider,with_reranker,960,logreg,reranker,"0.500 [0.500, 0.500]","0.500 [0.500, 0.500]",0.000,0.500
"acl_prefilter=True,ablate=cache_lazy_check,variant=as_is",outsider,with_reranker,960,logreg,latency,"0.503 [0.467, 0.542]","0.507 [0.443, 0.572]",0.004,0.501
"acl_prefilter=True,ablate=cache_lazy_check,variant=as_is",outsider,with_reranker,960,logreg,refusal,"0.500 [0.500, 0.500]","0.500 [0.500, 0.500]",0.000,0.500
"acl_prefilter=True,ablate=cache_lazy_check,variant=as_is",outsider,with_reranker,960,logreg,content,"0.500 [0.500, 0.500]","0.500 [0.500, 0.500]",0.000,0.500
"acl_prefilter=True,ablate=cache_lazy_check,variant=as_is",outsider,with_reranker,960,logreg,combined,"0.504 [0.470, 0.537]","0.488 [0.417, 0.561]",0.008,0.502
"acl_prefilter=True,ablate=cache_lazy_check,variant=as_is",outsider,with_reranker,960,gboost,score,"0.500 [0.500, 0.500]","0.500 [0.500, 0.500]",0.000,0.500
"acl_prefilter=True,ablate=cache_lazy_check,variant=as_is",outsider,with_reranker,960,gboost,reranker,"0.500 [0.500, 0.500]","0.500 [0.500, 0.500]",0.000,0.500
"acl_prefilter=True,ablate=cache_lazy_check,variant=as_is",outsider,with_reranker,960,gboost,latency,"0.494 [0.459, 0.530]","0.466 [0.396, 0.534]",0.000,0.496
"acl_prefilter=True,ablate=cache_lazy_check,variant=as_is",outsider,with_reranker,960,gboost,refusal,"0.500 [0.500, 0.500]","0.500 [0.500, 0.500]",0.000,0.500
"acl_prefilter=True,ablate=cache_lazy_check,variant=as_is",outsider,with_reranker,960,gboost,content,"0.500 [0.500, 0.500]","0.500 [0.500, 0.500]",0.000,0.500
"acl_prefilter=True,ablate=cache_lazy_check,variant=as_is",outsider,with_reranker,960,gboost,combined,"0.499 [0.463, 0.535]","0.500 [0.428, 0.569]",0.004,0.500
"acl_prefilter=True,ablate=cache_lazy_check,variant=as_is",all,text_only,1920,threshold,rules,"0.506 [0.494, 0.519]","0.522 [0.488, 0.556]",0.000,0.506
"acl_prefilter=True,ablate=cache_lazy_check,variant=as_is",all,text_only,1920,logreg,score,"0.500 [0.500, 0.500]","0.500 [0.500, 0.500]",0.000,0.500
"acl_prefilter=True,ablate=cache_lazy_check,variant=as_is",all,text_only,1920,logreg,reranker,"0.500 [0.500, 0.500]","0.500 [0.500, 0.500]",0.000,0.500
"acl_prefilter=True,ablate=cache_lazy_check,variant=as_is",all,text_only,1920,logreg,latency,"0.499 [0.472, 0.526]","0.499 [0.453, 0.547]",0.003,0.496
"acl_prefilter=True,ablate=cache_lazy_check,variant=as_is",all,text_only,1920,logreg,refusal,"0.508 [0.483, 0.533]","0.513 [0.465, 0.559]",0.008,0.505
"acl_prefilter=True,ablate=cache_lazy_check,variant=as_is",all,text_only,1920,logreg,content,"0.509 [0.485, 0.536]","0.523 [0.475, 0.569]",0.016,0.506
"acl_prefilter=True,ablate=cache_lazy_check,variant=as_is",all,text_only,1920,logreg,combined,"0.506 [0.480, 0.532]","0.513 [0.462, 0.560]",0.028,0.502
"acl_prefilter=True,ablate=cache_lazy_check,variant=as_is",all,text_only,1920,gboost,score,"0.500 [0.500, 0.500]","0.500 [0.500, 0.500]",0.000,0.500
"acl_prefilter=True,ablate=cache_lazy_check,variant=as_is",all,text_only,1920,gboost,reranker,"0.500 [0.500, 0.500]","0.500 [0.500, 0.500]",0.000,0.500
"acl_prefilter=True,ablate=cache_lazy_check,variant=as_is",all,text_only,1920,gboost,latency,"0.502 [0.478, 0.527]","0.506 [0.461, 0.557]",0.000,0.502
"acl_prefilter=True,ablate=cache_lazy_check,variant=as_is",all,text_only,1920,gboost,refusal,"0.509 [0.485, 0.533]","0.521 [0.474, 0.567]",0.006,0.505
"acl_prefilter=True,ablate=cache_lazy_check,variant=as_is",all,text_only,1920,gboost,content,"0.537 [0.514, 0.563]","0.623 [0.586, 0.660]",0.048,0.520
"acl_prefilter=True,ablate=cache_lazy_check,variant=as_is",all,text_only,1920,gboost,combined,"0.533 [0.508, 0.557]","0.616 [0.570, 0.662]",0.046,0.518
"acl_prefilter=True,ablate=cache_lazy_check,variant=as_is",all,with_sources,1920,threshold,rules,"0.507 [0.487, 0.526]","0.517 [0.467, 0.568]",0.000,0.506
"acl_prefilter=True,ablate=cache_lazy_check,variant=as_is",all,with_sources,1920,logreg,score,"0.511 [0.485, 0.536]","0.527 [0.479, 0.579]",0.017,0.506
"acl_prefilter=True,ablate=cache_lazy_check,variant=as_is",all,with_sources,1920,logreg,reranker,"0.500 [0.500, 0.500]","0.500 [0.500, 0.500]",0.000,0.500
"acl_prefilter=True,ablate=cache_lazy_check,variant=as_is",all,with_sources,1920,logreg,latency,"0.499 [0.472, 0.526]","0.499 [0.453, 0.547]",0.003,0.496
"acl_prefilter=True,ablate=cache_lazy_check,variant=as_is",all,with_sources,1920,logreg,refusal,"0.508 [0.483, 0.533]","0.513 [0.465, 0.559]",0.008,0.505
"acl_prefilter=True,ablate=cache_lazy_check,variant=as_is",all,with_sources,1920,logreg,content,"0.509 [0.485, 0.536]","0.523 [0.475, 0.569]",0.016,0.506
"acl_prefilter=True,ablate=cache_lazy_check,variant=as_is",all,with_sources,1920,logreg,combined,"0.504 [0.479, 0.529]","0.508 [0.457, 0.558]",0.028,0.501
"acl_prefilter=True,ablate=cache_lazy_check,variant=as_is",all,with_sources,1920,gboost,score,"0.511 [0.486, 0.537]","0.530 [0.479, 0.584]",0.014,0.506
"acl_prefilter=True,ablate=cache_lazy_check,variant=as_is",all,with_sources,1920,gboost,reranker,"0.500 [0.500, 0.500]","0.500 [0.500, 0.500]",0.000,0.500
"acl_prefilter=True,ablate=cache_lazy_check,variant=as_is",all,with_sources,1920,gboost,latency,"0.502 [0.478, 0.527]","0.506 [0.461, 0.557]",0.000,0.502
"acl_prefilter=True,ablate=cache_lazy_check,variant=as_is",all,with_sources,1920,gboost,refusal,"0.509 [0.485, 0.533]","0.521 [0.474, 0.567]",0.006,0.505
"acl_prefilter=True,ablate=cache_lazy_check,variant=as_is",all,with_sources,1920,gboost,content,"0.537 [0.514, 0.563]","0.623 [0.586, 0.660]",0.048,0.520
"acl_prefilter=True,ablate=cache_lazy_check,variant=as_is",all,with_sources,1920,gboost,combined,"0.535 [0.509, 0.559]","0.615 [0.569, 0.660]",0.044,0.517
"acl_prefilter=True,ablate=cache_lazy_check,variant=as_is",all,with_reranker,1920,threshold,rules,"0.507 [0.487, 0.526]","0.517 [0.467, 0.568]",0.000,0.506
"acl_prefilter=True,ablate=cache_lazy_check,variant=as_is",all,with_reranker,1920,logreg,score,"0.511 [0.485, 0.536]","0.527 [0.479, 0.579]",0.017,0.506
"acl_prefilter=True,ablate=cache_lazy_check,variant=as_is",all,with_reranker,1920,logreg,reranker,"0.511 [0.484, 0.535]","0.522 [0.481, 0.562]",0.000,0.506
"acl_prefilter=True,ablate=cache_lazy_check,variant=as_is",all,with_reranker,1920,logreg,latency,"0.499 [0.472, 0.526]","0.499 [0.453, 0.547]",0.003,0.496
"acl_prefilter=True,ablate=cache_lazy_check,variant=as_is",all,with_reranker,1920,logreg,refusal,"0.508 [0.483, 0.533]","0.513 [0.465, 0.559]",0.008,0.505
"acl_prefilter=True,ablate=cache_lazy_check,variant=as_is",all,with_reranker,1920,logreg,content,"0.509 [0.485, 0.536]","0.523 [0.475, 0.569]",0.016,0.506
"acl_prefilter=True,ablate=cache_lazy_check,variant=as_is",all,with_reranker,1920,logreg,combined,"0.504 [0.479, 0.529]","0.511 [0.458, 0.561]",0.028,0.502
"acl_prefilter=True,ablate=cache_lazy_check,variant=as_is",all,with_reranker,1920,gboost,score,"0.511 [0.486, 0.537]","0.530 [0.479, 0.584]",0.014,0.506
"acl_prefilter=True,ablate=cache_lazy_check,variant=as_is",all,with_reranker,1920,gboost,reranker,"0.511 [0.485, 0.535]","0.526 [0.486, 0.570]",0.000,0.506
"acl_prefilter=True,ablate=cache_lazy_check,variant=as_is",all,with_reranker,1920,gboost,latency,"0.502 [0.478, 0.527]","0.506 [0.461, 0.557]",0.000,0.502
"acl_prefilter=True,ablate=cache_lazy_check,variant=as_is",all,with_reranker,1920,gboost,refusal,"0.509 [0.485, 0.533]","0.521 [0.474, 0.567]",0.006,0.505
"acl_prefilter=True,ablate=cache_lazy_check,variant=as_is",all,with_reranker,1920,gboost,content,"0.537 [0.514, 0.563]","0.623 [0.586, 0.660]",0.048,0.520
"acl_prefilter=True,ablate=cache_lazy_check,variant=as_is",all,with_reranker,1920,gboost,combined,"0.538 [0.512, 0.562]","0.628 [0.577, 0.674]",0.044,0.519
"acl_prefilter=True,ablate=cache_lazy_check,variant=fast_refusal",insider,text_only,960,threshold,rules,"0.512 [0.498, 0.528]","0.548 [0.493, 0.602]",0.000,0.512
"acl_prefilter=True,ablate=cache_lazy_check,variant=fast_refusal",insider,text_only,960,logreg,score,"0.500 [0.500, 0.500]","0.500 [0.500, 0.500]",0.000,0.500
"acl_prefilter=True,ablate=cache_lazy_check,variant=fast_refusal",insider,text_only,960,logreg,reranker,"0.500 [0.500, 0.500]","0.500 [0.500, 0.500]",0.000,0.500
"acl_prefilter=True,ablate=cache_lazy_check,variant=fast_refusal",insider,text_only,960,logreg,latency,"0.514 [0.478, 0.547]","0.529 [0.461, 0.599]",0.013,0.510
"acl_prefilter=True,ablate=cache_lazy_check,variant=fast_refusal",insider,text_only,960,logreg,refusal,"0.518 [0.484, 0.555]","0.530 [0.459, 0.601]",0.013,0.512
"acl_prefilter=True,ablate=cache_lazy_check,variant=fast_refusal",insider,text_only,960,logreg,content,"0.519 [0.483, 0.558]","0.559 [0.487, 0.629]",0.058,0.512
"acl_prefilter=True,ablate=cache_lazy_check,variant=fast_refusal",insider,text_only,960,logreg,combined,"0.522 [0.488, 0.559]","0.573 [0.502, 0.652]",0.040,0.515
"acl_prefilter=True,ablate=cache_lazy_check,variant=fast_refusal",insider,text_only,960,gboost,score,"0.500 [0.500, 0.500]","0.500 [0.500, 0.500]",0.000,0.500
"acl_prefilter=True,ablate=cache_lazy_check,variant=fast_refusal",insider,text_only,960,gboost,reranker,"0.500 [0.500, 0.500]","0.500 [0.500, 0.500]",0.000,0.500
"acl_prefilter=True,ablate=cache_lazy_check,variant=fast_refusal",insider,text_only,960,gboost,latency,"0.519 [0.481, 0.556]","0.547 [0.478, 0.615]",0.000,0.506
"acl_prefilter=True,ablate=cache_lazy_check,variant=fast_refusal",insider,text_only,960,gboost,refusal,"0.518 [0.481, 0.555]","0.540 [0.473, 0.611]",0.013,0.510
"acl_prefilter=True,ablate=cache_lazy_check,variant=fast_refusal",insider,text_only,960,gboost,content,"0.574 [0.541, 0.607]","0.726 [0.673, 0.774]",0.079,0.540
"acl_prefilter=True,ablate=cache_lazy_check,variant=fast_refusal",insider,text_only,960,gboost,combined,"0.575 [0.543, 0.610]","0.737 [0.671, 0.798]",0.085,0.539
"acl_prefilter=True,ablate=cache_lazy_check,variant=fast_refusal",insider,with_sources,960,threshold,rules,"0.514 [0.483, 0.542]","0.540 [0.470, 0.615]",0.000,0.511
"acl_prefilter=True,ablate=cache_lazy_check,variant=fast_refusal",insider,with_sources,960,logreg,score,"0.522 [0.487, 0.558]","0.562 [0.489, 0.634]",0.031,0.512
"acl_prefilter=True,ablate=cache_lazy_check,variant=fast_refusal",insider,with_sources,960,logreg,reranker,"0.500 [0.500, 0.500]","0.500 [0.500, 0.500]",0.000,0.500
"acl_prefilter=True,ablate=cache_lazy_check,variant=fast_refusal",insider,with_sources,960,logreg,latency,"0.514 [0.478, 0.547]","0.529 [0.461, 0.599]",0.013,0.510
"acl_prefilter=True,ablate=cache_lazy_check,variant=fast_refusal",insider,with_sources,960,logreg,refusal,"0.518 [0.484, 0.555]","0.530 [0.459, 0.601]",0.013,0.512
"acl_prefilter=True,ablate=cache_lazy_check,variant=fast_refusal",insider,with_sources,960,logreg,content,"0.519 [0.483, 0.558]","0.559 [0.487, 0.629]",0.058,0.512
"acl_prefilter=True,ablate=cache_lazy_check,variant=fast_refusal",insider,with_sources,960,logreg,combined,"0.521 [0.483, 0.557]","0.580 [0.507, 0.650]",0.050,0.511
"acl_prefilter=True,ablate=cache_lazy_check,variant=fast_refusal",insider,with_sources,960,gboost,score,"0.523 [0.488, 0.558]","0.559 [0.487, 0.631]",0.027,0.512
"acl_prefilter=True,ablate=cache_lazy_check,variant=fast_refusal",insider,with_sources,960,gboost,reranker,"0.500 [0.500, 0.500]","0.500 [0.500, 0.500]",0.000,0.500
"acl_prefilter=True,ablate=cache_lazy_check,variant=fast_refusal",insider,with_sources,960,gboost,latency,"0.519 [0.481, 0.556]","0.547 [0.478, 0.615]",0.000,0.506
"acl_prefilter=True,ablate=cache_lazy_check,variant=fast_refusal",insider,with_sources,960,gboost,refusal,"0.518 [0.481, 0.555]","0.540 [0.473, 0.611]",0.013,0.510
"acl_prefilter=True,ablate=cache_lazy_check,variant=fast_refusal",insider,with_sources,960,gboost,content,"0.574 [0.541, 0.607]","0.726 [0.673, 0.774]",0.079,0.540
"acl_prefilter=True,ablate=cache_lazy_check,variant=fast_refusal",insider,with_sources,960,gboost,combined,"0.561 [0.524, 0.597]","0.710 [0.646, 0.770]",0.083,0.528
"acl_prefilter=True,ablate=cache_lazy_check,variant=fast_refusal",insider,with_reranker,960,threshold,rules,"0.514 [0.483, 0.542]","0.540 [0.470, 0.615]",0.000,0.511
"acl_prefilter=True,ablate=cache_lazy_check,variant=fast_refusal",insider,with_reranker,960,logreg,score,"0.522 [0.487, 0.558]","0.562 [0.489, 0.634]",0.031,0.512
"acl_prefilter=True,ablate=cache_lazy_check,variant=fast_refusal",insider,with_reranker,960,logreg,reranker,"0.522 [0.484, 0.557]","0.550 [0.487, 0.612]",0.008,0.512
"acl_prefilter=True,ablate=cache_lazy_check,variant=fast_refusal",insider,with_reranker,960,logreg,latency,"0.514 [0.478, 0.547]","0.529 [0.461, 0.599]",0.013,0.510
"acl_prefilter=True,ablate=cache_lazy_check,variant=fast_refusal",insider,with_reranker,960,logreg,refusal,"0.518 [0.484, 0.555]","0.530 [0.459, 0.601]",0.013,0.512
"acl_prefilter=True,ablate=cache_lazy_check,variant=fast_refusal",insider,with_reranker,960,logreg,content,"0.519 [0.483, 0.558]","0.559 [0.487, 0.629]",0.058,0.512
"acl_prefilter=True,ablate=cache_lazy_check,variant=fast_refusal",insider,with_reranker,960,logreg,combined,"0.523 [0.485, 0.559]","0.580 [0.510, 0.653]",0.050,0.509
"acl_prefilter=True,ablate=cache_lazy_check,variant=fast_refusal",insider,with_reranker,960,gboost,score,"0.523 [0.488, 0.558]","0.559 [0.487, 0.631]",0.027,0.512
"acl_prefilter=True,ablate=cache_lazy_check,variant=fast_refusal",insider,with_reranker,960,gboost,reranker,"0.522 [0.486, 0.559]","0.548 [0.485, 0.612]",0.000,0.512
"acl_prefilter=True,ablate=cache_lazy_check,variant=fast_refusal",insider,with_reranker,960,gboost,latency,"0.519 [0.481, 0.556]","0.547 [0.478, 0.615]",0.000,0.506
"acl_prefilter=True,ablate=cache_lazy_check,variant=fast_refusal",insider,with_reranker,960,gboost,refusal,"0.518 [0.481, 0.555]","0.540 [0.473, 0.611]",0.013,0.510
"acl_prefilter=True,ablate=cache_lazy_check,variant=fast_refusal",insider,with_reranker,960,gboost,content,"0.574 [0.541, 0.607]","0.726 [0.673, 0.774]",0.079,0.540
"acl_prefilter=True,ablate=cache_lazy_check,variant=fast_refusal",insider,with_reranker,960,gboost,combined,"0.567 [0.531, 0.601]","0.722 [0.657, 0.782]",0.087,0.529
"acl_prefilter=True,ablate=cache_lazy_check,variant=fast_refusal",outsider,text_only,960,threshold,rules,"0.500 [0.480, 0.519]","0.500 [0.458, 0.541]",0.000,0.500
"acl_prefilter=True,ablate=cache_lazy_check,variant=fast_refusal",outsider,text_only,960,logreg,score,"0.500 [0.500, 0.500]","0.500 [0.500, 0.500]",0.000,0.500
"acl_prefilter=True,ablate=cache_lazy_check,variant=fast_refusal",outsider,text_only,960,logreg,reranker,"0.500 [0.500, 0.500]","0.500 [0.500, 0.500]",0.000,0.500
"acl_prefilter=True,ablate=cache_lazy_check,variant=fast_refusal",outsider,text_only,960,logreg,latency,"0.491 [0.455, 0.526]","0.489 [0.420, 0.560]",0.000,0.497
"acl_prefilter=True,ablate=cache_lazy_check,variant=fast_refusal",outsider,text_only,960,logreg,refusal,"0.500 [0.500, 0.500]","0.500 [0.500, 0.500]",0.000,0.500
"acl_prefilter=True,ablate=cache_lazy_check,variant=fast_refusal",outsider,text_only,960,logreg,content,"0.500 [0.500, 0.500]","0.500 [0.500, 0.500]",0.000,0.500
"acl_prefilter=True,ablate=cache_lazy_check,variant=fast_refusal",outsider,text_only,960,logreg,combined,"0.483 [0.445, 0.519]","0.475 [0.403, 0.542]",0.004,0.488
"acl_prefilter=True,ablate=cache_lazy_check,variant=fast_refusal",outsider,text_only,960,gboost,score,"0.500 [0.500, 0.500]","0.500 [0.500, 0.500]",0.000,0.500
"acl_prefilter=True,ablate=cache_lazy_check,variant=fast_refusal",outsider,text_only,960,gboost,reranker,"0.500 [0.500, 0.500]","0.500 [0.500, 0.500]",0.000,0.500
"acl_prefilter=True,ablate=cache_lazy_check,variant=fast_refusal",outsider,text_only,960,gboost,latency,"0.490 [0.454, 0.527]","0.507 [0.441, 0.577]",0.006,0.494
"acl_prefilter=True,ablate=cache_lazy_check,variant=fast_refusal",outsider,text_only,960,gboost,refusal,"0.500 [0.500, 0.500]","0.500 [0.500, 0.500]",0.000,0.500
"acl_prefilter=True,ablate=cache_lazy_check,variant=fast_refusal",outsider,text_only,960,gboost,content,"0.500 [0.500, 0.500]","0.500 [0.500, 0.500]",0.000,0.500
"acl_prefilter=True,ablate=cache_lazy_check,variant=fast_refusal",outsider,text_only,960,gboost,combined,"0.482 [0.448, 0.519]","0.447 [0.384, 0.520]",0.004,0.490
"acl_prefilter=True,ablate=cache_lazy_check,variant=fast_refusal",outsider,with_sources,960,threshold,rules,"0.500 [0.471, 0.525]","0.500 [0.433, 0.568]",0.000,0.500
"acl_prefilter=True,ablate=cache_lazy_check,variant=fast_refusal",outsider,with_sources,960,logreg,score,"0.500 [0.500, 0.500]","0.500 [0.500, 0.500]",0.000,0.500
"acl_prefilter=True,ablate=cache_lazy_check,variant=fast_refusal",outsider,with_sources,960,logreg,reranker,"0.500 [0.500, 0.500]","0.500 [0.500, 0.500]",0.000,0.500
"acl_prefilter=True,ablate=cache_lazy_check,variant=fast_refusal",outsider,with_sources,960,logreg,latency,"0.491 [0.455, 0.526]","0.489 [0.420, 0.560]",0.000,0.497
"acl_prefilter=True,ablate=cache_lazy_check,variant=fast_refusal",outsider,with_sources,960,logreg,refusal,"0.500 [0.500, 0.500]","0.500 [0.500, 0.500]",0.000,0.500
"acl_prefilter=True,ablate=cache_lazy_check,variant=fast_refusal",outsider,with_sources,960,logreg,content,"0.500 [0.500, 0.500]","0.500 [0.500, 0.500]",0.000,0.500
"acl_prefilter=True,ablate=cache_lazy_check,variant=fast_refusal",outsider,with_sources,960,logreg,combined,"0.484 [0.447, 0.521]","0.470 [0.398, 0.544]",0.004,0.490
"acl_prefilter=True,ablate=cache_lazy_check,variant=fast_refusal",outsider,with_sources,960,gboost,score,"0.500 [0.500, 0.500]","0.500 [0.500, 0.500]",0.000,0.500
"acl_prefilter=True,ablate=cache_lazy_check,variant=fast_refusal",outsider,with_sources,960,gboost,reranker,"0.500 [0.500, 0.500]","0.500 [0.500, 0.500]",0.000,0.500
"acl_prefilter=True,ablate=cache_lazy_check,variant=fast_refusal",outsider,with_sources,960,gboost,latency,"0.490 [0.454, 0.527]","0.507 [0.441, 0.577]",0.006,0.494
"acl_prefilter=True,ablate=cache_lazy_check,variant=fast_refusal",outsider,with_sources,960,gboost,refusal,"0.500 [0.500, 0.500]","0.500 [0.500, 0.500]",0.000,0.500
"acl_prefilter=True,ablate=cache_lazy_check,variant=fast_refusal",outsider,with_sources,960,gboost,content,"0.500 [0.500, 0.500]","0.500 [0.500, 0.500]",0.000,0.500
"acl_prefilter=True,ablate=cache_lazy_check,variant=fast_refusal",outsider,with_sources,960,gboost,combined,"0.480 [0.442, 0.516]","0.455 [0.387, 0.532]",0.004,0.491
"acl_prefilter=True,ablate=cache_lazy_check,variant=fast_refusal",outsider,with_reranker,960,threshold,rules,"0.500 [0.471, 0.525]","0.500 [0.433, 0.568]",0.000,0.500
"acl_prefilter=True,ablate=cache_lazy_check,variant=fast_refusal",outsider,with_reranker,960,logreg,score,"0.500 [0.500, 0.500]","0.500 [0.500, 0.500]",0.000,0.500
"acl_prefilter=True,ablate=cache_lazy_check,variant=fast_refusal",outsider,with_reranker,960,logreg,reranker,"0.500 [0.500, 0.500]","0.500 [0.500, 0.500]",0.000,0.500
"acl_prefilter=True,ablate=cache_lazy_check,variant=fast_refusal",outsider,with_reranker,960,logreg,latency,"0.491 [0.455, 0.526]","0.489 [0.420, 0.560]",0.000,0.497
"acl_prefilter=True,ablate=cache_lazy_check,variant=fast_refusal",outsider,with_reranker,960,logreg,refusal,"0.500 [0.500, 0.500]","0.500 [0.500, 0.500]",0.000,0.500
"acl_prefilter=True,ablate=cache_lazy_check,variant=fast_refusal",outsider,with_reranker,960,logreg,content,"0.500 [0.500, 0.500]","0.500 [0.500, 0.500]",0.000,0.500
"acl_prefilter=True,ablate=cache_lazy_check,variant=fast_refusal",outsider,with_reranker,960,logreg,combined,"0.485 [0.447, 0.521]","0.471 [0.400, 0.545]",0.004,0.489
"acl_prefilter=True,ablate=cache_lazy_check,variant=fast_refusal",outsider,with_reranker,960,gboost,score,"0.500 [0.500, 0.500]","0.500 [0.500, 0.500]",0.000,0.500
"acl_prefilter=True,ablate=cache_lazy_check,variant=fast_refusal",outsider,with_reranker,960,gboost,reranker,"0.500 [0.500, 0.500]","0.500 [0.500, 0.500]",0.000,0.500
"acl_prefilter=True,ablate=cache_lazy_check,variant=fast_refusal",outsider,with_reranker,960,gboost,latency,"0.490 [0.454, 0.527]","0.507 [0.441, 0.577]",0.006,0.494
"acl_prefilter=True,ablate=cache_lazy_check,variant=fast_refusal",outsider,with_reranker,960,gboost,refusal,"0.500 [0.500, 0.500]","0.500 [0.500, 0.500]",0.000,0.500
"acl_prefilter=True,ablate=cache_lazy_check,variant=fast_refusal",outsider,with_reranker,960,gboost,content,"0.500 [0.500, 0.500]","0.500 [0.500, 0.500]",0.000,0.500
"acl_prefilter=True,ablate=cache_lazy_check,variant=fast_refusal",outsider,with_reranker,960,gboost,combined,"0.487 [0.452, 0.525]","0.473 [0.404, 0.545]",0.002,0.497
"acl_prefilter=True,ablate=cache_lazy_check,variant=fast_refusal",all,text_only,1920,threshold,rules,"0.506 [0.494, 0.519]","0.522 [0.488, 0.556]",0.000,0.506
"acl_prefilter=True,ablate=cache_lazy_check,variant=fast_refusal",all,text_only,1920,logreg,score,"0.500 [0.500, 0.500]","0.500 [0.500, 0.500]",0.000,0.500
"acl_prefilter=True,ablate=cache_lazy_check,variant=fast_refusal",all,text_only,1920,logreg,reranker,"0.500 [0.500, 0.500]","0.500 [0.500, 0.500]",0.000,0.500
"acl_prefilter=True,ablate=cache_lazy_check,variant=fast_refusal",all,text_only,1920,logreg,latency,"0.501 [0.476, 0.526]","0.507 [0.459, 0.556]",0.003,0.502
"acl_prefilter=True,ablate=cache_lazy_check,variant=fast_refusal",all,text_only,1920,logreg,refusal,"0.508 [0.483, 0.533]","0.513 [0.465, 0.559]",0.008,0.505
"acl_prefilter=True,ablate=cache_lazy_check,variant=fast_refusal",all,text_only,1920,logreg,content,"0.509 [0.485, 0.536]","0.523 [0.475, 0.569]",0.016,0.506
"acl_prefilter=True,ablate=cache_lazy_check,variant=fast_refusal",all,text_only,1920,logreg,combined,"0.508 [0.483, 0.534]","0.530 [0.482, 0.582]",0.029,0.503
"acl_prefilter=True,ablate=cache_lazy_check,variant=fast_refusal",all,text_only,1920,gboost,score,"0.500 [0.500, 0.500]","0.500 [0.500, 0.500]",0.000,0.500
"acl_prefilter=True,ablate=cache_lazy_check,variant=fast_refusal",all,text_only,1920,gboost,reranker,"0.500 [0.500, 0.500]","0.500 [0.500, 0.500]",0.000,0.500
"acl_prefilter=True,ablate=cache_lazy_check,variant=fast_refusal",all,text_only,1920,gboost,latency,"0.510 [0.484, 0.535]","0.522 [0.474, 0.572]",0.003,0.503
"acl_prefilter=True,ablate=cache_lazy_check,variant=fast_refusal",all,text_only,1920,gboost,refusal,"0.509 [0.485, 0.533]","0.521 [0.474, 0.567]",0.006,0.505
"acl_prefilter=True,ablate=cache_lazy_check,variant=fast_refusal",all,text_only,1920,gboost,content,"0.537 [0.514, 0.563]","0.623 [0.586, 0.660]",0.048,0.520
"acl_prefilter=True,ablate=cache_lazy_check,variant=fast_refusal",all,text_only,1920,gboost,combined,"0.537 [0.513, 0.563]","0.624 [0.576, 0.673]",0.052,0.517
"acl_prefilter=True,ablate=cache_lazy_check,variant=fast_refusal",all,with_sources,1920,threshold,rules,"0.507 [0.487, 0.526]","0.517 [0.467, 0.568]",0.000,0.506
"acl_prefilter=True,ablate=cache_lazy_check,variant=fast_refusal",all,with_sources,1920,logreg,score,"0.511 [0.485, 0.536]","0.527 [0.479, 0.579]",0.017,0.506
"acl_prefilter=True,ablate=cache_lazy_check,variant=fast_refusal",all,with_sources,1920,logreg,reranker,"0.500 [0.500, 0.500]","0.500 [0.500, 0.500]",0.000,0.500
"acl_prefilter=True,ablate=cache_lazy_check,variant=fast_refusal",all,with_sources,1920,logreg,latency,"0.501 [0.476, 0.526]","0.507 [0.459, 0.556]",0.003,0.502
"acl_prefilter=True,ablate=cache_lazy_check,variant=fast_refusal",all,with_sources,1920,logreg,refusal,"0.508 [0.483, 0.533]","0.513 [0.465, 0.559]",0.008,0.505
"acl_prefilter=True,ablate=cache_lazy_check,variant=fast_refusal",all,with_sources,1920,logreg,content,"0.509 [0.485, 0.536]","0.523 [0.475, 0.569]",0.016,0.506
"acl_prefilter=True,ablate=cache_lazy_check,variant=fast_refusal",all,with_sources,1920,logreg,combined,"0.506 [0.482, 0.533]","0.525 [0.474, 0.577]",0.027,0.502
"acl_prefilter=True,ablate=cache_lazy_check,variant=fast_refusal",all,with_sources,1920,gboost,score,"0.511 [0.486, 0.537]","0.530 [0.479, 0.584]",0.014,0.506
"acl_prefilter=True,ablate=cache_lazy_check,variant=fast_refusal",all,with_sources,1920,gboost,reranker,"0.500 [0.500, 0.500]","0.500 [0.500, 0.500]",0.000,0.500
"acl_prefilter=True,ablate=cache_lazy_check,variant=fast_refusal",all,with_sources,1920,gboost,latency,"0.510 [0.484, 0.535]","0.522 [0.474, 0.572]",0.003,0.503
"acl_prefilter=True,ablate=cache_lazy_check,variant=fast_refusal",all,with_sources,1920,gboost,refusal,"0.509 [0.485, 0.533]","0.521 [0.474, 0.567]",0.006,0.505
"acl_prefilter=True,ablate=cache_lazy_check,variant=fast_refusal",all,with_sources,1920,gboost,content,"0.537 [0.514, 0.563]","0.623 [0.586, 0.660]",0.048,0.520
"acl_prefilter=True,ablate=cache_lazy_check,variant=fast_refusal",all,with_sources,1920,gboost,combined,"0.529 [0.504, 0.556]","0.607 [0.558, 0.658]",0.045,0.512
"acl_prefilter=True,ablate=cache_lazy_check,variant=fast_refusal",all,with_reranker,1920,threshold,rules,"0.507 [0.487, 0.526]","0.517 [0.467, 0.568]",0.000,0.506
"acl_prefilter=True,ablate=cache_lazy_check,variant=fast_refusal",all,with_reranker,1920,logreg,score,"0.511 [0.485, 0.536]","0.527 [0.479, 0.579]",0.017,0.506
"acl_prefilter=True,ablate=cache_lazy_check,variant=fast_refusal",all,with_reranker,1920,logreg,reranker,"0.511 [0.484, 0.535]","0.522 [0.481, 0.562]",0.000,0.506
"acl_prefilter=True,ablate=cache_lazy_check,variant=fast_refusal",all,with_reranker,1920,logreg,latency,"0.501 [0.476, 0.526]","0.507 [0.459, 0.556]",0.003,0.502
"acl_prefilter=True,ablate=cache_lazy_check,variant=fast_refusal",all,with_reranker,1920,logreg,refusal,"0.508 [0.483, 0.533]","0.513 [0.465, 0.559]",0.008,0.505
"acl_prefilter=True,ablate=cache_lazy_check,variant=fast_refusal",all,with_reranker,1920,logreg,content,"0.509 [0.485, 0.536]","0.523 [0.475, 0.569]",0.016,0.506
"acl_prefilter=True,ablate=cache_lazy_check,variant=fast_refusal",all,with_reranker,1920,logreg,combined,"0.506 [0.481, 0.533]","0.524 [0.475, 0.576]",0.027,0.502
"acl_prefilter=True,ablate=cache_lazy_check,variant=fast_refusal",all,with_reranker,1920,gboost,score,"0.511 [0.486, 0.537]","0.530 [0.479, 0.584]",0.014,0.506
"acl_prefilter=True,ablate=cache_lazy_check,variant=fast_refusal",all,with_reranker,1920,gboost,reranker,"0.511 [0.485, 0.535]","0.526 [0.486, 0.570]",0.000,0.506
"acl_prefilter=True,ablate=cache_lazy_check,variant=fast_refusal",all,with_reranker,1920,gboost,latency,"0.510 [0.484, 0.535]","0.522 [0.474, 0.572]",0.003,0.503
"acl_prefilter=True,ablate=cache_lazy_check,variant=fast_refusal",all,with_reranker,1920,gboost,refusal,"0.509 [0.485, 0.533]","0.521 [0.474, 0.567]",0.006,0.505
"acl_prefilter=True,ablate=cache_lazy_check,variant=fast_refusal",all,with_reranker,1920,gboost,content,"0.537 [0.514, 0.563]","0.623 [0.586, 0.660]",0.048,0.520
"acl_prefilter=True,ablate=cache_lazy_check,variant=fast_refusal",all,with_reranker,1920,gboost,combined,"0.531 [0.505, 0.560]","0.613 [0.562, 0.663]",0.046,0.516
"acl_prefilter=True,ablate=cache_lazy_check,variant=pad30",insider,text_only,960,threshold,rules,"0.512 [0.498, 0.528]","0.548 [0.493, 0.602]",0.000,0.512
"acl_prefilter=True,ablate=cache_lazy_check,variant=pad30",insider,text_only,960,logreg,score,"0.500 [0.500, 0.500]","0.500 [0.500, 0.500]",0.000,0.500
"acl_prefilter=True,ablate=cache_lazy_check,variant=pad30",insider,text_only,960,logreg,reranker,"0.500 [0.500, 0.500]","0.500 [0.500, 0.500]",0.000,0.500
"acl_prefilter=True,ablate=cache_lazy_check,variant=pad30",insider,text_only,960,logreg,latency,"0.515 [0.480, 0.553]","0.526 [0.457, 0.599]",0.004,0.512
"acl_prefilter=True,ablate=cache_lazy_check,variant=pad30",insider,text_only,960,logreg,refusal,"0.518 [0.484, 0.555]","0.530 [0.459, 0.601]",0.013,0.512
"acl_prefilter=True,ablate=cache_lazy_check,variant=pad30",insider,text_only,960,logreg,content,"0.519 [0.483, 0.558]","0.559 [0.487, 0.629]",0.058,0.512
"acl_prefilter=True,ablate=cache_lazy_check,variant=pad30",insider,text_only,960,logreg,combined,"0.517 [0.482, 0.553]","0.554 [0.483, 0.628]",0.037,0.520
"acl_prefilter=True,ablate=cache_lazy_check,variant=pad30",insider,text_only,960,gboost,score,"0.500 [0.500, 0.500]","0.500 [0.500, 0.500]",0.000,0.500
"acl_prefilter=True,ablate=cache_lazy_check,variant=pad30",insider,text_only,960,gboost,reranker,"0.500 [0.500, 0.500]","0.500 [0.500, 0.500]",0.000,0.500
"acl_prefilter=True,ablate=cache_lazy_check,variant=pad30",insider,text_only,960,gboost,latency,"0.497 [0.459, 0.533]","0.498 [0.422, 0.571]",0.002,0.497
"acl_prefilter=True,ablate=cache_lazy_check,variant=pad30",insider,text_only,960,gboost,refusal,"0.518 [0.481, 0.555]","0.540 [0.473, 0.611]",0.013,0.510
"acl_prefilter=True,ablate=cache_lazy_check,variant=pad30",insider,text_only,960,gboost,content,"0.574 [0.541, 0.607]","0.726 [0.673, 0.774]",0.079,0.540
"acl_prefilter=True,ablate=cache_lazy_check,variant=pad30",insider,text_only,960,gboost,combined,"0.557 [0.521, 0.591]","0.696 [0.632, 0.755]",0.085,0.523
"acl_prefilter=True,ablate=cache_lazy_check,variant=pad30",insider,with_sources,960,threshold,rules,"0.514 [0.483, 0.542]","0.540 [0.470, 0.615]",0.000,0.511
"acl_prefilter=True,ablate=cache_lazy_check,variant=pad30",insider,with_sources,960,logreg,score,"0.522 [0.487, 0.558]","0.562 [0.489, 0.634]",0.031,0.512
"acl_prefilter=True,ablate=cache_lazy_check,variant=pad30",insider,with_sources,960,logreg,reranker,"0.500 [0.500, 0.500]","0.500 [0.500, 0.500]",0.000,0.500
"acl_prefilter=True,ablate=cache_lazy_check,variant=pad30",insider,with_sources,960,logreg,latency,"0.515 [0.480, 0.553]","0.526 [0.457, 0.599]",0.004,0.512
"acl_prefilter=True,ablate=cache_lazy_check,variant=pad30",insider,with_sources,960,logreg,refusal,"0.518 [0.484, 0.555]","0.530 [0.459, 0.601]",0.013,0.512
"acl_prefilter=True,ablate=cache_lazy_check,variant=pad30",insider,with_sources,960,logreg,content,"0.519 [0.483, 0.558]","0.559 [0.487, 0.629]",0.058,0.512
"acl_prefilter=True,ablate=cache_lazy_check,variant=pad30",insider,with_sources,960,logreg,combined,"0.512 [0.476, 0.547]","0.547 [0.477, 0.618]",0.044,0.515
"acl_prefilter=True,ablate=cache_lazy_check,variant=pad30",insider,with_sources,960,gboost,score,"0.523 [0.488, 0.558]","0.559 [0.487, 0.631]",0.027,0.512
"acl_prefilter=True,ablate=cache_lazy_check,variant=pad30",insider,with_sources,960,gboost,reranker,"0.500 [0.500, 0.500]","0.500 [0.500, 0.500]",0.000,0.500
"acl_prefilter=True,ablate=cache_lazy_check,variant=pad30",insider,with_sources,960,gboost,latency,"0.497 [0.459, 0.533]","0.498 [0.422, 0.571]",0.002,0.497
"acl_prefilter=True,ablate=cache_lazy_check,variant=pad30",insider,with_sources,960,gboost,refusal,"0.518 [0.481, 0.555]","0.540 [0.473, 0.611]",0.013,0.510
"acl_prefilter=True,ablate=cache_lazy_check,variant=pad30",insider,with_sources,960,gboost,content,"0.574 [0.541, 0.607]","0.726 [0.673, 0.774]",0.079,0.540
"acl_prefilter=True,ablate=cache_lazy_check,variant=pad30",insider,with_sources,960,gboost,combined,"0.553 [0.518, 0.588]","0.690 [0.627, 0.752]",0.094,0.525
"acl_prefilter=True,ablate=cache_lazy_check,variant=pad30",insider,with_reranker,960,threshold,rules,"0.514 [0.483, 0.542]","0.540 [0.470, 0.615]",0.000,0.511
"acl_prefilter=True,ablate=cache_lazy_check,variant=pad30",insider,with_reranker,960,logreg,score,"0.522 [0.487, 0.558]","0.562 [0.489, 0.634]",0.031,0.512
"acl_prefilter=True,ablate=cache_lazy_check,variant=pad30",insider,with_reranker,960,logreg,reranker,"0.522 [0.484, 0.557]","0.550 [0.487, 0.612]",0.008,0.512
"acl_prefilter=True,ablate=cache_lazy_check,variant=pad30",insider,with_reranker,960,logreg,latency,"0.515 [0.480, 0.553]","0.526 [0.457, 0.599]",0.004,0.512
"acl_prefilter=True,ablate=cache_lazy_check,variant=pad30",insider,with_reranker,960,logreg,refusal,"0.518 [0.484, 0.555]","0.530 [0.459, 0.601]",0.013,0.512
"acl_prefilter=True,ablate=cache_lazy_check,variant=pad30",insider,with_reranker,960,logreg,content,"0.519 [0.483, 0.558]","0.559 [0.487, 0.629]",0.058,0.512
"acl_prefilter=True,ablate=cache_lazy_check,variant=pad30",insider,with_reranker,960,logreg,combined,"0.511 [0.474, 0.545]","0.545 [0.476, 0.617]",0.044,0.515
"acl_prefilter=True,ablate=cache_lazy_check,variant=pad30",insider,with_reranker,960,gboost,score,"0.523 [0.488, 0.558]","0.559 [0.487, 0.631]",0.027,0.512
"acl_prefilter=True,ablate=cache_lazy_check,variant=pad30",insider,with_reranker,960,gboost,reranker,"0.522 [0.486, 0.559]","0.548 [0.485, 0.612]",0.000,0.512
"acl_prefilter=True,ablate=cache_lazy_check,variant=pad30",insider,with_reranker,960,gboost,latency,"0.497 [0.459, 0.533]","0.498 [0.422, 0.571]",0.002,0.497
"acl_prefilter=True,ablate=cache_lazy_check,variant=pad30",insider,with_reranker,960,gboost,refusal,"0.518 [0.481, 0.555]","0.540 [0.473, 0.611]",0.013,0.510
"acl_prefilter=True,ablate=cache_lazy_check,variant=pad30",insider,with_reranker,960,gboost,content,"0.574 [0.541, 0.607]","0.726 [0.673, 0.774]",0.079,0.540
"acl_prefilter=True,ablate=cache_lazy_check,variant=pad30",insider,with_reranker,960,gboost,combined,"0.549 [0.515, 0.583]","0.701 [0.638, 0.761]",0.087,0.518
"acl_prefilter=True,ablate=cache_lazy_check,variant=pad30",outsider,text_only,960,threshold,rules,"0.500 [0.480, 0.519]","0.500 [0.458, 0.541]",0.000,0.500
"acl_prefilter=True,ablate=cache_lazy_check,variant=pad30",outsider,text_only,960,logreg,score,"0.500 [0.500, 0.500]","0.500 [0.500, 0.500]",0.000,0.500
"acl_prefilter=True,ablate=cache_lazy_check,variant=pad30",outsider,text_only,960,logreg,reranker,"0.500 [0.500, 0.500]","0.500 [0.500, 0.500]",0.000,0.500
"acl_prefilter=True,ablate=cache_lazy_check,variant=pad30",outsider,text_only,960,logreg,latency,"0.489 [0.451, 0.525]","0.490 [0.422, 0.562]",0.017,0.496
"acl_prefilter=True,ablate=cache_lazy_check,variant=pad30",outsider,text_only,960,logreg,refusal,"0.500 [0.500, 0.500]","0.500 [0.500, 0.500]",0.000,0.500
"acl_prefilter=True,ablate=cache_lazy_check,variant=pad30",outsider,text_only,960,logreg,content,"0.500 [0.500, 0.500]","0.500 [0.500, 0.500]",0.000,0.500
"acl_prefilter=True,ablate=cache_lazy_check,variant=pad30",outsider,text_only,960,logreg,combined,"0.478 [0.438, 0.515]","0.467 [0.397, 0.535]",0.004,0.484
"acl_prefilter=True,ablate=cache_lazy_check,variant=pad30",outsider,text_only,960,gboost,score,"0.500 [0.500, 0.500]","0.500 [0.500, 0.500]",0.000,0.500
"acl_prefilter=True,ablate=cache_lazy_check,variant=pad30",outsider,text_only,960,gboost,reranker,"0.500 [0.500, 0.500]","0.500 [0.500, 0.500]",0.000,0.500
"acl_prefilter=True,ablate=cache_lazy_check,variant=pad30",outsider,text_only,960,gboost,latency,"0.515 [0.477, 0.552]","0.552 [0.476, 0.621]",0.027,0.521
"acl_prefilter=True,ablate=cache_lazy_check,variant=pad30",outsider,text_only,960,gboost,refusal,"0.500 [0.500, 0.500]","0.500 [0.500, 0.500]",0.000,0.500
"acl_prefilter=True,ablate=cache_lazy_check,variant=pad30",outsider,text_only,960,gboost,content,"0.500 [0.500, 0.500]","0.500 [0.500, 0.500]",0.000,0.500
"acl_prefilter=True,ablate=cache_lazy_check,variant=pad30",outsider,text_only,960,gboost,combined,"0.512 [0.476, 0.548]","0.547 [0.474, 0.622]",0.021,0.510
"acl_prefilter=True,ablate=cache_lazy_check,variant=pad30",outsider,with_sources,960,threshold,rules,"0.500 [0.471, 0.525]","0.500 [0.433, 0.568]",0.000,0.500
"acl_prefilter=True,ablate=cache_lazy_check,variant=pad30",outsider,with_sources,960,logreg,score,"0.500 [0.500, 0.500]","0.500 [0.500, 0.500]",0.000,0.500
"acl_prefilter=True,ablate=cache_lazy_check,variant=pad30",outsider,with_sources,960,logreg,reranker,"0.500 [0.500, 0.500]","0.500 [0.500, 0.500]",0.000,0.500
"acl_prefilter=True,ablate=cache_lazy_check,variant=pad30",outsider,with_sources,960,logreg,latency,"0.489 [0.451, 0.525]","0.490 [0.422, 0.562]",0.017,0.496
"acl_prefilter=True,ablate=cache_lazy_check,variant=pad30",outsider,with_sources,960,logreg,refusal,"0.500 [0.500, 0.500]","0.500 [0.500, 0.500]",0.000,0.500
"acl_prefilter=True,ablate=cache_lazy_check,variant=pad30",outsider,with_sources,960,logreg,content,"0.500 [0.500, 0.500]","0.500 [0.500, 0.500]",0.000,0.500
"acl_prefilter=True,ablate=cache_lazy_check,variant=pad30",outsider,with_sources,960,logreg,combined,"0.476 [0.438, 0.514]","0.464 [0.392, 0.536]",0.004,0.486
"acl_prefilter=True,ablate=cache_lazy_check,variant=pad30",outsider,with_sources,960,gboost,score,"0.500 [0.500, 0.500]","0.500 [0.500, 0.500]",0.000,0.500
"acl_prefilter=True,ablate=cache_lazy_check,variant=pad30",outsider,with_sources,960,gboost,reranker,"0.500 [0.500, 0.500]","0.500 [0.500, 0.500]",0.000,0.500
"acl_prefilter=True,ablate=cache_lazy_check,variant=pad30",outsider,with_sources,960,gboost,latency,"0.515 [0.477, 0.552]","0.552 [0.476, 0.621]",0.027,0.521
"acl_prefilter=True,ablate=cache_lazy_check,variant=pad30",outsider,with_sources,960,gboost,refusal,"0.500 [0.500, 0.500]","0.500 [0.500, 0.500]",0.000,0.500
"acl_prefilter=True,ablate=cache_lazy_check,variant=pad30",outsider,with_sources,960,gboost,content,"0.500 [0.500, 0.500]","0.500 [0.500, 0.500]",0.000,0.500
"acl_prefilter=True,ablate=cache_lazy_check,variant=pad30",outsider,with_sources,960,gboost,combined,"0.510 [0.474, 0.547]","0.537 [0.458, 0.606]",0.021,0.515
"acl_prefilter=True,ablate=cache_lazy_check,variant=pad30",outsider,with_reranker,960,threshold,rules,"0.500 [0.471, 0.525]","0.500 [0.433, 0.568]",0.000,0.500
"acl_prefilter=True,ablate=cache_lazy_check,variant=pad30",outsider,with_reranker,960,logreg,score,"0.500 [0.500, 0.500]","0.500 [0.500, 0.500]",0.000,0.500
"acl_prefilter=True,ablate=cache_lazy_check,variant=pad30",outsider,with_reranker,960,logreg,reranker,"0.500 [0.500, 0.500]","0.500 [0.500, 0.500]",0.000,0.500
"acl_prefilter=True,ablate=cache_lazy_check,variant=pad30",outsider,with_reranker,960,logreg,latency,"0.489 [0.451, 0.525]","0.490 [0.422, 0.562]",0.017,0.496
"acl_prefilter=True,ablate=cache_lazy_check,variant=pad30",outsider,with_reranker,960,logreg,refusal,"0.500 [0.500, 0.500]","0.500 [0.500, 0.500]",0.000,0.500
"acl_prefilter=True,ablate=cache_lazy_check,variant=pad30",outsider,with_reranker,960,logreg,content,"0.500 [0.500, 0.500]","0.500 [0.500, 0.500]",0.000,0.500
"acl_prefilter=True,ablate=cache_lazy_check,variant=pad30",outsider,with_reranker,960,logreg,combined,"0.476 [0.438, 0.514]","0.462 [0.390, 0.535]",0.004,0.488
"acl_prefilter=True,ablate=cache_lazy_check,variant=pad30",outsider,with_reranker,960,gboost,score,"0.500 [0.500, 0.500]","0.500 [0.500, 0.500]",0.000,0.500
"acl_prefilter=True,ablate=cache_lazy_check,variant=pad30",outsider,with_reranker,960,gboost,reranker,"0.500 [0.500, 0.500]","0.500 [0.500, 0.500]",0.000,0.500
"acl_prefilter=True,ablate=cache_lazy_check,variant=pad30",outsider,with_reranker,960,gboost,latency,"0.515 [0.477, 0.552]","0.552 [0.476, 0.621]",0.027,0.521
"acl_prefilter=True,ablate=cache_lazy_check,variant=pad30",outsider,with_reranker,960,gboost,refusal,"0.500 [0.500, 0.500]","0.500 [0.500, 0.500]",0.000,0.500
"acl_prefilter=True,ablate=cache_lazy_check,variant=pad30",outsider,with_reranker,960,gboost,content,"0.500 [0.500, 0.500]","0.500 [0.500, 0.500]",0.000,0.500
"acl_prefilter=True,ablate=cache_lazy_check,variant=pad30",outsider,with_reranker,960,gboost,combined,"0.520 [0.483, 0.556]","0.565 [0.493, 0.633]",0.027,0.519
"acl_prefilter=True,ablate=cache_lazy_check,variant=pad30",all,text_only,1920,threshold,rules,"0.506 [0.494, 0.519]","0.522 [0.488, 0.556]",0.000,0.506
"acl_prefilter=True,ablate=cache_lazy_check,variant=pad30",all,text_only,1920,logreg,score,"0.500 [0.500, 0.500]","0.500 [0.500, 0.500]",0.000,0.500
"acl_prefilter=True,ablate=cache_lazy_check,variant=pad30",all,text_only,1920,logreg,reranker,"0.500 [0.500, 0.500]","0.500 [0.500, 0.500]",0.000,0.500
"acl_prefilter=True,ablate=cache_lazy_check,variant=pad30",all,text_only,1920,logreg,latency,"0.501 [0.475, 0.527]","0.507 [0.456, 0.558]",0.008,0.506
"acl_prefilter=True,ablate=cache_lazy_check,variant=pad30",all,text_only,1920,logreg,refusal,"0.508 [0.483, 0.533]","0.513 [0.465, 0.559]",0.008,0.505
"acl_prefilter=True,ablate=cache_lazy_check,variant=pad30",all,text_only,1920,logreg,content,"0.509 [0.485, 0.536]","0.523 [0.475, 0.569]",0.016,0.506
"acl_prefilter=True,ablate=cache_lazy_check,variant=pad30",all,text_only,1920,logreg,combined,"0.502 [0.478, 0.529]","0.506 [0.457, 0.557]",0.028,0.508
"acl_prefilter=True,ablate=cache_lazy_check,variant=pad30",all,text_only,1920,gboost,score,"0.500 [0.500, 0.500]","0.500 [0.500, 0.500]",0.000,0.500
"acl_prefilter=True,ablate=cache_lazy_check,variant=pad30",all,text_only,1920,gboost,reranker,"0.500 [0.500, 0.500]","0.500 [0.500, 0.500]",0.000,0.500
"acl_prefilter=True,ablate=cache_lazy_check,variant=pad30",all,text_only,1920,gboost,latency,"0.479 [0.454, 0.502]","0.479 [0.429, 0.536]",0.009,0.477
"acl_prefilter=True,ablate=cache_lazy_check,variant=pad30",all,text_only,1920,gboost,refusal,"0.509 [0.485, 0.533]","0.521 [0.474, 0.567]",0.006,0.505
"acl_prefilter=True,ablate=cache_lazy_check,variant=pad30",all,text_only,1920,gboost,content,"0.537 [0.514, 0.563]","0.623 [0.586, 0.660]",0.048,0.520
"acl_prefilter=True,ablate=cache_lazy_check,variant=pad30",all,text_only,1920,gboost,combined,"0.522 [0.497, 0.545]","0.608 [0.554, 0.659]",0.049,0.504
"acl_prefilter=True,ablate=cache_lazy_check,variant=pad30",all,with_sources,1920,threshold,rules,"0.507 [0.487, 0.526]","0.517 [0.467, 0.568]",0.000,0.506
"acl_prefilter=True,ablate=cache_lazy_check,variant=pad30",all,with_sources,1920,logreg,score,"0.511 [0.485, 0.536]","0.527 [0.479, 0.579]",0.017,0.506
"acl_prefilter=True,ablate=cache_lazy_check,variant=pad30",all,with_sources,1920,logreg,reranker,"0.500 [0.500, 0.500]","0.500 [0.500, 0.500]",0.000,0.500
"acl_prefilter=True,ablate=cache_lazy_check,variant=pad30",all,with_sources,1920,logreg,latency,"0.501 [0.475, 0.527]","0.507 [0.456, 0.558]",0.008,0.506
"acl_prefilter=True,ablate=cache_lazy_check,variant=pad30",all,with_sources,1920,logreg,refusal,"0.508 [0.483, 0.533]","0.513 [0.465, 0.559]",0.008,0.505
"acl_prefilter=True,ablate=cache_lazy_check,variant=pad30",all,with_sources,1920,logreg,content,"0.509 [0.485, 0.536]","0.523 [0.475, 0.569]",0.016,0.506
"acl_prefilter=True,ablate=cache_lazy_check,variant=pad30",all,with_sources,1920,logreg,combined,"0.497 [0.472, 0.522]","0.504 [0.452, 0.555]",0.026,0.502
"acl_prefilter=True,ablate=cache_lazy_check,variant=pad30",all,with_sources,1920,gboost,score,"0.511 [0.486, 0.537]","0.530 [0.479, 0.584]",0.014,0.506
"acl_prefilter=True,ablate=cache_lazy_check,variant=pad30",all,with_sources,1920,gboost,reranker,"0.500 [0.500, 0.500]","0.500 [0.500, 0.500]",0.000,0.500
"acl_prefilter=True,ablate=cache_lazy_check,variant=pad30",all,with_sources,1920,gboost,latency,"0.479 [0.454, 0.502]","0.479 [0.429, 0.536]",0.009,0.477
"acl_prefilter=True,ablate=cache_lazy_check,variant=pad30",all,with_sources,1920,gboost,refusal,"0.509 [0.485, 0.533]","0.521 [0.474, 0.567]",0.006,0.505
"acl_prefilter=True,ablate=cache_lazy_check,variant=pad30",all,with_sources,1920,gboost,content,"0.537 [0.514, 0.563]","0.623 [0.586, 0.660]",0.048,0.520
"acl_prefilter=True,ablate=cache_lazy_check,variant=pad30",all,with_sources,1920,gboost,combined,"0.524 [0.499, 0.548]","0.607 [0.554, 0.658]",0.048,0.507
"acl_prefilter=True,ablate=cache_lazy_check,variant=pad30",all,with_reranker,1920,threshold,rules,"0.507 [0.487, 0.526]","0.517 [0.467, 0.568]",0.000,0.506
"acl_prefilter=True,ablate=cache_lazy_check,variant=pad30",all,with_reranker,1920,logreg,score,"0.511 [0.485, 0.536]","0.527 [0.479, 0.579]",0.017,0.506
"acl_prefilter=True,ablate=cache_lazy_check,variant=pad30",all,with_reranker,1920,logreg,reranker,"0.511 [0.484, 0.535]","0.522 [0.481, 0.562]",0.000,0.506
"acl_prefilter=True,ablate=cache_lazy_check,variant=pad30",all,with_reranker,1920,logreg,latency,"0.501 [0.475, 0.527]","0.507 [0.456, 0.558]",0.008,0.506
"acl_prefilter=True,ablate=cache_lazy_check,variant=pad30",all,with_reranker,1920,logreg,refusal,"0.508 [0.483, 0.533]","0.513 [0.465, 0.559]",0.008,0.505
"acl_prefilter=True,ablate=cache_lazy_check,variant=pad30",all,with_reranker,1920,logreg,content,"0.509 [0.485, 0.536]","0.523 [0.475, 0.569]",0.016,0.506
"acl_prefilter=True,ablate=cache_lazy_check,variant=pad30",all,with_reranker,1920,logreg,combined,"0.497 [0.473, 0.522]","0.505 [0.453, 0.555]",0.026,0.500
"acl_prefilter=True,ablate=cache_lazy_check,variant=pad30",all,with_reranker,1920,gboost,score,"0.511 [0.486, 0.537]","0.530 [0.479, 0.584]",0.014,0.506
"acl_prefilter=True,ablate=cache_lazy_check,variant=pad30",all,with_reranker,1920,gboost,reranker,"0.511 [0.485, 0.535]","0.526 [0.486, 0.570]",0.000,0.506
"acl_prefilter=True,ablate=cache_lazy_check,variant=pad30",all,with_reranker,1920,gboost,latency,"0.479 [0.454, 0.502]","0.479 [0.429, 0.536]",0.009,0.477
"acl_prefilter=True,ablate=cache_lazy_check,variant=pad30",all,with_reranker,1920,gboost,refusal,"0.509 [0.485, 0.533]","0.521 [0.474, 0.567]",0.006,0.505
"acl_prefilter=True,ablate=cache_lazy_check,variant=pad30",all,with_reranker,1920,gboost,content,"0.537 [0.514, 0.563]","0.623 [0.586, 0.660]",0.048,0.520
"acl_prefilter=True,ablate=cache_lazy_check,variant=pad30",all,with_reranker,1920,gboost,combined,"0.516 [0.491, 0.540]","0.607 [0.554, 0.659]",0.052,0.503
"acl_prefilter=True,ablate=cache_lazy_check,variant=deadline2s",insider,text_only,960,threshold,rules,"0.512 [0.498, 0.528]","0.548 [0.493, 0.602]",0.000,0.512
"acl_prefilter=True,ablate=cache_lazy_check,variant=deadline2s",insider,text_only,960,logreg,score,"0.500 [0.500, 0.500]","0.500 [0.500, 0.500]",0.000,0.500
"acl_prefilter=True,ablate=cache_lazy_check,variant=deadline2s",insider,text_only,960,logreg,reranker,"0.500 [0.500, 0.500]","0.500 [0.500, 0.500]",0.000,0.500
"acl_prefilter=True,ablate=cache_lazy_check,variant=deadline2s",insider,text_only,960,logreg,latency,"0.500 [0.500, 0.500]","0.500 [0.500, 0.500]",0.000,0.500
"acl_prefilter=True,ablate=cache_lazy_check,variant=deadline2s",insider,text_only,960,logreg,refusal,"0.518 [0.484, 0.555]","0.530 [0.459, 0.601]",0.013,0.512
"acl_prefilter=True,ablate=cache_lazy_check,variant=deadline2s",insider,text_only,960,logreg,content,"0.519 [0.483, 0.558]","0.559 [0.487, 0.629]",0.058,0.512
"acl_prefilter=True,ablate=cache_lazy_check,variant=deadline2s",insider,text_only,960,logreg,combined,"0.523 [0.489, 0.556]","0.578 [0.510, 0.650]",0.040,0.510
"acl_prefilter=True,ablate=cache_lazy_check,variant=deadline2s",insider,text_only,960,gboost,score,"0.500 [0.500, 0.500]","0.500 [0.500, 0.500]",0.000,0.500
"acl_prefilter=True,ablate=cache_lazy_check,variant=deadline2s",insider,text_only,960,gboost,reranker,"0.500 [0.500, 0.500]","0.500 [0.500, 0.500]",0.000,0.500
"acl_prefilter=True,ablate=cache_lazy_check,variant=deadline2s",insider,text_only,960,gboost,latency,"0.500 [0.500, 0.500]","0.500 [0.500, 0.500]",0.000,0.500
"acl_prefilter=True,ablate=cache_lazy_check,variant=deadline2s",insider,text_only,960,gboost,refusal,"0.518 [0.481, 0.555]","0.540 [0.473, 0.611]",0.013,0.510
"acl_prefilter=True,ablate=cache_lazy_check,variant=deadline2s",insider,text_only,960,gboost,content,"0.574 [0.541, 0.607]","0.726 [0.673, 0.774]",0.079,0.540
"acl_prefilter=True,ablate=cache_lazy_check,variant=deadline2s",insider,text_only,960,gboost,combined,"0.574 [0.539, 0.608]","0.737 [0.675, 0.788]",0.083,0.540
"acl_prefilter=True,ablate=cache_lazy_check,variant=deadline2s",insider,with_sources,960,threshold,rules,"0.514 [0.483, 0.542]","0.540 [0.470, 0.615]",0.000,0.511
"acl_prefilter=True,ablate=cache_lazy_check,variant=deadline2s",insider,with_sources,960,logreg,score,"0.522 [0.487, 0.558]","0.562 [0.489, 0.634]",0.031,0.512
"acl_prefilter=True,ablate=cache_lazy_check,variant=deadline2s",insider,with_sources,960,logreg,reranker,"0.500 [0.500, 0.500]","0.500 [0.500, 0.500]",0.000,0.500
"acl_prefilter=True,ablate=cache_lazy_check,variant=deadline2s",insider,with_sources,960,logreg,latency,"0.500 [0.500, 0.500]","0.500 [0.500, 0.500]",0.000,0.500
"acl_prefilter=True,ablate=cache_lazy_check,variant=deadline2s",insider,with_sources,960,logreg,refusal,"0.518 [0.484, 0.555]","0.530 [0.459, 0.601]",0.013,0.512
"acl_prefilter=True,ablate=cache_lazy_check,variant=deadline2s",insider,with_sources,960,logreg,content,"0.519 [0.483, 0.558]","0.559 [0.487, 0.629]",0.058,0.512
"acl_prefilter=True,ablate=cache_lazy_check,variant=deadline2s",insider,with_sources,960,logreg,combined,"0.522 [0.485, 0.558]","0.578 [0.507, 0.649]",0.050,0.510
"acl_prefilter=True,ablate=cache_lazy_check,variant=deadline2s",insider,with_sources,960,gboost,score,"0.523 [0.488, 0.558]","0.559 [0.487, 0.631]",0.027,0.512
"acl_prefilter=True,ablate=cache_lazy_check,variant=deadline2s",insider,with_sources,960,gboost,reranker,"0.500 [0.500, 0.500]","0.500 [0.500, 0.500]",0.000,0.500
"acl_prefilter=True,ablate=cache_lazy_check,variant=deadline2s",insider,with_sources,960,gboost,latency,"0.500 [0.500, 0.500]","0.500 [0.500, 0.500]",0.000,0.500
"acl_prefilter=True,ablate=cache_lazy_check,variant=deadline2s",insider,with_sources,960,gboost,refusal,"0.518 [0.481, 0.555]","0.540 [0.473, 0.611]",0.013,0.510
"acl_prefilter=True,ablate=cache_lazy_check,variant=deadline2s",insider,with_sources,960,gboost,content,"0.574 [0.541, 0.607]","0.726 [0.673, 0.774]",0.079,0.540
"acl_prefilter=True,ablate=cache_lazy_check,variant=deadline2s",insider,with_sources,960,gboost,combined,"0.574 [0.537, 0.608]","0.733 [0.670, 0.792]",0.081,0.540
"acl_prefilter=True,ablate=cache_lazy_check,variant=deadline2s",insider,with_reranker,960,threshold,rules,"0.514 [0.483, 0.542]","0.540 [0.470, 0.615]",0.000,0.511
"acl_prefilter=True,ablate=cache_lazy_check,variant=deadline2s",insider,with_reranker,960,logreg,score,"0.522 [0.487, 0.558]","0.562 [0.489, 0.634]",0.031,0.512
"acl_prefilter=True,ablate=cache_lazy_check,variant=deadline2s",insider,with_reranker,960,logreg,reranker,"0.522 [0.484, 0.557]","0.550 [0.487, 0.612]",0.008,0.512
"acl_prefilter=True,ablate=cache_lazy_check,variant=deadline2s",insider,with_reranker,960,logreg,latency,"0.500 [0.500, 0.500]","0.500 [0.500, 0.500]",0.000,0.500
"acl_prefilter=True,ablate=cache_lazy_check,variant=deadline2s",insider,with_reranker,960,logreg,refusal,"0.518 [0.484, 0.555]","0.530 [0.459, 0.601]",0.013,0.512
"acl_prefilter=True,ablate=cache_lazy_check,variant=deadline2s",insider,with_reranker,960,logreg,content,"0.519 [0.483, 0.558]","0.559 [0.487, 0.629]",0.058,0.512
"acl_prefilter=True,ablate=cache_lazy_check,variant=deadline2s",insider,with_reranker,960,logreg,combined,"0.522 [0.486, 0.558]","0.584 [0.514, 0.655]",0.050,0.510
"acl_prefilter=True,ablate=cache_lazy_check,variant=deadline2s",insider,with_reranker,960,gboost,score,"0.523 [0.488, 0.558]","0.559 [0.487, 0.631]",0.027,0.512
"acl_prefilter=True,ablate=cache_lazy_check,variant=deadline2s",insider,with_reranker,960,gboost,reranker,"0.522 [0.486, 0.559]","0.548 [0.485, 0.612]",0.000,0.512
"acl_prefilter=True,ablate=cache_lazy_check,variant=deadline2s",insider,with_reranker,960,gboost,latency,"0.500 [0.500, 0.500]","0.500 [0.500, 0.500]",0.000,0.500
"acl_prefilter=True,ablate=cache_lazy_check,variant=deadline2s",insider,with_reranker,960,gboost,refusal,"0.518 [0.481, 0.555]","0.540 [0.473, 0.611]",0.013,0.510
"acl_prefilter=True,ablate=cache_lazy_check,variant=deadline2s",insider,with_reranker,960,gboost,content,"0.574 [0.541, 0.607]","0.726 [0.673, 0.774]",0.079,0.540
"acl_prefilter=True,ablate=cache_lazy_check,variant=deadline2s",insider,with_reranker,960,gboost,combined,"0.574 [0.538, 0.610]","0.737 [0.678, 0.795]",0.083,0.540
"acl_prefilter=True,ablate=cache_lazy_check,variant=deadline2s",outsider,text_only,960,threshold,rules,"0.500 [0.480, 0.519]","0.500 [0.458, 0.541]",0.000,0.500
"acl_prefilter=True,ablate=cache_lazy_check,variant=deadline2s",outsider,text_only,960,logreg,score,"0.500 [0.500, 0.500]","0.500 [0.500, 0.500]",0.000,0.500
"acl_prefilter=True,ablate=cache_lazy_check,variant=deadline2s",outsider,text_only,960,logreg,reranker,"0.500 [0.500, 0.500]","0.500 [0.500, 0.500]",0.000,0.500
"acl_prefilter=True,ablate=cache_lazy_check,variant=deadline2s",outsider,text_only,960,logreg,latency,"0.500 [0.500, 0.500]","0.500 [0.500, 0.500]",0.000,0.500
"acl_prefilter=True,ablate=cache_lazy_check,variant=deadline2s",outsider,text_only,960,logreg,refusal,"0.500 [0.500, 0.500]","0.500 [0.500, 0.500]",0.000,0.500
"acl_prefilter=True,ablate=cache_lazy_check,variant=deadline2s",outsider,text_only,960,logreg,content,"0.500 [0.500, 0.500]","0.500 [0.500, 0.500]",0.000,0.500
"acl_prefilter=True,ablate=cache_lazy_check,variant=deadline2s",outsider,text_only,960,logreg,combined,"0.500 [0.500, 0.500]","0.500 [0.500, 0.500]",0.000,0.500
"acl_prefilter=True,ablate=cache_lazy_check,variant=deadline2s",outsider,text_only,960,gboost,score,"0.500 [0.500, 0.500]","0.500 [0.500, 0.500]",0.000,0.500
"acl_prefilter=True,ablate=cache_lazy_check,variant=deadline2s",outsider,text_only,960,gboost,reranker,"0.500 [0.500, 0.500]","0.500 [0.500, 0.500]",0.000,0.500
"acl_prefilter=True,ablate=cache_lazy_check,variant=deadline2s",outsider,text_only,960,gboost,latency,"0.500 [0.500, 0.500]","0.500 [0.500, 0.500]",0.000,0.500
"acl_prefilter=True,ablate=cache_lazy_check,variant=deadline2s",outsider,text_only,960,gboost,refusal,"0.500 [0.500, 0.500]","0.500 [0.500, 0.500]",0.000,0.500
"acl_prefilter=True,ablate=cache_lazy_check,variant=deadline2s",outsider,text_only,960,gboost,content,"0.500 [0.500, 0.500]","0.500 [0.500, 0.500]",0.000,0.500
"acl_prefilter=True,ablate=cache_lazy_check,variant=deadline2s",outsider,text_only,960,gboost,combined,"0.500 [0.500, 0.500]","0.500 [0.500, 0.500]",0.000,0.500
"acl_prefilter=True,ablate=cache_lazy_check,variant=deadline2s",outsider,with_sources,960,threshold,rules,"0.500 [0.471, 0.525]","0.500 [0.433, 0.568]",0.000,0.500
"acl_prefilter=True,ablate=cache_lazy_check,variant=deadline2s",outsider,with_sources,960,logreg,score,"0.500 [0.500, 0.500]","0.500 [0.500, 0.500]",0.000,0.500
"acl_prefilter=True,ablate=cache_lazy_check,variant=deadline2s",outsider,with_sources,960,logreg,reranker,"0.500 [0.500, 0.500]","0.500 [0.500, 0.500]",0.000,0.500
"acl_prefilter=True,ablate=cache_lazy_check,variant=deadline2s",outsider,with_sources,960,logreg,latency,"0.500 [0.500, 0.500]","0.500 [0.500, 0.500]",0.000,0.500
"acl_prefilter=True,ablate=cache_lazy_check,variant=deadline2s",outsider,with_sources,960,logreg,refusal,"0.500 [0.500, 0.500]","0.500 [0.500, 0.500]",0.000,0.500
"acl_prefilter=True,ablate=cache_lazy_check,variant=deadline2s",outsider,with_sources,960,logreg,content,"0.500 [0.500, 0.500]","0.500 [0.500, 0.500]",0.000,0.500
"acl_prefilter=True,ablate=cache_lazy_check,variant=deadline2s",outsider,with_sources,960,logreg,combined,"0.500 [0.500, 0.500]","0.500 [0.500, 0.500]",0.000,0.500
"acl_prefilter=True,ablate=cache_lazy_check,variant=deadline2s",outsider,with_sources,960,gboost,score,"0.500 [0.500, 0.500]","0.500 [0.500, 0.500]",0.000,0.500
"acl_prefilter=True,ablate=cache_lazy_check,variant=deadline2s",outsider,with_sources,960,gboost,reranker,"0.500 [0.500, 0.500]","0.500 [0.500, 0.500]",0.000,0.500
"acl_prefilter=True,ablate=cache_lazy_check,variant=deadline2s",outsider,with_sources,960,gboost,latency,"0.500 [0.500, 0.500]","0.500 [0.500, 0.500]",0.000,0.500
"acl_prefilter=True,ablate=cache_lazy_check,variant=deadline2s",outsider,with_sources,960,gboost,refusal,"0.500 [0.500, 0.500]","0.500 [0.500, 0.500]",0.000,0.500
"acl_prefilter=True,ablate=cache_lazy_check,variant=deadline2s",outsider,with_sources,960,gboost,content,"0.500 [0.500, 0.500]","0.500 [0.500, 0.500]",0.000,0.500
"acl_prefilter=True,ablate=cache_lazy_check,variant=deadline2s",outsider,with_sources,960,gboost,combined,"0.500 [0.500, 0.500]","0.500 [0.500, 0.500]",0.000,0.500
"acl_prefilter=True,ablate=cache_lazy_check,variant=deadline2s",outsider,with_reranker,960,threshold,rules,"0.500 [0.471, 0.525]","0.500 [0.433, 0.568]",0.000,0.500
"acl_prefilter=True,ablate=cache_lazy_check,variant=deadline2s",outsider,with_reranker,960,logreg,score,"0.500 [0.500, 0.500]","0.500 [0.500, 0.500]",0.000,0.500
"acl_prefilter=True,ablate=cache_lazy_check,variant=deadline2s",outsider,with_reranker,960,logreg,reranker,"0.500 [0.500, 0.500]","0.500 [0.500, 0.500]",0.000,0.500
"acl_prefilter=True,ablate=cache_lazy_check,variant=deadline2s",outsider,with_reranker,960,logreg,latency,"0.500 [0.500, 0.500]","0.500 [0.500, 0.500]",0.000,0.500
"acl_prefilter=True,ablate=cache_lazy_check,variant=deadline2s",outsider,with_reranker,960,logreg,refusal,"0.500 [0.500, 0.500]","0.500 [0.500, 0.500]",0.000,0.500
"acl_prefilter=True,ablate=cache_lazy_check,variant=deadline2s",outsider,with_reranker,960,logreg,content,"0.500 [0.500, 0.500]","0.500 [0.500, 0.500]",0.000,0.500
"acl_prefilter=True,ablate=cache_lazy_check,variant=deadline2s",outsider,with_reranker,960,logreg,combined,"0.500 [0.500, 0.500]","0.500 [0.500, 0.500]",0.000,0.500
"acl_prefilter=True,ablate=cache_lazy_check,variant=deadline2s",outsider,with_reranker,960,gboost,score,"0.500 [0.500, 0.500]","0.500 [0.500, 0.500]",0.000,0.500
"acl_prefilter=True,ablate=cache_lazy_check,variant=deadline2s",outsider,with_reranker,960,gboost,reranker,"0.500 [0.500, 0.500]","0.500 [0.500, 0.500]",0.000,0.500
"acl_prefilter=True,ablate=cache_lazy_check,variant=deadline2s",outsider,with_reranker,960,gboost,latency,"0.500 [0.500, 0.500]","0.500 [0.500, 0.500]",0.000,0.500
"acl_prefilter=True,ablate=cache_lazy_check,variant=deadline2s",outsider,with_reranker,960,gboost,refusal,"0.500 [0.500, 0.500]","0.500 [0.500, 0.500]",0.000,0.500
"acl_prefilter=True,ablate=cache_lazy_check,variant=deadline2s",outsider,with_reranker,960,gboost,content,"0.500 [0.500, 0.500]","0.500 [0.500, 0.500]",0.000,0.500
"acl_prefilter=True,ablate=cache_lazy_check,variant=deadline2s",outsider,with_reranker,960,gboost,combined,"0.500 [0.500, 0.500]","0.500 [0.500, 0.500]",0.000,0.500
"acl_prefilter=True,ablate=cache_lazy_check,variant=deadline2s",all,text_only,1920,threshold,rules,"0.506 [0.494, 0.519]","0.522 [0.488, 0.556]",0.000,0.506
"acl_prefilter=True,ablate=cache_lazy_check,variant=deadline2s",all,text_only,1920,logreg,score,"0.500 [0.500, 0.500]","0.500 [0.500, 0.500]",0.000,0.500
"acl_prefilter=True,ablate=cache_lazy_check,variant=deadline2s",all,text_only,1920,logreg,reranker,"0.500 [0.500, 0.500]","0.500 [0.500, 0.500]",0.000,0.500
"acl_prefilter=True,ablate=cache_lazy_check,variant=deadline2s",all,text_only,1920,logreg,latency,"0.500 [0.500, 0.500]","0.500 [0.500, 0.500]",0.000,0.500
"acl_prefilter=True,ablate=cache_lazy_check,variant=deadline2s",all,text_only,1920,logreg,refusal,"0.508 [0.483, 0.533]","0.513 [0.465, 0.559]",0.008,0.505
"acl_prefilter=True,ablate=cache_lazy_check,variant=deadline2s",all,text_only,1920,logreg,content,"0.509 [0.485, 0.536]","0.523 [0.475, 0.569]",0.016,0.506
"acl_prefilter=True,ablate=cache_lazy_check,variant=deadline2s",all,text_only,1920,logreg,combined,"0.509 [0.485, 0.535]","0.521 [0.478, 0.567]",0.024,0.505
"acl_prefilter=True,ablate=cache_lazy_check,variant=deadline2s",all,text_only,1920,gboost,score,"0.500 [0.500, 0.500]","0.500 [0.500, 0.500]",0.000,0.500
"acl_prefilter=True,ablate=cache_lazy_check,variant=deadline2s",all,text_only,1920,gboost,reranker,"0.500 [0.500, 0.500]","0.500 [0.500, 0.500]",0.000,0.500
"acl_prefilter=True,ablate=cache_lazy_check,variant=deadline2s",all,text_only,1920,gboost,latency,"0.500 [0.500, 0.500]","0.500 [0.500, 0.500]",0.000,0.500
"acl_prefilter=True,ablate=cache_lazy_check,variant=deadline2s",all,text_only,1920,gboost,refusal,"0.509 [0.485, 0.533]","0.521 [0.474, 0.567]",0.006,0.505
"acl_prefilter=True,ablate=cache_lazy_check,variant=deadline2s",all,text_only,1920,gboost,content,"0.537 [0.514, 0.563]","0.623 [0.586, 0.660]",0.048,0.520
"acl_prefilter=True,ablate=cache_lazy_check,variant=deadline2s",all,text_only,1920,gboost,combined,"0.537 [0.512, 0.563]","0.624 [0.579, 0.666]",0.048,0.520
"acl_prefilter=True,ablate=cache_lazy_check,variant=deadline2s",all,with_sources,1920,threshold,rules,"0.507 [0.487, 0.526]","0.517 [0.467, 0.568]",0.000,0.506
"acl_prefilter=True,ablate=cache_lazy_check,variant=deadline2s",all,with_sources,1920,logreg,score,"0.511 [0.485, 0.536]","0.527 [0.479, 0.579]",0.017,0.506
"acl_prefilter=True,ablate=cache_lazy_check,variant=deadline2s",all,with_sources,1920,logreg,reranker,"0.500 [0.500, 0.500]","0.500 [0.500, 0.500]",0.000,0.500
"acl_prefilter=True,ablate=cache_lazy_check,variant=deadline2s",all,with_sources,1920,logreg,latency,"0.500 [0.500, 0.500]","0.500 [0.500, 0.500]",0.000,0.500
"acl_prefilter=True,ablate=cache_lazy_check,variant=deadline2s",all,with_sources,1920,logreg,refusal,"0.508 [0.483, 0.533]","0.513 [0.465, 0.559]",0.008,0.505
"acl_prefilter=True,ablate=cache_lazy_check,variant=deadline2s",all,with_sources,1920,logreg,content,"0.509 [0.485, 0.536]","0.523 [0.475, 0.569]",0.016,0.506
"acl_prefilter=True,ablate=cache_lazy_check,variant=deadline2s",all,with_sources,1920,logreg,combined,"0.513 [0.488, 0.539]","0.536 [0.487, 0.587]",0.029,0.505
"acl_prefilter=True,ablate=cache_lazy_check,variant=deadline2s",all,with_sources,1920,gboost,score,"0.511 [0.486, 0.537]","0.530 [0.479, 0.584]",0.014,0.506
"acl_prefilter=True,ablate=cache_lazy_check,variant=deadline2s",all,with_sources,1920,gboost,reranker,"0.500 [0.500, 0.500]","0.500 [0.500, 0.500]",0.000,0.500
"acl_prefilter=True,ablate=cache_lazy_check,variant=deadline2s",all,with_sources,1920,gboost,latency,"0.500 [0.500, 0.500]","0.500 [0.500, 0.500]",0.000,0.500
"acl_prefilter=True,ablate=cache_lazy_check,variant=deadline2s",all,with_sources,1920,gboost,refusal,"0.509 [0.485, 0.533]","0.521 [0.474, 0.567]",0.006,0.505
"acl_prefilter=True,ablate=cache_lazy_check,variant=deadline2s",all,with_sources,1920,gboost,content,"0.537 [0.514, 0.563]","0.623 [0.586, 0.660]",0.048,0.520
"acl_prefilter=True,ablate=cache_lazy_check,variant=deadline2s",all,with_sources,1920,gboost,combined,"0.537 [0.514, 0.563]","0.620 [0.569, 0.668]",0.047,0.520
"acl_prefilter=True,ablate=cache_lazy_check,variant=deadline2s",all,with_reranker,1920,threshold,rules,"0.507 [0.487, 0.526]","0.517 [0.467, 0.568]",0.000,0.506
"acl_prefilter=True,ablate=cache_lazy_check,variant=deadline2s",all,with_reranker,1920,logreg,score,"0.511 [0.485, 0.536]","0.527 [0.479, 0.579]",0.017,0.506
"acl_prefilter=True,ablate=cache_lazy_check,variant=deadline2s",all,with_reranker,1920,logreg,reranker,"0.511 [0.484, 0.535]","0.522 [0.481, 0.562]",0.000,0.506
"acl_prefilter=True,ablate=cache_lazy_check,variant=deadline2s",all,with_reranker,1920,logreg,latency,"0.500 [0.500, 0.500]","0.500 [0.500, 0.500]",0.000,0.500
"acl_prefilter=True,ablate=cache_lazy_check,variant=deadline2s",all,with_reranker,1920,logreg,refusal,"0.508 [0.483, 0.533]","0.513 [0.465, 0.559]",0.008,0.505
"acl_prefilter=True,ablate=cache_lazy_check,variant=deadline2s",all,with_reranker,1920,logreg,content,"0.509 [0.485, 0.536]","0.523 [0.475, 0.569]",0.016,0.506
"acl_prefilter=True,ablate=cache_lazy_check,variant=deadline2s",all,with_reranker,1920,logreg,combined,"0.511 [0.486, 0.537]","0.530 [0.481, 0.581]",0.021,0.505
"acl_prefilter=True,ablate=cache_lazy_check,variant=deadline2s",all,with_reranker,1920,gboost,score,"0.511 [0.486, 0.537]","0.530 [0.479, 0.584]",0.014,0.506
"acl_prefilter=True,ablate=cache_lazy_check,variant=deadline2s",all,with_reranker,1920,gboost,reranker,"0.511 [0.485, 0.535]","0.526 [0.486, 0.570]",0.000,0.506
"acl_prefilter=True,ablate=cache_lazy_check,variant=deadline2s",all,with_reranker,1920,gboost,latency,"0.500 [0.500, 0.500]","0.500 [0.500, 0.500]",0.000,0.500
"acl_prefilter=True,ablate=cache_lazy_check,variant=deadline2s",all,with_reranker,1920,gboost,refusal,"0.509 [0.485, 0.533]","0.521 [0.474, 0.567]",0.006,0.505
"acl_prefilter=True,ablate=cache_lazy_check,variant=deadline2s",all,with_reranker,1920,gboost,content,"0.537 [0.514, 0.563]","0.623 [0.586, 0.660]",0.048,0.520
"acl_prefilter=True,ablate=cache_lazy_check,variant=deadline2s",all,with_reranker,1920,gboost,combined,"0.537 [0.513, 0.564]","0.622 [0.570, 0.673]",0.049,0.520
"acl_prefilter=False,ablate=none,variant=as_is",insider,text_only,960,threshold,rules,"0.500 [0.500, 0.500]","0.500 [0.500, 0.500]",0.000,0.500
"acl_prefilter=False,ablate=none,variant=as_is",insider,text_only,960,logreg,score,"0.500 [0.500, 0.500]","0.500 [0.500, 0.500]",0.000,0.500
"acl_prefilter=False,ablate=none,variant=as_is",insider,text_only,960,logreg,reranker,"0.500 [0.500, 0.500]","0.500 [0.500, 0.500]",0.000,0.500
"acl_prefilter=False,ablate=none,variant=as_is",insider,text_only,960,logreg,latency,"0.520 [0.483, 0.555]","0.561 [0.509, 0.612]",0.000,0.520
"acl_prefilter=False,ablate=none,variant=as_is",insider,text_only,960,logreg,refusal,"0.502 [0.473, 0.530]","0.504 [0.475, 0.536]",0.000,0.501
"acl_prefilter=False,ablate=none,variant=as_is",insider,text_only,960,logreg,content,"0.502 [0.465, 0.537]","0.504 [0.475, 0.535]",0.000,0.501
"acl_prefilter=False,ablate=none,variant=as_is",insider,text_only,960,logreg,combined,"0.519 [0.483, 0.554]","0.561 [0.508, 0.608]",0.002,0.520
"acl_prefilter=False,ablate=none,variant=as_is",insider,text_only,960,gboost,score,"0.500 [0.500, 0.500]","0.500 [0.500, 0.500]",0.000,0.500
"acl_prefilter=False,ablate=none,variant=as_is",insider,text_only,960,gboost,reranker,"0.500 [0.500, 0.500]","0.500 [0.500, 0.500]",0.000,0.500
"acl_prefilter=False,ablate=none,variant=as_is",insider,text_only,960,gboost,latency,"0.523 [0.487, 0.558]","0.568 [0.517, 0.620]",0.000,0.519
"acl_prefilter=False,ablate=none,variant=as_is",insider,text_only,960,gboost,refusal,"0.502 [0.473, 0.530]","0.504 [0.476, 0.536]",0.000,0.501
"acl_prefilter=False,ablate=none,variant=as_is",insider,text_only,960,gboost,content,"0.502 [0.473, 0.529]","0.504 [0.475, 0.535]",0.000,0.501
"acl_prefilter=False,ablate=none,variant=as_is",insider,text_only,960,gboost,combined,"0.518 [0.481, 0.554]","0.558 [0.509, 0.610]",0.004,0.519
"acl_prefilter=False,ablate=none,variant=as_is",insider,with_sources,960,threshold,rules,"0.634 [0.616, 0.653]","0.768 [0.722, 0.810]",0.233,0.524
"acl_prefilter=False,ablate=none,variant=as_is",insider,with_sources,960,logreg,score,"0.656 [0.622, 0.689]","0.771 [0.722, 0.814]",0.233,0.614
"acl_prefilter=False,ablate=none,variant=as_is",insider,with_sources,960,logreg,reranker,"0.500 [0.500, 0.500]","0.500 [0.500, 0.500]",0.000,0.500
"acl_prefilter=False,ablate=none,variant=as_is",insider,with_sources,960,logreg,latency,"0.520 [0.483, 0.555]","0.561 [0.509, 0.612]",0.000,0.520
"acl_prefilter=False,ablate=none,variant=as_is",insider,with_sources,960,logreg,refusal,"0.502 [0.473, 0.530]","0.504 [0.475, 0.536]",0.000,0.501
"acl_prefilter=False,ablate=none,variant=as_is",insider,with_sources,960,logreg,content,"0.502 [0.465, 0.537]","0.504 [0.475, 0.535]",0.000,0.501
"acl_prefilter=False,ablate=none,variant=as_is",insider,with_sources,960,logreg,combined,"0.664 [0.629, 0.697]","0.792 [0.739, 0.838]",0.235,0.614
"acl_prefilter=False,ablate=none,variant=as_is",insider,with_sources,960,gboost,score,"0.657 [0.623, 0.690]","0.773 [0.725, 0.815]",0.233,0.613
"acl_prefilter=False,ablate=none,variant=as_is",insider,with_sources,960,gboost,reranker,"0.500 [0.500, 0.500]","0.500 [0.500, 0.500]",0.000,0.500
"acl_prefilter=False,ablate=none,variant=as_is",insider,with_sources,960,gboost,latency,"0.523 [0.487, 0.558]","0.568 [0.517, 0.620]",0.000,0.519
"acl_prefilter=False,ablate=none,variant=as_is",insider,with_sources,960,gboost,refusal,"0.502 [0.473, 0.530]","0.504 [0.476, 0.536]",0.000,0.501
"acl_prefilter=False,ablate=none,variant=as_is",insider,with_sources,960,gboost,content,"0.502 [0.473, 0.529]","0.504 [0.475, 0.535]",0.000,0.501
"acl_prefilter=False,ablate=none,variant=as_is",insider,with_sources,960,gboost,combined,"0.664 [0.630, 0.696]","0.795 [0.746, 0.840]",0.235,0.610
"acl_prefilter=False,ablate=none,variant=as_is",insider,with_reranker,960,threshold,rules,"0.634 [0.616, 0.653]","0.768 [0.722, 0.810]",0.233,0.524
"acl_prefilter=False,ablate=none,variant=as_is",insider,with_reranker,960,logreg,score,"0.656 [0.622, 0.689]","0.771 [0.722, 0.814]",0.233,0.614
"acl_prefilter=False,ablate=none,variant=as_is",insider,with_reranker,960,logreg,reranker,"0.786 [0.759, 0.812]","0.982 [0.963, 0.996]",0.000,0.696
"acl_prefilter=False,ablate=none,variant=as_is",insider,with_reranker,960,logreg,latency,"0.520 [0.483, 0.555]","0.561 [0.509, 0.612]",0.000,0.520
"acl_prefilter=False,ablate=none,variant=as_is",insider,with_reranker,960,logreg,refusal,"0.502 [0.473, 0.530]","0.504 [0.475, 0.536]",0.000,0.501
"acl_prefilter=False,ablate=none,variant=as_is",insider,with_reranker,960,logreg,content,"0.502 [0.465, 0.537]","0.504 [0.475, 0.535]",0.000,0.501
"acl_prefilter=False,ablate=none,variant=as_is",insider,with_reranker,960,logreg,combined,"0.856 [0.833, 0.877]","0.995 [0.988, 1.000]",0.240,0.749
"acl_prefilter=False,ablate=none,variant=as_is",insider,with_reranker,960,gboost,score,"0.657 [0.623, 0.690]","0.773 [0.725, 0.815]",0.233,0.613
"acl_prefilter=False,ablate=none,variant=as_is",insider,with_reranker,960,gboost,reranker,"0.790 [0.763, 0.816]","0.982 [0.963, 0.996]",0.000,0.702
"acl_prefilter=False,ablate=none,variant=as_is",insider,with_reranker,960,gboost,latency,"0.523 [0.487, 0.558]","0.568 [0.517, 0.620]",0.000,0.519
"acl_prefilter=False,ablate=none,variant=as_is",insider,with_reranker,960,gboost,refusal,"0.502 [0.473, 0.530]","0.504 [0.476, 0.536]",0.000,0.501
"acl_prefilter=False,ablate=none,variant=as_is",insider,with_reranker,960,gboost,content,"0.502 [0.473, 0.529]","0.504 [0.475, 0.535]",0.000,0.501
"acl_prefilter=False,ablate=none,variant=as_is",insider,with_reranker,960,gboost,combined,"0.860 [0.837, 0.880]","0.989 [0.977, 1.000]",0.254,0.751
"acl_prefilter=False,ablate=none,variant=as_is",outsider,text_only,960,threshold,rules,"0.500 [0.485, 0.513]","0.500 [0.469, 0.531]",0.000,0.500
"acl_prefilter=False,ablate=none,variant=as_is",outsider,text_only,960,logreg,score,"0.500 [0.500, 0.500]","0.500 [0.500, 0.500]",0.000,0.500
"acl_prefilter=False,ablate=none,variant=as_is",outsider,text_only,960,logreg,reranker,"0.500 [0.500, 0.500]","0.500 [0.500, 0.500]",0.000,0.500
"acl_prefilter=False,ablate=none,variant=as_is",outsider,text_only,960,logreg,latency,"0.508 [0.469, 0.545]","0.533 [0.471, 0.590]",0.000,0.502
"acl_prefilter=False,ablate=none,variant=as_is",outsider,text_only,960,logreg,refusal,"0.504 [0.467, 0.541]","0.508 [0.469, 0.544]",0.000,0.502
"acl_prefilter=False,ablate=none,variant=as_is",outsider,text_only,960,logreg,content,"0.499 [0.462, 0.535]","0.492 [0.455, 0.532]",0.006,0.500
"acl_prefilter=False,ablate=none,variant=as_is",outsider,text_only,960,logreg,combined,"0.505 [0.465, 0.539]","0.540 [0.480, 0.600]",0.004,0.505
"acl_prefilter=False,ablate=none,variant=as_is",outsider,text_only,960,gboost,score,"0.500 [0.500, 0.500]","0.500 [0.500, 0.500]",0.000,0.500
"acl_prefilter=False,ablate=none,variant=as_is",outsider,text_only,960,gboost,reranker,"0.500 [0.500, 0.500]","0.500 [0.500, 0.500]",0.000,0.500
"acl_prefilter=False,ablate=none,variant=as_is",outsider,text_only,960,gboost,latency,"0.506 [0.469, 0.540]","0.510 [0.448, 0.571]",0.000,0.505
"acl_prefilter=False,ablate=none,variant=as_is",outsider,text_only,960,gboost,refusal,"0.504 [0.471, 0.540]","0.508 [0.470, 0.544]",0.000,0.501
"acl_prefilter=False,ablate=none,variant=as_is",outsider,text_only,960,gboost,content,"0.504 [0.467, 0.538]","0.508 [0.470, 0.547]",0.004,0.502
"acl_prefilter=False,ablate=none,variant=as_is",outsider,text_only,960,gboost,combined,"0.506 [0.471, 0.542]","0.512 [0.454, 0.577]",0.004,0.503
"acl_prefilter=False,ablate=none,variant=as_is",outsider,with_sources,960,threshold,rules,"0.619 [0.596, 0.642]","0.736 [0.680, 0.786]",0.000,0.524
"acl_prefilter=False,ablate=none,variant=as_is",outsider,with_sources,960,logreg,score,"0.661 [0.628, 0.694]","0.776 [0.725, 0.820]",0.233,0.617
"acl_prefilter=False,ablate=none,variant=as_is",outsider,with_sources,960,logreg,reranker,"0.500 [0.500, 0.500]","0.500 [0.500, 0.500]",0.000,0.500
"acl_prefilter=False,ablate=none,variant=as_is",outsider,with_sources,960,logreg,latency,"0.508 [0.469, 0.545]","0.533 [0.471, 0.590]",0.000,0.502
"acl_prefilter=False,ablate=none,variant=as_is",outsider,with_sources,960,logreg,refusal,"0.504 [0.467, 0.541]","0.508 [0.469, 0.544]",0.000,0.502
"acl_prefilter=False,ablate=none,variant=as_is",outsider,with_sources,960,logreg,content,"0.499 [0.462, 0.535]","0.492 [0.455, 0.532]",0.006,0.500
"acl_prefilter=False,ablate=none,variant=as_is",outsider,with_sources,960,logreg,combined,"0.656 [0.621, 0.688]","0.771 [0.717, 0.821]",0.242,0.611
"acl_prefilter=False,ablate=none,variant=as_is",outsider,with_sources,960,gboost,score,"0.658 [0.624, 0.690]","0.780 [0.729, 0.827]",0.240,0.614
"acl_prefilter=False,ablate=none,variant=as_is",outsider,with_sources,960,gboost,reranker,"0.500 [0.500, 0.500]","0.500 [0.500, 0.500]",0.000,0.500
"acl_prefilter=False,ablate=none,variant=as_is",outsider,with_sources,960,gboost,latency,"0.506 [0.469, 0.540]","0.510 [0.448, 0.571]",0.000,0.505
"acl_prefilter=False,ablate=none,variant=as_is",outsider,with_sources,960,gboost,refusal,"0.504 [0.471, 0.540]","0.508 [0.470, 0.544]",0.000,0.501
"acl_prefilter=False,ablate=none,variant=as_is",outsider,with_sources,960,gboost,content,"0.504 [0.467, 0.538]","0.508 [0.470, 0.547]",0.004,0.502
"acl_prefilter=False,ablate=none,variant=as_is",outsider,with_sources,960,gboost,combined,"0.657 [0.622, 0.691]","0.774 [0.716, 0.825]",0.237,0.615
"acl_prefilter=False,ablate=none,variant=as_is",outsider,with_reranker,960,threshold,rules,"0.619 [0.596, 0.642]","0.736 [0.680, 0.786]",0.000,0.524
"acl_prefilter=False,ablate=none,variant=as_is",outsider,with_reranker,960,logreg,score,"0.661 [0.628, 0.694]","0.776 [0.725, 0.820]",0.233,0.617
"acl_prefilter=False,ablate=none,variant=as_is",outsider,with_reranker,960,logreg,reranker,"0.787 [0.759, 0.813]","0.982 [0.963, 0.996]",0.000,0.698
"acl_prefilter=False,ablate=none,variant=as_is",outsider,with_reranker,960,logreg,latency,"0.508 [0.469, 0.545]","0.533 [0.471, 0.590]",0.000,0.502
"acl_prefilter=False,ablate=none,variant=as_is",outsider,with_reranker,960,logreg,refusal,"0.504 [0.467, 0.541]","0.508 [0.469, 0.544]",0.000,0.502
"acl_prefilter=False,ablate=none,variant=as_is",outsider,with_reranker,960,logreg,content,"0.499 [0.462, 0.535]","0.492 [0.455, 0.532]",0.006,0.500
"acl_prefilter=False,ablate=none,variant=as_is",outsider,with_reranker,960,logreg,combined,"0.854 [0.831, 0.876]","0.990 [0.977, 0.998]",0.271,0.744
"acl_prefilter=False,ablate=none,variant=as_is",outsider,with_reranker,960,gboost,score,"0.658 [0.624, 0.690]","0.780 [0.729, 0.827]",0.240,0.614
"acl_prefilter=False,ablate=none,variant=as_is",outsider,with_reranker,960,gboost,reranker,"0.791 [0.763, 0.817]","0.982 [0.963, 0.996]",0.000,0.704
"acl_prefilter=False,ablate=none,variant=as_is",outsider,with_reranker,960,gboost,latency,"0.506 [0.469, 0.540]","0.510 [0.448, 0.571]",0.000,0.505
"acl_prefilter=False,ablate=none,variant=as_is",outsider,with_reranker,960,gboost,refusal,"0.504 [0.471, 0.540]","0.508 [0.470, 0.544]",0.000,0.501
"acl_prefilter=False,ablate=none,variant=as_is",outsider,with_reranker,960,gboost,content,"0.504 [0.467, 0.538]","0.508 [0.470, 0.547]",0.004,0.502
"acl_prefilter=False,ablate=none,variant=as_is",outsider,with_reranker,960,gboost,combined,"0.860 [0.838, 0.881]","0.992 [0.981, 1.000]",0.267,0.745
"acl_prefilter=False,ablate=none,variant=as_is",all,text_only,1920,threshold,rules,"0.500 [0.493, 0.508]","0.500 [0.483, 0.516]",0.000,0.500
"acl_prefilter=False,ablate=none,variant=as_is",all,text_only,1920,logreg,score,"0.500 [0.500, 0.500]","0.500 [0.500, 0.500]",0.000,0.500
"acl_prefilter=False,ablate=none,variant=as_is",all,text_only,1920,logreg,reranker,"0.500 [0.500, 0.500]","0.500 [0.500, 0.500]",0.000,0.500
"acl_prefilter=False,ablate=none,variant=as_is",all,text_only,1920,logreg,latency,"0.506 [0.481, 0.531]","0.522 [0.481, 0.563]",0.000,0.508
"acl_prefilter=False,ablate=none,variant=as_is",all,text_only,1920,logreg,refusal,"0.503 [0.477, 0.525]","0.506 [0.482, 0.530]",0.000,0.502
"acl_prefilter=False,ablate=none,variant=as_is",all,text_only,1920,logreg,content,"0.500 [0.473, 0.523]","0.494 [0.470, 0.521]",0.005,0.500
"acl_prefilter=False,ablate=none,variant=as_is",all,text_only,1920,logreg,combined,"0.504 [0.477, 0.528]","0.521 [0.479, 0.561]",0.007,0.507
"acl_prefilter=False,ablate=none,variant=as_is",all,text_only,1920,gboost,score,"0.500 [0.500, 0.500]","0.500 [0.500, 0.500]",0.000,0.500
"acl_prefilter=False,ablate=none,variant=as_is",all,text_only,1920,gboost,reranker,"0.500 [0.500, 0.500]","0.500 [0.500, 0.500]",0.000,0.500
"acl_prefilter=False,ablate=none,variant=as_is",all,text_only,1920,gboost,latency,"0.510 [0.483, 0.534]","0.518 [0.480, 0.557]",0.000,0.507
"acl_prefilter=False,ablate=none,variant=as_is",all,text_only,1920,gboost,refusal,"0.503 [0.477, 0.526]","0.506 [0.481, 0.530]",0.000,0.502
"acl_prefilter=False,ablate=none,variant=as_is",all,text_only,1920,gboost,content,"0.503 [0.477, 0.525]","0.506 [0.481, 0.530]",0.000,0.501
"acl_prefilter=False,ablate=none,variant=as_is",all,text_only,1920,gboost,combined,"0.505 [0.477, 0.528]","0.531 [0.490, 0.573]",0.006,0.506
"acl_prefilter=False,ablate=none,variant=as_is",all,with_sources,1920,threshold,rules,"0.626 [0.611, 0.641]","0.751 [0.714, 0.786]",0.000,0.524
"acl_prefilter=False,ablate=none,variant=as_is",all,with_sources,1920,logreg,score,"0.658 [0.633, 0.680]","0.771 [0.737, 0.804]",0.233,0.617
"acl_prefilter=False,ablate=none,variant=as_is",all,with_sources,1920,logreg,reranker,"0.500 [0.500, 0.500]","0.500 [0.500, 0.500]",0.000,0.500
"acl_prefilter=False,ablate=none,variant=as_is",all,with_sources,1920,logreg,latency,"0.506 [0.481, 0.531]","0.522 [0.481, 0.563]",0.000,0.508
"acl_prefilter=False,ablate=none,variant=as_is",all,with_sources,1920,logreg,refusal,"0.503 [0.477, 0.525]","0.506 [0.482, 0.530]",0.000,0.502
"acl_prefilter=False,ablate=none,variant=as_is",all,with_sources,1920,logreg,content,"0.500 [0.473, 0.523]","0.494 [0.470, 0.521]",0.005,0.500
"acl_prefilter=False,ablate=none,variant=as_is",all,with_sources,1920,logreg,combined,"0.656 [0.630, 0.677]","0.768 [0.728, 0.805]",0.240,0.613
"acl_prefilter=False,ablate=none,variant=as_is",all,with_sources,1920,gboost,score,"0.658 [0.634, 0.680]","0.776 [0.741, 0.809]",0.240,0.615
"acl_prefilter=False,ablate=none,variant=as_is",all,with_sources,1920,gboost,reranker,"0.500 [0.500, 0.500]","0.500 [0.500, 0.500]",0.000,0.500
"acl_prefilter=False,ablate=none,variant=as_is",all,with_sources,1920,gboost,latency,"0.510 [0.483, 0.534]","0.518 [0.480, 0.557]",0.000,0.507
"acl_prefilter=False,ablate=none,variant=as_is",all,with_sources,1920,gboost,refusal,"0.503 [0.477, 0.526]","0.506 [0.481, 0.530]",0.000,0.502
"acl_prefilter=False,ablate=none,variant=as_is",all,with_sources,1920,gboost,content,"0.503 [0.477, 0.525]","0.506 [0.481, 0.530]",0.000,0.501
"acl_prefilter=False,ablate=none,variant=as_is",all,with_sources,1920,gboost,combined,"0.659 [0.635, 0.680]","0.776 [0.738, 0.813]",0.242,0.615
"acl_prefilter=False,ablate=none,variant=as_is",all,with_reranker,1920,threshold,rules,"0.626 [0.611, 0.641]","0.751 [0.714, 0.786]",0.000,0.524
"acl_prefilter=False,ablate=none,variant=as_is",all,with_reranker,1920,logreg,score,"0.658 [0.633, 0.680]","0.771 [0.737, 0.804]",0.233,0.617
"acl_prefilter=False,ablate=none,variant=as_is",all,with_reranker,1920,logreg,reranker,"0.787 [0.767, 0.806]","0.982 [0.970, 0.993]",0.000,0.697
"acl_prefilter=False,ablate=none,variant=as_is",all,with_reranker,1920,logreg,latency,"0.506 [0.481, 0.531]","0.522 [0.481, 0.563]",0.000,0.508
"acl_prefilter=False,ablate=none,variant=as_is",all,with_reranker,1920,logreg,refusal,"0.503 [0.477, 0.525]","0.506 [0.482, 0.530]",0.000,0.502
"acl_prefilter=False,ablate=none,variant=as_is",all,with_reranker,1920,logreg,content,"0.500 [0.473, 0.523]","0.494 [0.470, 0.521]",0.005,0.500
"acl_prefilter=False,ablate=none,variant=as_is",all,with_reranker,1920,logreg,combined,"0.854 [0.838, 0.869]","0.992 [0.985, 0.998]",0.245,0.745
"acl_prefilter=False,ablate=none,variant=as_is",all,with_reranker,1920,gboost,score,"0.658 [0.634, 0.680]","0.776 [0.741, 0.809]",0.240,0.615
"acl_prefilter=False,ablate=none,variant=as_is",all,with_reranker,1920,gboost,reranker,"0.790 [0.769, 0.808]","0.982 [0.970, 0.993]",0.000,0.703
"acl_prefilter=False,ablate=none,variant=as_is",all,with_reranker,1920,gboost,latency,"0.510 [0.483, 0.534]","0.518 [0.480, 0.557]",0.000,0.507
"acl_prefilter=False,ablate=none,variant=as_is",all,with_reranker,1920,gboost,refusal,"0.503 [0.477, 0.526]","0.506 [0.481, 0.530]",0.000,0.502
"acl_prefilter=False,ablate=none,variant=as_is",all,with_reranker,1920,gboost,content,"0.503 [0.477, 0.525]","0.506 [0.481, 0.530]",0.000,0.501
"acl_prefilter=False,ablate=none,variant=as_is",all,with_reranker,1920,gboost,combined,"0.857 [0.841, 0.871]","0.990 [0.981, 0.997]",0.260,0.751
"acl_prefilter=False,ablate=none,variant=fast_refusal",insider,text_only,960,threshold,rules,"0.500 [0.500, 0.500]","0.500 [0.500, 0.500]",0.000,0.500
"acl_prefilter=False,ablate=none,variant=fast_refusal",insider,text_only,960,logreg,score,"0.500 [0.500, 0.500]","0.500 [0.500, 0.500]",0.000,0.500
"acl_prefilter=False,ablate=none,variant=fast_refusal",insider,text_only,960,logreg,reranker,"0.500 [0.500, 0.500]","0.500 [0.500, 0.500]",0.000,0.500
"acl_prefilter=False,ablate=none,variant=fast_refusal",insider,text_only,960,logreg,latency,"0.529 [0.494, 0.564]","0.557 [0.495, 0.618]",0.000,0.520
"acl_prefilter=False,ablate=none,variant=fast_refusal",insider,text_only,960,logreg,refusal,"0.502 [0.473, 0.530]","0.504 [0.475, 0.536]",0.000,0.501
"acl_prefilter=False,ablate=none,variant=fast_refusal",insider,text_only,960,logreg,content,"0.502 [0.465, 0.537]","0.504 [0.475, 0.535]",0.000,0.501
"acl_prefilter=False,ablate=none,variant=fast_refusal",insider,text_only,960,logreg,combined,"0.527 [0.493, 0.563]","0.546 [0.483, 0.608]",0.000,0.519
"acl_prefilter=False,ablate=none,variant=fast_refusal",insider,text_only,960,gboost,score,"0.500 [0.500, 0.500]","0.500 [0.500, 0.500]",0.000,0.500
"acl_prefilter=False,ablate=none,variant=fast_refusal",insider,text_only,960,gboost,reranker,"0.500 [0.500, 0.500]","0.500 [0.500, 0.500]",0.000,0.500
"acl_prefilter=False,ablate=none,variant=fast_refusal",insider,text_only,960,gboost,latency,"0.529 [0.495, 0.565]","0.568 [0.507, 0.632]",0.000,0.520
"acl_prefilter=False,ablate=none,variant=fast_refusal",insider,text_only,960,gboost,refusal,"0.502 [0.473, 0.530]","0.504 [0.476, 0.536]",0.000,0.501
"acl_prefilter=False,ablate=none,variant=fast_refusal",insider,text_only,960,gboost,content,"0.502 [0.473, 0.529]","0.504 [0.475, 0.535]",0.000,0.501
"acl_prefilter=False,ablate=none,variant=fast_refusal",insider,text_only,960,gboost,combined,"0.524 [0.490, 0.561]","0.552 [0.489, 0.616]",0.000,0.517
"acl_prefilter=False,ablate=none,variant=fast_refusal",insider,with_sources,960,threshold,rules,"0.634 [0.616, 0.653]","0.768 [0.722, 0.810]",0.233,0.524
"acl_prefilter=False,ablate=none,variant=fast_refusal",insider,with_sources,960,logreg,score,"0.656 [0.622, 0.689]","0.771 [0.722, 0.814]",0.233,0.614
"acl_prefilter=False,ablate=none,variant=fast_refusal",insider,with_sources,960,logreg,reranker,"0.500 [0.500, 0.500]","0.500 [0.500, 0.500]",0.000,0.500
"acl_prefilter=False,ablate=none,variant=fast_refusal",insider,with_sources,960,logreg,latency,"0.529 [0.494, 0.564]","0.557 [0.495, 0.618]",0.000,0.520
"acl_prefilter=False,ablate=none,variant=fast_refusal",insider,with_sources,960,logreg,refusal,"0.502 [0.473, 0.530]","0.504 [0.475, 0.536]",0.000,0.501
"acl_prefilter=False,ablate=none,variant=fast_refusal",insider,with_sources,960,logreg,content,"0.502 [0.465, 0.537]","0.504 [0.475, 0.535]",0.000,0.501
"acl_prefilter=False,ablate=none,variant=fast_refusal",insider,with_sources,960,logreg,combined,"0.655 [0.620, 0.688]","0.780 [0.723, 0.832]",0.233,0.621
"acl_prefilter=False,ablate=none,variant=fast_refusal",insider,with_sources,960,gboost,score,"0.657 [0.623, 0.690]","0.773 [0.725, 0.815]",0.233,0.613
"acl_prefilter=False,ablate=none,variant=fast_refusal",insider,with_sources,960,gboost,reranker,"0.500 [0.500, 0.500]","0.500 [0.500, 0.500]",0.000,0.500
"acl_prefilter=False,ablate=none,variant=fast_refusal",insider,with_sources,960,gboost,latency,"0.529 [0.495, 0.565]","0.568 [0.507, 0.632]",0.000,0.520
"acl_prefilter=False,ablate=none,variant=fast_refusal",insider,with_sources,960,gboost,refusal,"0.502 [0.473, 0.530]","0.504 [0.476, 0.536]",0.000,0.501
"acl_prefilter=False,ablate=none,variant=fast_refusal",insider,with_sources,960,gboost,content,"0.502 [0.473, 0.529]","0.504 [0.475, 0.535]",0.000,0.501
"acl_prefilter=False,ablate=none,variant=fast_refusal",insider,with_sources,960,gboost,combined,"0.657 [0.622, 0.690]","0.768 [0.710, 0.825]",0.237,0.621
"acl_prefilter=False,ablate=none,variant=fast_refusal",insider,with_reranker,960,threshold,rules,"0.634 [0.616, 0.653]","0.768 [0.722, 0.810]",0.233,0.524
"acl_prefilter=False,ablate=none,variant=fast_refusal",insider,with_reranker,960,logreg,score,"0.656 [0.622, 0.689]","0.771 [0.722, 0.814]",0.233,0.614
"acl_prefilter=False,ablate=none,variant=fast_refusal",insider,with_reranker,960,logreg,reranker,"0.786 [0.759, 0.812]","0.982 [0.963, 0.996]",0.000,0.696
"acl_prefilter=False,ablate=none,variant=fast_refusal",insider,with_reranker,960,logreg,latency,"0.529 [0.494, 0.564]","0.557 [0.495, 0.618]",0.000,0.520
"acl_prefilter=False,ablate=none,variant=fast_refusal",insider,with_reranker,960,logreg,refusal,"0.502 [0.473, 0.530]","0.504 [0.475, 0.536]",0.000,0.501
"acl_prefilter=False,ablate=none,variant=fast_refusal",insider,with_reranker,960,logreg,content,"0.502 [0.465, 0.537]","0.504 [0.475, 0.535]",0.000,0.501
"acl_prefilter=False,ablate=none,variant=fast_refusal",insider,with_reranker,960,logreg,combined,"0.855 [0.833, 0.876]","0.991 [0.980, 0.999]",0.321,0.747
"acl_prefilter=False,ablate=none,variant=fast_refusal",insider,with_reranker,960,gboost,score,"0.657 [0.623, 0.690]","0.773 [0.725, 0.815]",0.233,0.613
"acl_prefilter=False,ablate=none,variant=fast_refusal",insider,with_reranker,960,gboost,reranker,"0.790 [0.763, 0.816]","0.982 [0.963, 0.996]",0.000,0.702
"acl_prefilter=False,ablate=none,variant=fast_refusal",insider,with_reranker,960,gboost,latency,"0.529 [0.495, 0.565]","0.568 [0.507, 0.632]",0.000,0.520
"acl_prefilter=False,ablate=none,variant=fast_refusal",insider,with_reranker,960,gboost,refusal,"0.502 [0.473, 0.530]","0.504 [0.476, 0.536]",0.000,0.501
"acl_prefilter=False,ablate=none,variant=fast_refusal",insider,with_reranker,960,gboost,content,"0.502 [0.473, 0.529]","0.504 [0.475, 0.535]",0.000,0.501
"acl_prefilter=False,ablate=none,variant=fast_refusal",insider,with_reranker,960,gboost,combined,"0.860 [0.838, 0.880]","0.985 [0.969, 0.997]",0.242,0.736
"acl_prefilter=False,ablate=none,variant=fast_refusal",outsider,text_only,960,threshold,rules,"0.499 [0.485, 0.511]","0.500 [0.469, 0.531]",0.000,0.499
"acl_prefilter=False,ablate=none,variant=fast_refusal",outsider,text_only,960,logreg,score,"0.500 [0.500, 0.500]","0.500 [0.500, 0.500]",0.000,0.500
"acl_prefilter=False,ablate=none,variant=fast_refusal",outsider,text_only,960,logreg,reranker,"0.500 [0.500, 0.500]","0.500 [0.500, 0.500]",0.000,0.500
"acl_prefilter=False,ablate=none,variant=fast_refusal",outsider,text_only,960,logreg,latency,"0.513 [0.477, 0.551]","0.519 [0.461, 0.577]",0.000,0.509
"acl_prefilter=False,ablate=none,variant=fast_refusal",outsider,text_only,960,logreg,refusal,"0.505 [0.470, 0.540]","0.508 [0.470, 0.546]",0.000,0.503
"acl_prefilter=False,ablate=none,variant=fast_refusal",outsider,text_only,960,logreg,content,"0.502 [0.466, 0.537]","0.508 [0.470, 0.544]",0.000,0.503
"acl_prefilter=False,ablate=none,variant=fast_refusal",outsider,text_only,960,logreg,combined,"0.513 [0.477, 0.551]","0.521 [0.462, 0.579]",0.006,0.509
"acl_prefilter=False,ablate=none,variant=fast_refusal",outsider,text_only,960,gboost,score,"0.500 [0.500, 0.500]","0.500 [0.500, 0.500]",0.000,0.500
"acl_prefilter=False,ablate=none,variant=fast_refusal",outsider,text_only,960,gboost,reranker,"0.500 [0.500, 0.500]","0.500 [0.500, 0.500]",0.000,0.500
"acl_prefilter=False,ablate=none,variant=fast_refusal",outsider,text_only,960,gboost,latency,"0.518 [0.485, 0.552]","0.550 [0.494, 0.602]",0.008,0.512
"acl_prefilter=False,ablate=none,variant=fast_refusal",outsider,text_only,960,gboost,refusal,"0.505 [0.472, 0.541]","0.509 [0.469, 0.546]",0.004,0.503
"acl_prefilter=False,ablate=none,variant=fast_refusal",outsider,text_only,960,gboost,content,"0.505 [0.471, 0.541]","0.509 [0.468, 0.550]",0.004,0.503
"acl_prefilter=False,ablate=none,variant=fast_refusal",outsider,text_only,960,gboost,combined,"0.515 [0.484, 0.549]","0.523 [0.466, 0.583]",0.010,0.511
"acl_prefilter=False,ablate=none,variant=fast_refusal",outsider,with_sources,960,threshold,rules,"0.620 [0.598, 0.642]","0.739 [0.685, 0.789]",0.000,0.524
"acl_prefilter=False,ablate=none,variant=fast_refusal",outsider,with_sources,960,logreg,score,"0.661 [0.628, 0.694]","0.776 [0.725, 0.820]",0.233,0.617
"acl_prefilter=False,ablate=none,variant=fast_refusal",outsider,with_sources,960,logreg,reranker,"0.500 [0.500, 0.500]","0.500 [0.500, 0.500]",0.000,0.500
"acl_prefilter=False,ablate=none,variant=fast_refusal",outsider,with_sources,960,logreg,latency,"0.513 [0.477, 0.551]","0.519 [0.461, 0.577]",0.000,0.509
"acl_prefilter=False,ablate=none,variant=fast_refusal",outsider,with_sources,960,logreg,refusal,"0.505 [0.470, 0.540]","0.508 [0.470, 0.546]",0.000,0.503
"acl_prefilter=False,ablate=none,variant=fast_refusal",outsider,with_sources,960,logreg,content,"0.502 [0.466, 0.537]","0.508 [0.470, 0.544]",0.000,0.503
"acl_prefilter=False,ablate=none,variant=fast_refusal",outsider,with_sources,960,logreg,combined,"0.659 [0.626, 0.692]","0.790 [0.736, 0.838]",0.248,0.615
"acl_prefilter=False,ablate=none,variant=fast_refusal",outsider,with_sources,960,gboost,score,"0.658 [0.624, 0.690]","0.780 [0.729, 0.827]",0.240,0.614
"acl_prefilter=False,ablate=none,variant=fast_refusal",outsider,with_sources,960,gboost,reranker,"0.500 [0.500, 0.500]","0.500 [0.500, 0.500]",0.000,0.500
"acl_prefilter=False,ablate=none,variant=fast_refusal",outsider,with_sources,960,gboost,latency,"0.518 [0.485, 0.552]","0.550 [0.494, 0.602]",0.008,0.512
"acl_prefilter=False,ablate=none,variant=fast_refusal",outsider,with_sources,960,gboost,refusal,"0.505 [0.472, 0.541]","0.509 [0.469, 0.546]",0.004,0.503
"acl_prefilter=False,ablate=none,variant=fast_refusal",outsider,with_sources,960,gboost,content,"0.505 [0.471, 0.541]","0.509 [0.468, 0.550]",0.004,0.503
"acl_prefilter=False,ablate=none,variant=fast_refusal",outsider,with_sources,960,gboost,combined,"0.657 [0.623, 0.689]","0.761 [0.705, 0.814]",0.242,0.617
"acl_prefilter=False,ablate=none,variant=fast_refusal",outsider,with_reranker,960,threshold,rules,"0.620 [0.598, 0.642]","0.739 [0.685, 0.789]",0.000,0.524
"acl_prefilter=False,ablate=none,variant=fast_refusal",outsider,with_reranker,960,logreg,score,"0.661 [0.628, 0.694]","0.776 [0.725, 0.820]",0.233,0.617
"acl_prefilter=False,ablate=none,variant=fast_refusal",outsider,with_reranker,960,logreg,reranker,"0.787 [0.759, 0.813]","0.982 [0.963, 0.996]",0.000,0.698
"acl_prefilter=False,ablate=none,variant=fast_refusal",outsider,with_reranker,960,logreg,latency,"0.513 [0.477, 0.551]","0.519 [0.461, 0.577]",0.000,0.509
"acl_prefilter=False,ablate=none,variant=fast_refusal",outsider,with_reranker,960,logreg,refusal,"0.505 [0.470, 0.540]","0.508 [0.470, 0.546]",0.000,0.503
"acl_prefilter=False,ablate=none,variant=fast_refusal",outsider,with_reranker,960,logreg,content,"0.502 [0.466, 0.537]","0.508 [0.470, 0.544]",0.000,0.503
"acl_prefilter=False,ablate=none,variant=fast_refusal",outsider,with_reranker,960,logreg,combined,"0.856 [0.833, 0.877]","0.994 [0.987, 0.999]",0.275,0.747
"acl_prefilter=False,ablate=none,variant=fast_refusal",outsider,with_reranker,960,gboost,score,"0.658 [0.624, 0.690]","0.780 [0.729, 0.827]",0.240,0.614
"acl_prefilter=False,ablate=none,variant=fast_refusal",outsider,with_reranker,960,gboost,reranker,"0.791 [0.763, 0.817]","0.982 [0.963, 0.996]",0.000,0.704
"acl_prefilter=False,ablate=none,variant=fast_refusal",outsider,with_reranker,960,gboost,latency,"0.518 [0.485, 0.552]","0.550 [0.494, 0.602]",0.008,0.512
"acl_prefilter=False,ablate=none,variant=fast_refusal",outsider,with_reranker,960,gboost,refusal,"0.505 [0.472, 0.541]","0.509 [0.469, 0.546]",0.004,0.503
"acl_prefilter=False,ablate=none,variant=fast_refusal",outsider,with_reranker,960,gboost,content,"0.505 [0.471, 0.541]","0.509 [0.468, 0.550]",0.004,0.503
"acl_prefilter=False,ablate=none,variant=fast_refusal",outsider,with_reranker,960,gboost,combined,"0.863 [0.842, 0.883]","0.992 [0.984, 0.999]",0.281,0.741
"acl_prefilter=False,ablate=none,variant=fast_refusal",all,text_only,1920,threshold,rules,"0.499 [0.493, 0.506]","0.500 [0.483, 0.516]",0.000,0.499
"acl_prefilter=False,ablate=none,variant=fast_refusal",all,text_only,1920,logreg,score,"0.500 [0.500, 0.500]","0.500 [0.500, 0.500]",0.000,0.500
"acl_prefilter=False,ablate=none,variant=fast_refusal",all,text_only,1920,logreg,reranker,"0.500 [0.500, 0.500]","0.500 [0.500, 0.500]",0.000,0.500
"acl_prefilter=False,ablate=none,variant=fast_refusal",all,text_only,1920,logreg,latency,"0.520 [0.494, 0.547]","0.540 [0.493, 0.583]",0.000,0.515
"acl_prefilter=False,ablate=none,variant=fast_refusal",all,text_only,1920,logreg,refusal,"0.504 [0.479, 0.527]","0.506 [0.482, 0.530]",0.000,0.502
"acl_prefilter=False,ablate=none,variant=fast_refusal",all,text_only,1920,logreg,content,"0.504 [0.476, 0.528]","0.506 [0.482, 0.530]",0.000,0.502
"acl_prefilter=False,ablate=none,variant=fast_refusal",all,text_only,1920,logreg,combined,"0.520 [0.493, 0.546]","0.545 [0.497, 0.586]",0.006,0.515
"acl_prefilter=False,ablate=none,variant=fast_refusal",all,text_only,1920,gboost,score,"0.500 [0.500, 0.500]","0.500 [0.500, 0.500]",0.000,0.500
"acl_prefilter=False,ablate=none,variant=fast_refusal",all,text_only,1920,gboost,reranker,"0.500 [0.500, 0.500]","0.500 [0.500, 0.500]",0.000,0.500
"acl_prefilter=False,ablate=none,variant=fast_refusal",all,text_only,1920,gboost,latency,"0.524 [0.498, 0.549]","0.556 [0.511, 0.598]",0.010,0.516
"acl_prefilter=False,ablate=none,variant=fast_refusal",all,text_only,1920,gboost,refusal,"0.504 [0.479, 0.526]","0.506 [0.481, 0.530]",0.000,0.502
"acl_prefilter=False,ablate=none,variant=fast_refusal",all,text_only,1920,gboost,content,"0.503 [0.477, 0.525]","0.506 [0.483, 0.529]",0.002,0.501
"acl_prefilter=False,ablate=none,variant=fast_refusal",all,text_only,1920,gboost,combined,"0.519 [0.492, 0.544]","0.540 [0.491, 0.582]",0.010,0.513
"acl_prefilter=False,ablate=none,variant=fast_refusal",all,with_sources,1920,threshold,rules,"0.627 [0.612, 0.641]","0.753 [0.717, 0.788]",0.000,0.524
"acl_prefilter=False,ablate=none,variant=fast_refusal",all,with_sources,1920,logreg,score,"0.658 [0.633, 0.680]","0.771 [0.737, 0.804]",0.233,0.617
"acl_prefilter=False,ablate=none,variant=fast_refusal",all,with_sources,1920,logreg,reranker,"0.500 [0.500, 0.500]","0.500 [0.500, 0.500]",0.000,0.500
"acl_prefilter=False,ablate=none,variant=fast_refusal",all,with_sources,1920,logreg,latency,"0.520 [0.494, 0.547]","0.540 [0.493, 0.583]",0.000,0.515
"acl_prefilter=False,ablate=none,variant=fast_refusal",all,with_sources,1920,logreg,refusal,"0.504 [0.479, 0.527]","0.506 [0.482, 0.530]",0.000,0.502
"acl_prefilter=False,ablate=none,variant=fast_refusal",all,with_sources,1920,logreg,content,"0.504 [0.476, 0.528]","0.506 [0.482, 0.530]",0.000,0.502
"acl_prefilter=False,ablate=none,variant=fast_refusal",all,with_sources,1920,logreg,combined,"0.656 [0.630, 0.677]","0.775 [0.732, 0.813]",0.235,0.611
"acl_prefilter=False,ablate=none,variant=fast_refusal",all,with_sources,1920,gboost,score,"0.658 [0.634, 0.680]","0.776 [0.741, 0.809]",0.240,0.615
"acl_prefilter=False,ablate=none,variant=fast_refusal",all,with_sources,1920,gboost,reranker,"0.500 [0.500, 0.500]","0.500 [0.500, 0.500]",0.000,0.500
"acl_prefilter=False,ablate=none,variant=fast_refusal",all,with_sources,1920,gboost,latency,"0.524 [0.498, 0.549]","0.556 [0.511, 0.598]",0.010,0.516
"acl_prefilter=False,ablate=none,variant=fast_refusal",all,with_sources,1920,gboost,refusal,"0.504 [0.479, 0.526]","0.506 [0.481, 0.530]",0.000,0.502
"acl_prefilter=False,ablate=none,variant=fast_refusal",all,with_sources,1920,gboost,content,"0.503 [0.477, 0.525]","0.506 [0.483, 0.529]",0.002,0.501
"acl_prefilter=False,ablate=none,variant=fast_refusal",all,with_sources,1920,gboost,combined,"0.658 [0.635, 0.678]","0.767 [0.727, 0.805]",0.241,0.618
"acl_prefilter=False,ablate=none,variant=fast_refusal",all,with_reranker,1920,threshold,rules,"0.627 [0.612, 0.641]","0.753 [0.717, 0.788]",0.000,0.524
"acl_prefilter=False,ablate=none,variant=fast_refusal",all,with_reranker,1920,logreg,score,"0.658 [0.633, 0.680]","0.771 [0.737, 0.804]",0.233,0.617
"acl_prefilter=False,ablate=none,variant=fast_refusal",all,with_reranker,1920,logreg,reranker,"0.787 [0.767, 0.806]","0.982 [0.970, 0.993]",0.000,0.697
"acl_prefilter=False,ablate=none,variant=fast_refusal",all,with_reranker,1920,logreg,latency,"0.520 [0.494, 0.547]","0.540 [0.493, 0.583]",0.000,0.515
"acl_prefilter=False,ablate=none,variant=fast_refusal",all,with_reranker,1920,logreg,refusal,"0.504 [0.479, 0.527]","0.506 [0.482, 0.530]",0.000,0.502
"acl_prefilter=False,ablate=none,variant=fast_refusal",all,with_reranker,1920,logreg,content,"0.504 [0.476, 0.528]","0.506 [0.482, 0.530]",0.000,0.502
"acl_prefilter=False,ablate=none,variant=fast_refusal",all,with_reranker,1920,logreg,combined,"0.855 [0.839, 0.869]","0.989 [0.980, 0.996]",0.297,0.747
"acl_prefilter=False,ablate=none,variant=fast_refusal",all,with_reranker,1920,gboost,score,"0.658 [0.634, 0.680]","0.776 [0.741, 0.809]",0.240,0.615
"acl_prefilter=False,ablate=none,variant=fast_refusal",all,with_reranker,1920,gboost,reranker,"0.790 [0.769, 0.808]","0.982 [0.970, 0.993]",0.000,0.703
"acl_prefilter=False,ablate=none,variant=fast_refusal",all,with_reranker,1920,gboost,latency,"0.524 [0.498, 0.549]","0.556 [0.511, 0.598]",0.010,0.516
"acl_prefilter=False,ablate=none,variant=fast_refusal",all,with_reranker,1920,gboost,refusal,"0.504 [0.479, 0.526]","0.506 [0.481, 0.530]",0.000,0.502
"acl_prefilter=False,ablate=none,variant=fast_refusal",all,with_reranker,1920,gboost,content,"0.503 [0.477, 0.525]","0.506 [0.483, 0.529]",0.002,0.501
"acl_prefilter=False,ablate=none,variant=fast_refusal",all,with_reranker,1920,gboost,combined,"0.862 [0.847, 0.876]","0.990 [0.981, 0.997]",0.302,0.751
"acl_prefilter=False,ablate=none,variant=pad30",insider,text_only,960,threshold,rules,"0.500 [0.500, 0.500]","0.500 [0.500, 0.500]",0.000,0.500
"acl_prefilter=False,ablate=none,variant=pad30",insider,text_only,960,logreg,score,"0.500 [0.500, 0.500]","0.500 [0.500, 0.500]",0.000,0.500
"acl_prefilter=False,ablate=none,variant=pad30",insider,text_only,960,logreg,reranker,"0.500 [0.500, 0.500]","0.500 [0.500, 0.500]",0.000,0.500
"acl_prefilter=False,ablate=none,variant=pad30",insider,text_only,960,logreg,latency,"0.519 [0.485, 0.556]","0.555 [0.485, 0.625]",0.004,0.512
"acl_prefilter=False,ablate=none,variant=pad30",insider,text_only,960,logreg,refusal,"0.502 [0.473, 0.530]","0.504 [0.475, 0.536]",0.000,0.501
"acl_prefilter=False,ablate=none,variant=pad30",insider,text_only,960,logreg,content,"0.502 [0.465, 0.537]","0.504 [0.475, 0.535]",0.000,0.501
"acl_prefilter=False,ablate=none,variant=pad30",insider,text_only,960,logreg,combined,"0.520 [0.485, 0.555]","0.532 [0.462, 0.599]",0.002,0.515
"acl_prefilter=False,ablate=none,variant=pad30",insider,text_only,960,gboost,score,"0.500 [0.500, 0.500]","0.500 [0.500, 0.500]",0.000,0.500
"acl_prefilter=False,ablate=none,variant=pad30",insider,text_only,960,gboost,reranker,"0.500 [0.500, 0.500]","0.500 [0.500, 0.500]",0.000,0.500
"acl_prefilter=False,ablate=none,variant=pad30",insider,text_only,960,gboost,latency,"0.516 [0.481, 0.552]","0.535 [0.461, 0.610]",0.008,0.509
"acl_prefilter=False,ablate=none,variant=pad30",insider,text_only,960,gboost,refusal,"0.502 [0.473, 0.530]","0.504 [0.476, 0.536]",0.000,0.501
"acl_prefilter=False,ablate=none,variant=pad30",insider,text_only,960,gboost,content,"0.502 [0.473, 0.529]","0.504 [0.475, 0.535]",0.000,0.501
"acl_prefilter=False,ablate=none,variant=pad30",insider,text_only,960,gboost,combined,"0.511 [0.477, 0.547]","0.535 [0.460, 0.607]",0.004,0.512
"acl_prefilter=False,ablate=none,variant=pad30",insider,with_sources,960,threshold,rules,"0.634 [0.616, 0.653]","0.768 [0.722, 0.810]",0.233,0.524
"acl_prefilter=False,ablate=none,variant=pad30",insider,with_sources,960,logreg,score,"0.656 [0.622, 0.689]","0.771 [0.722, 0.814]",0.233,0.614
"acl_prefilter=False,ablate=none,variant=pad30",insider,with_sources,960,logreg,reranker,"0.500 [0.500, 0.500]","0.500 [0.500, 0.500]",0.000,0.500
"acl_prefilter=False,ablate=none,variant=pad30",insider,with_sources,960,logreg,latency,"0.519 [0.485, 0.556]","0.555 [0.485, 0.625]",0.004,0.512
"acl_prefilter=False,ablate=none,variant=pad30",insider,with_sources,960,logreg,refusal,"0.502 [0.473, 0.530]","0.504 [0.475, 0.536]",0.000,0.501
"acl_prefilter=False,ablate=none,variant=pad30",insider,with_sources,960,logreg,content,"0.502 [0.465, 0.537]","0.504 [0.475, 0.535]",0.000,0.501
"acl_prefilter=False,ablate=none,variant=pad30",insider,with_sources,960,logreg,combined,"0.657 [0.621, 0.691]","0.796 [0.741, 0.846]",0.235,0.619
"acl_prefilter=False,ablate=none,variant=pad30",insider,with_sources,960,gboost,score,"0.656 [0.623, 0.689]","0.767 [0.719, 0.812]",0.237,0.613
"acl_prefilter=False,ablate=none,variant=pad30",insider,with_sources,960,gboost,reranker,"0.500 [0.500, 0.500]","0.500 [0.500, 0.500]",0.000,0.500
"acl_prefilter=False,ablate=none,variant=pad30",insider,with_sources,960,gboost,latency,"0.516 [0.481, 0.552]","0.535 [0.461, 0.610]",0.008,0.509
"acl_prefilter=False,ablate=none,variant=pad30",insider,with_sources,960,gboost,refusal,"0.502 [0.473, 0.530]","0.504 [0.476, 0.536]",0.000,0.501
"acl_prefilter=False,ablate=none,variant=pad30",insider,with_sources,960,gboost,content,"0.502 [0.473, 0.529]","0.504 [0.475, 0.535]",0.000,0.501
"acl_prefilter=False,ablate=none,variant=pad30",insider,with_sources,960,gboost,combined,"0.647 [0.616, 0.681]","0.780 [0.721, 0.834]",0.235,0.597
"acl_prefilter=False,ablate=none,variant=pad30",insider,with_reranker,960,threshold,rules,"0.634 [0.616, 0.653]","0.768 [0.722, 0.810]",0.233,0.524
"acl_prefilter=False,ablate=none,variant=pad30",insider,with_reranker,960,logreg,score,"0.656 [0.622, 0.689]","0.771 [0.722, 0.814]",0.233,0.614
"acl_prefilter=False,ablate=none,variant=pad30",insider,with_reranker,960,logreg,reranker,"0.786 [0.759, 0.812]","0.982 [0.963, 0.996]",0.000,0.696
"acl_prefilter=False,ablate=none,variant=pad30",insider,with_reranker,960,logreg,latency,"0.519 [0.485, 0.556]","0.555 [0.485, 0.625]",0.004,0.512
"acl_prefilter=False,ablate=none,variant=pad30",insider,with_reranker,960,logreg,refusal,"0.502 [0.473, 0.530]","0.504 [0.475, 0.536]",0.000,0.501
"acl_prefilter=False,ablate=none,variant=pad30",insider,with_reranker,960,logreg,content,"0.502 [0.465, 0.537]","0.504 [0.475, 0.535]",0.000,0.501
"acl_prefilter=False,ablate=none,variant=pad30",insider,with_reranker,960,logreg,combined,"0.856 [0.834, 0.877]","0.992 [0.981, 0.999]",0.410,0.745
"acl_prefilter=False,ablate=none,variant=pad30",insider,with_reranker,960,gboost,score,"0.656 [0.623, 0.689]","0.767 [0.719, 0.812]",0.237,0.613
"acl_prefilter=False,ablate=none,variant=pad30",insider,with_reranker,960,gboost,reranker,"0.790 [0.763, 0.816]","0.982 [0.963, 0.996]",0.000,0.702
"acl_prefilter=False,ablate=none,variant=pad30",insider,with_reranker,960,gboost,latency,"0.516 [0.481, 0.552]","0.535 [0.461, 0.610]",0.008,0.509
"acl_prefilter=False,ablate=none,variant=pad30",insider,with_reranker,960,gboost,refusal,"0.502 [0.473, 0.530]","0.504 [0.476, 0.536]",0.000,0.501
"acl_prefilter=False,ablate=none,variant=pad30",insider,with_reranker,960,gboost,content,"0.502 [0.473, 0.529]","0.504 [0.475, 0.535]",0.000,0.501
"acl_prefilter=False,ablate=none,variant=pad30",insider,with_reranker,960,gboost,combined,"0.856 [0.833, 0.877]","0.997 [0.992, 0.999]",0.350,0.734
"acl_prefilter=False,ablate=none,variant=pad30",outsider,text_only,960,threshold,rules,"0.500 [0.485, 0.513]","0.500 [0.469, 0.531]",0.000,0.500
"acl_prefilter=False,ablate=none,variant=pad30",outsider,text_only,960,logreg,score,"0.500 [0.500, 0.500]","0.500 [0.500, 0.500]",0.000,0.500
"acl_prefilter=False,ablate=none,variant=pad30",outsider,text_only,960,logreg,reranker,"0.500 [0.500, 0.500]","0.500 [0.500, 0.500]",0.000,0.500
"acl_prefilter=False,ablate=none,variant=pad30",outsider,text_only,960,logreg,latency,"0.511 [0.473, 0.550]","0.531 [0.460, 0.605]",0.015,0.511
"acl_prefilter=False,ablate=none,variant=pad30",outsider,text_only,960,logreg,refusal,"0.504 [0.467, 0.541]","0.508 [0.469, 0.544]",0.000,0.502
"acl_prefilter=False,ablate=none,variant=pad30",outsider,text_only,960,logreg,content,"0.499 [0.462, 0.535]","0.492 [0.455, 0.532]",0.006,0.500
"acl_prefilter=False,ablate=none,variant=pad30",outsider,text_only,960,logreg,combined,"0.514 [0.478, 0.552]","0.534 [0.463, 0.606]",0.002,0.519
"acl_prefilter=False,ablate=none,variant=pad30",outsider,text_only,960,gboost,score,"0.500 [0.500, 0.500]","0.500 [0.500, 0.500]",0.000,0.500
"acl_prefilter=False,ablate=none,variant=pad30",outsider,text_only,960,gboost,reranker,"0.500 [0.500, 0.500]","0.500 [0.500, 0.500]",0.000,0.500
"acl_prefilter=False,ablate=none,variant=pad30",outsider,text_only,960,gboost,latency,"0.516 [0.480, 0.553]","0.530 [0.454, 0.602]",0.008,0.503
"acl_prefilter=False,ablate=none,variant=pad30",outsider,text_only,960,gboost,refusal,"0.504 [0.471, 0.540]","0.508 [0.470, 0.544]",0.000,0.501
"acl_prefilter=False,ablate=none,variant=pad30",outsider,text_only,960,gboost,content,"0.504 [0.467, 0.538]","0.508 [0.470, 0.547]",0.004,0.502
"acl_prefilter=False,ablate=none,variant=pad30",outsider,text_only,960,gboost,combined,"0.506 [0.468, 0.541]","0.507 [0.434, 0.577]",0.006,0.497
"acl_prefilter=False,ablate=none,variant=pad30",outsider,with_sources,960,threshold,rules,"0.619 [0.596, 0.642]","0.736 [0.680, 0.786]",0.000,0.524
"acl_prefilter=False,ablate=none,variant=pad30",outsider,with_sources,960,logreg,score,"0.661 [0.628, 0.694]","0.776 [0.725, 0.820]",0.233,0.617
"acl_prefilter=False,ablate=none,variant=pad30",outsider,with_sources,960,logreg,reranker,"0.500 [0.500, 0.500]","0.500 [0.500, 0.500]",0.000,0.500
"acl_prefilter=False,ablate=none,variant=pad30",outsider,with_sources,960,logreg,latency,"0.511 [0.473, 0.550]","0.531 [0.460, 0.605]",0.015,0.511
"acl_prefilter=False,ablate=none,variant=pad30",outsider,with_sources,960,logreg,refusal,"0.504 [0.467, 0.541]","0.508 [0.469, 0.544]",0.000,0.502
"acl_prefilter=False,ablate=none,variant=pad30",outsider,with_sources,960,logreg,content,"0.499 [0.462, 0.535]","0.492 [0.455, 0.532]",0.006,0.500
"acl_prefilter=False,ablate=none,variant=pad30",outsider,with_sources,960,logreg,combined,"0.663 [0.629, 0.697]","0.783 [0.721, 0.835]",0.242,0.617
"acl_prefilter=False,ablate=none,variant=pad30",outsider,with_sources,960,gboost,score,"0.658 [0.624, 0.690]","0.780 [0.729, 0.827]",0.240,0.614
"acl_prefilter=False,ablate=none,variant=pad30",outsider,with_sources,960,gboost,reranker,"0.500 [0.500, 0.500]","0.500 [0.500, 0.500]",0.000,0.500
"acl_prefilter=False,ablate=none,variant=pad30",outsider,with_sources,960,gboost,latency,"0.516 [0.480, 0.553]","0.530 [0.454, 0.602]",0.008,0.503
"acl_prefilter=False,ablate=none,variant=pad30",outsider,with_sources,960,gboost,refusal,"0.504 [0.471, 0.540]","0.508 [0.470, 0.544]",0.000,0.501
"acl_prefilter=False,ablate=none,variant=pad30",outsider,with_sources,960,gboost,content,"0.504 [0.467, 0.538]","0.508 [0.470, 0.547]",0.004,0.502
"acl_prefilter=False,ablate=none,variant=pad30",outsider,with_sources,960,gboost,combined,"0.663 [0.631, 0.698]","0.765 [0.703, 0.821]",0.237,0.609
"acl_prefilter=False,ablate=none,variant=pad30",outsider,with_reranker,960,threshold,rules,"0.619 [0.596, 0.642]","0.736 [0.680, 0.786]",0.000,0.524
"acl_prefilter=False,ablate=none,variant=pad30",outsider,with_reranker,960,logreg,score,"0.661 [0.628, 0.694]","0.776 [0.725, 0.820]",0.233,0.617
"acl_prefilter=False,ablate=none,variant=pad30",outsider,with_reranker,960,logreg,reranker,"0.787 [0.759, 0.813]","0.982 [0.963, 0.996]",0.000,0.698
"acl_prefilter=False,ablate=none,variant=pad30",outsider,with_reranker,960,logreg,latency,"0.511 [0.473, 0.550]","0.531 [0.460, 0.605]",0.015,0.511
"acl_prefilter=False,ablate=none,variant=pad30",outsider,with_reranker,960,logreg,refusal,"0.504 [0.467, 0.541]","0.508 [0.469, 0.544]",0.000,0.502
"acl_prefilter=False,ablate=none,variant=pad30",outsider,with_reranker,960,logreg,content,"0.499 [0.462, 0.535]","0.492 [0.455, 0.532]",0.006,0.500
"acl_prefilter=False,ablate=none,variant=pad30",outsider,with_reranker,960,logreg,combined,"0.857 [0.833, 0.878]","0.992 [0.983, 0.999]",0.298,0.748
"acl_prefilter=False,ablate=none,variant=pad30",outsider,with_reranker,960,gboost,score,"0.658 [0.624, 0.690]","0.780 [0.729, 0.827]",0.240,0.614
"acl_prefilter=False,ablate=none,variant=pad30",outsider,with_reranker,960,gboost,reranker,"0.791 [0.763, 0.817]","0.982 [0.963, 0.996]",0.000,0.704
"acl_prefilter=False,ablate=none,variant=pad30",outsider,with_reranker,960,gboost,latency,"0.516 [0.480, 0.553]","0.530 [0.454, 0.602]",0.008,0.503
"acl_prefilter=False,ablate=none,variant=pad30",outsider,with_reranker,960,gboost,refusal,"0.504 [0.471, 0.540]","0.508 [0.470, 0.544]",0.000,0.501
"acl_prefilter=False,ablate=none,variant=pad30",outsider,with_reranker,960,gboost,content,"0.504 [0.467, 0.538]","0.508 [0.470, 0.547]",0.004,0.502
"acl_prefilter=False,ablate=none,variant=pad30",outsider,with_reranker,960,gboost,combined,"0.860 [0.837, 0.880]","0.991 [0.981, 0.999]",0.342,0.738
"acl_prefilter=False,ablate=none,variant=pad30",all,text_only,1920,threshold,rules,"0.500 [0.493, 0.508]","0.500 [0.483, 0.516]",0.000,0.500
"acl_prefilter=False,ablate=none,variant=pad30",all,text_only,1920,logreg,score,"0.500 [0.500, 0.500]","0.500 [0.500, 0.500]",0.000,0.500
"acl_prefilter=False,ablate=none,variant=pad30",all,text_only,1920,logreg,reranker,"0.500 [0.500, 0.500]","0.500 [0.500, 0.500]",0.000,0.500
"acl_prefilter=False,ablate=none,variant=pad30",all,text_only,1920,logreg,latency,"0.501 [0.475, 0.526]","0.505 [0.455, 0.556]",0.014,0.507
"acl_prefilter=False,ablate=none,variant=pad30",all,text_only,1920,logreg,refusal,"0.503 [0.477, 0.525]","0.506 [0.482, 0.530]",0.000,0.502
"acl_prefilter=False,ablate=none,variant=pad30",all,text_only,1920,logreg,content,"0.500 [0.473, 0.523]","0.494 [0.470, 0.521]",0.005,0.500
"acl_prefilter=False,ablate=none,variant=pad30",all,text_only,1920,logreg,combined,"0.506 [0.481, 0.531]","0.507 [0.458, 0.558]",0.010,0.498
"acl_prefilter=False,ablate=none,variant=pad30",all,text_only,1920,gboost,score,"0.500 [0.500, 0.500]","0.500 [0.500, 0.500]",0.000,0.500
"acl_prefilter=False,ablate=none,variant=pad30",all,text_only,1920,gboost,reranker,"0.500 [0.500, 0.500]","0.500 [0.500, 0.500]",0.000,0.500
"acl_prefilter=False,ablate=none,variant=pad30",all,text_only,1920,gboost,latency,"0.534 [0.510, 0.558]","0.560 [0.511, 0.612]",0.014,0.522
"acl_prefilter=False,ablate=none,variant=pad30",all,text_only,1920,gboost,refusal,"0.503 [0.477, 0.526]","0.506 [0.481, 0.530]",0.000,0.502
"acl_prefilter=False,ablate=none,variant=pad30",all,text_only,1920,gboost,content,"0.503 [0.477, 0.525]","0.506 [0.481, 0.530]",0.000,0.501
"acl_prefilter=False,ablate=none,variant=pad30",all,text_only,1920,gboost,combined,"0.533 [0.508, 0.558]","0.559 [0.508, 0.612]",0.014,0.523
"acl_prefilter=False,ablate=none,variant=pad30",all,with_sources,1920,threshold,rules,"0.626 [0.611, 0.641]","0.751 [0.714, 0.786]",0.000,0.524
"acl_prefilter=False,ablate=none,variant=pad30",all,with_sources,1920,logreg,score,"0.658 [0.633, 0.680]","0.771 [0.737, 0.804]",0.233,0.617
"acl_prefilter=False,ablate=none,variant=pad30",all,with_sources,1920,logreg,reranker,"0.500 [0.500, 0.500]","0.500 [0.500, 0.500]",0.000,0.500
"acl_prefilter=False,ablate=none,variant=pad30",all,with_sources,1920,logreg,latency,"0.501 [0.475, 0.526]","0.505 [0.455, 0.556]",0.014,0.507
"acl_prefilter=False,ablate=none,variant=pad30",all,with_sources,1920,logreg,refusal,"0.503 [0.477, 0.525]","0.506 [0.482, 0.530]",0.000,0.502
"acl_prefilter=False,ablate=none,variant=pad30",all,with_sources,1920,logreg,content,"0.500 [0.473, 0.523]","0.494 [0.470, 0.521]",0.005,0.500
"acl_prefilter=False,ablate=none,variant=pad30",all,with_sources,1920,logreg,combined,"0.655 [0.629, 0.678]","0.779 [0.738, 0.817]",0.236,0.613
"acl_prefilter=False,ablate=none,variant=pad30",all,with_sources,1920,gboost,score,"0.658 [0.634, 0.680]","0.776 [0.741, 0.809]",0.240,0.616
"acl_prefilter=False,ablate=none,variant=pad30",all,with_sources,1920,gboost,reranker,"0.500 [0.500, 0.500]","0.500 [0.500, 0.500]",0.000,0.500
"acl_prefilter=False,ablate=none,variant=pad30",all,with_sources,1920,gboost,latency,"0.534 [0.510, 0.558]","0.560 [0.511, 0.612]",0.014,0.522
"acl_prefilter=False,ablate=none,variant=pad30",all,with_sources,1920,gboost,refusal,"0.503 [0.477, 0.526]","0.506 [0.481, 0.530]",0.000,0.502
"acl_prefilter=False,ablate=none,variant=pad30",all,with_sources,1920,gboost,content,"0.503 [0.477, 0.525]","0.506 [0.481, 0.530]",0.000,0.501
"acl_prefilter=False,ablate=none,variant=pad30",all,with_sources,1920,gboost,combined,"0.664 [0.640, 0.687]","0.785 [0.742, 0.822]",0.237,0.604
"acl_prefilter=False,ablate=none,variant=pad30",all,with_reranker,1920,threshold,rules,"0.626 [0.611, 0.641]","0.751 [0.714, 0.786]",0.000,0.524
"acl_prefilter=False,ablate=none,variant=pad30",all,with_reranker,1920,logreg,score,"0.658 [0.633, 0.680]","0.771 [0.737, 0.804]",0.233,0.617
"acl_prefilter=False,ablate=none,variant=pad30",all,with_reranker,1920,logreg,reranker,"0.787 [0.767, 0.806]","0.982 [0.970, 0.993]",0.000,0.697
"acl_prefilter=False,ablate=none,variant=pad30",all,with_reranker,1920,logreg,latency,"0.501 [0.475, 0.526]","0.505 [0.455, 0.556]",0.014,0.507
"acl_prefilter=False,ablate=none,variant=pad30",all,with_reranker,1920,logreg,refusal,"0.503 [0.477, 0.525]","0.506 [0.482, 0.530]",0.000,0.502
"acl_prefilter=False,ablate=none,variant=pad30",all,with_reranker,1920,logreg,content,"0.500 [0.473, 0.523]","0.494 [0.470, 0.521]",0.005,0.500
"acl_prefilter=False,ablate=none,variant=pad30",all,with_reranker,1920,logreg,combined,"0.856 [0.839, 0.871]","0.991 [0.984, 0.998]",0.310,0.747
"acl_prefilter=False,ablate=none,variant=pad30",all,with_reranker,1920,gboost,score,"0.658 [0.634, 0.680]","0.776 [0.741, 0.809]",0.240,0.616
"acl_prefilter=False,ablate=none,variant=pad30",all,with_reranker,1920,gboost,reranker,"0.790 [0.769, 0.808]","0.982 [0.970, 0.993]",0.000,0.703
"acl_prefilter=False,ablate=none,variant=pad30",all,with_reranker,1920,gboost,latency,"0.534 [0.510, 0.558]","0.560 [0.511, 0.612]",0.014,0.522
"acl_prefilter=False,ablate=none,variant=pad30",all,with_reranker,1920,gboost,refusal,"0.503 [0.477, 0.526]","0.506 [0.481, 0.530]",0.000,0.502
"acl_prefilter=False,ablate=none,variant=pad30",all,with_reranker,1920,gboost,content,"0.503 [0.477, 0.525]","0.506 [0.481, 0.530]",0.000,0.501
"acl_prefilter=False,ablate=none,variant=pad30",all,with_reranker,1920,gboost,combined,"0.860 [0.843, 0.874]","0.991 [0.983, 0.998]",0.334,0.748
"acl_prefilter=False,ablate=none,variant=deadline2s",insider,text_only,960,threshold,rules,"0.500 [0.500, 0.500]","0.500 [0.500, 0.500]",0.000,0.500
"acl_prefilter=False,ablate=none,variant=deadline2s",insider,text_only,960,logreg,score,"0.500 [0.500, 0.500]","0.500 [0.500, 0.500]",0.000,0.500
"acl_prefilter=False,ablate=none,variant=deadline2s",insider,text_only,960,logreg,reranker,"0.500 [0.500, 0.500]","0.500 [0.500, 0.500]",0.000,0.500
"acl_prefilter=False,ablate=none,variant=deadline2s",insider,text_only,960,logreg,latency,"0.500 [0.500, 0.500]","0.500 [0.500, 0.500]",0.000,0.500
"acl_prefilter=False,ablate=none,variant=deadline2s",insider,text_only,960,logreg,refusal,"0.502 [0.473, 0.530]","0.504 [0.475, 0.536]",0.000,0.501
"acl_prefilter=False,ablate=none,variant=deadline2s",insider,text_only,960,logreg,content,"0.502 [0.465, 0.537]","0.504 [0.475, 0.535]",0.000,0.501
"acl_prefilter=False,ablate=none,variant=deadline2s",insider,text_only,960,logreg,combined,"0.502 [0.473, 0.530]","0.504 [0.475, 0.535]",0.000,0.501
"acl_prefilter=False,ablate=none,variant=deadline2s",insider,text_only,960,gboost,score,"0.500 [0.500, 0.500]","0.500 [0.500, 0.500]",0.000,0.500
"acl_prefilter=False,ablate=none,variant=deadline2s",insider,text_only,960,gboost,reranker,"0.500 [0.500, 0.500]","0.500 [0.500, 0.500]",0.000,0.500
"acl_prefilter=False,ablate=none,variant=deadline2s",insider,text_only,960,gboost,latency,"0.500 [0.500, 0.500]","0.500 [0.500, 0.500]",0.000,0.500
"acl_prefilter=False,ablate=none,variant=deadline2s",insider,text_only,960,gboost,refusal,"0.502 [0.473, 0.530]","0.504 [0.476, 0.536]",0.000,0.501
"acl_prefilter=False,ablate=none,variant=deadline2s",insider,text_only,960,gboost,content,"0.502 [0.473, 0.529]","0.504 [0.475, 0.535]",0.000,0.501
"acl_prefilter=False,ablate=none,variant=deadline2s",insider,text_only,960,gboost,combined,"0.502 [0.473, 0.529]","0.504 [0.475, 0.535]",0.000,0.501
"acl_prefilter=False,ablate=none,variant=deadline2s",insider,with_sources,960,threshold,rules,"0.634 [0.616, 0.653]","0.768 [0.722, 0.810]",0.233,0.524
"acl_prefilter=False,ablate=none,variant=deadline2s",insider,with_sources,960,logreg,score,"0.656 [0.622, 0.689]","0.771 [0.722, 0.814]",0.233,0.614
"acl_prefilter=False,ablate=none,variant=deadline2s",insider,with_sources,960,logreg,reranker,"0.500 [0.500, 0.500]","0.500 [0.500, 0.500]",0.000,0.500
"acl_prefilter=False,ablate=none,variant=deadline2s",insider,with_sources,960,logreg,latency,"0.500 [0.500, 0.500]","0.500 [0.500, 0.500]",0.000,0.500
"acl_prefilter=False,ablate=none,variant=deadline2s",insider,with_sources,960,logreg,refusal,"0.502 [0.473, 0.530]","0.504 [0.475, 0.536]",0.000,0.501
"acl_prefilter=False,ablate=none,variant=deadline2s",insider,with_sources,960,logreg,content,"0.502 [0.465, 0.537]","0.504 [0.475, 0.535]",0.000,0.501
"acl_prefilter=False,ablate=none,variant=deadline2s",insider,with_sources,960,logreg,combined,"0.656 [0.622, 0.690]","0.771 [0.722, 0.814]",0.233,0.614
"acl_prefilter=False,ablate=none,variant=deadline2s",insider,with_sources,960,gboost,score,"0.656 [0.623, 0.689]","0.767 [0.719, 0.812]",0.237,0.613
"acl_prefilter=False,ablate=none,variant=deadline2s",insider,with_sources,960,gboost,reranker,"0.500 [0.500, 0.500]","0.500 [0.500, 0.500]",0.000,0.500
"acl_prefilter=False,ablate=none,variant=deadline2s",insider,with_sources,960,gboost,latency,"0.500 [0.500, 0.500]","0.500 [0.500, 0.500]",0.000,0.500
"acl_prefilter=False,ablate=none,variant=deadline2s",insider,with_sources,960,gboost,refusal,"0.502 [0.473, 0.530]","0.504 [0.476, 0.536]",0.000,0.501
"acl_prefilter=False,ablate=none,variant=deadline2s",insider,with_sources,960,gboost,content,"0.502 [0.473, 0.529]","0.504 [0.475, 0.535]",0.000,0.501
"acl_prefilter=False,ablate=none,variant=deadline2s",insider,with_sources,960,gboost,combined,"0.656 [0.622, 0.689]","0.764 [0.716, 0.811]",0.237,0.614
"acl_prefilter=False,ablate=none,variant=deadline2s",insider,with_reranker,960,threshold,rules,"0.634 [0.616, 0.653]","0.768 [0.722, 0.810]",0.233,0.524
"acl_prefilter=False,ablate=none,variant=deadline2s",insider,with_reranker,960,logreg,score,"0.656 [0.622, 0.689]","0.771 [0.722, 0.814]",0.233,0.614
"acl_prefilter=False,ablate=none,variant=deadline2s",insider,with_reranker,960,logreg,reranker,"0.786 [0.759, 0.812]","0.982 [0.963, 0.996]",0.000,0.696
"acl_prefilter=False,ablate=none,variant=deadline2s",insider,with_reranker,960,logreg,latency,"0.500 [0.500, 0.500]","0.500 [0.500, 0.500]",0.000,0.500
"acl_prefilter=False,ablate=none,variant=deadline2s",insider,with_reranker,960,logreg,refusal,"0.502 [0.473, 0.530]","0.504 [0.475, 0.536]",0.000,0.501
"acl_prefilter=False,ablate=none,variant=deadline2s",insider,with_reranker,960,logreg,content,"0.502 [0.465, 0.537]","0.504 [0.475, 0.535]",0.000,0.501
"acl_prefilter=False,ablate=none,variant=deadline2s",insider,with_reranker,960,logreg,combined,"0.854 [0.832, 0.876]","0.993 [0.985, 1.000]",0.240,0.746
"acl_prefilter=False,ablate=none,variant=deadline2s",insider,with_reranker,960,gboost,score,"0.656 [0.623, 0.689]","0.767 [0.719, 0.812]",0.237,0.613
"acl_prefilter=False,ablate=none,variant=deadline2s",insider,with_reranker,960,gboost,reranker,"0.790 [0.763, 0.816]","0.982 [0.963, 0.996]",0.000,0.702
"acl_prefilter=False,ablate=none,variant=deadline2s",insider,with_reranker,960,gboost,latency,"0.500 [0.500, 0.500]","0.500 [0.500, 0.500]",0.000,0.500
"acl_prefilter=False,ablate=none,variant=deadline2s",insider,with_reranker,960,gboost,refusal,"0.502 [0.473, 0.530]","0.504 [0.476, 0.536]",0.000,0.501
"acl_prefilter=False,ablate=none,variant=deadline2s",insider,with_reranker,960,gboost,content,"0.502 [0.473, 0.529]","0.504 [0.475, 0.535]",0.000,0.501
"acl_prefilter=False,ablate=none,variant=deadline2s",insider,with_reranker,960,gboost,combined,"0.860 [0.838, 0.880]","0.986 [0.972, 0.998]",0.244,0.752
"acl_prefilter=False,ablate=none,variant=deadline2s",outsider,text_only,960,threshold,rules,"0.500 [0.485, 0.513]","0.500 [0.469, 0.531]",0.000,0.500
"acl_prefilter=False,ablate=none,variant=deadline2s",outsider,text_only,960,logreg,score,"0.500 [0.500, 0.500]","0.500 [0.500, 0.500]",0.000,0.500
"acl_prefilter=False,ablate=none,variant=deadline2s",outsider,text_only,960,logreg,reranker,"0.500 [0.500, 0.500]","0.500 [0.500, 0.500]",0.000,0.500
"acl_prefilter=False,ablate=none,variant=deadline2s",outsider,text_only,960,logreg,latency,"0.500 [0.500, 0.500]","0.500 [0.500, 0.500]",0.000,0.500
"acl_prefilter=False,ablate=none,variant=deadline2s",outsider,text_only,960,logreg,refusal,"0.504 [0.467, 0.541]","0.508 [0.469, 0.544]",0.000,0.502
"acl_prefilter=False,ablate=none,variant=deadline2s",outsider,text_only,960,logreg,content,"0.499 [0.462, 0.535]","0.492 [0.455, 0.532]",0.006,0.500
"acl_prefilter=False,ablate=none,variant=deadline2s",outsider,text_only,960,logreg,combined,"0.504 [0.467, 0.541]","0.508 [0.470, 0.547]",0.004,0.502
"acl_prefilter=False,ablate=none,variant=deadline2s",outsider,text_only,960,gboost,score,"0.500 [0.500, 0.500]","0.500 [0.500, 0.500]",0.000,0.500
"acl_prefilter=False,ablate=none,variant=deadline2s",outsider,text_only,960,gboost,reranker,"0.500 [0.500, 0.500]","0.500 [0.500, 0.500]",0.000,0.500
"acl_prefilter=False,ablate=none,variant=deadline2s",outsider,text_only,960,gboost,latency,"0.500 [0.500, 0.500]","0.500 [0.500, 0.500]",0.000,0.500
"acl_prefilter=False,ablate=none,variant=deadline2s",outsider,text_only,960,gboost,refusal,"0.504 [0.471, 0.540]","0.508 [0.470, 0.544]",0.000,0.501
"acl_prefilter=False,ablate=none,variant=deadline2s",outsider,text_only,960,gboost,content,"0.504 [0.467, 0.538]","0.508 [0.470, 0.547]",0.004,0.502
"acl_prefilter=False,ablate=none,variant=deadline2s",outsider,text_only,960,gboost,combined,"0.503 [0.468, 0.537]","0.500 [0.464, 0.538]",0.006,0.502
"acl_prefilter=False,ablate=none,variant=deadline2s",outsider,with_sources,960,threshold,rules,"0.619 [0.596, 0.642]","0.736 [0.680, 0.786]",0.000,0.524
"acl_prefilter=False,ablate=none,variant=deadline2s",outsider,with_sources,960,logreg,score,"0.661 [0.628, 0.694]","0.776 [0.725, 0.820]",0.233,0.617
"acl_prefilter=False,ablate=none,variant=deadline2s",outsider,with_sources,960,logreg,reranker,"0.500 [0.500, 0.500]","0.500 [0.500, 0.500]",0.000,0.500
"acl_prefilter=False,ablate=none,variant=deadline2s",outsider,with_sources,960,logreg,latency,"0.500 [0.500, 0.500]","0.500 [0.500, 0.500]",0.000,0.500
"acl_prefilter=False,ablate=none,variant=deadline2s",outsider,with_sources,960,logreg,refusal,"0.504 [0.467, 0.541]","0.508 [0.469, 0.544]",0.000,0.502
"acl_prefilter=False,ablate=none,variant=deadline2s",outsider,with_sources,960,logreg,content,"0.499 [0.462, 0.535]","0.492 [0.455, 0.532]",0.006,0.500
"acl_prefilter=False,ablate=none,variant=deadline2s",outsider,with_sources,960,logreg,combined,"0.659 [0.626, 0.693]","0.767 [0.717, 0.814]",0.242,0.614
"acl_prefilter=False,ablate=none,variant=deadline2s",outsider,with_sources,960,gboost,score,"0.658 [0.624, 0.690]","0.780 [0.729, 0.827]",0.240,0.614
"acl_prefilter=False,ablate=none,variant=deadline2s",outsider,with_sources,960,gboost,reranker,"0.500 [0.500, 0.500]","0.500 [0.500, 0.500]",0.000,0.500
"acl_prefilter=False,ablate=none,variant=deadline2s",outsider,with_sources,960,gboost,latency,"0.500 [0.500, 0.500]","0.500 [0.500, 0.500]",0.000,0.500
"acl_prefilter=False,ablate=none,variant=deadline2s",outsider,with_sources,960,gboost,refusal,"0.504 [0.471, 0.540]","0.508 [0.470, 0.544]",0.000,0.501
"acl_prefilter=False,ablate=none,variant=deadline2s",outsider,with_sources,960,gboost,content,"0.504 [0.467, 0.538]","0.508 [0.470, 0.547]",0.004,0.502
"acl_prefilter=False,ablate=none,variant=deadline2s",outsider,with_sources,960,gboost,combined,"0.658 [0.623, 0.690]","0.773 [0.721, 0.820]",0.242,0.617
"acl_prefilter=False,ablate=none,variant=deadline2s",outsider,with_reranker,960,threshold,rules,"0.619 [0.596, 0.642]","0.736 [0.680, 0.786]",0.000,0.524
"acl_prefilter=False,ablate=none,variant=deadline2s",outsider,with_reranker,960,logreg,score,"0.661 [0.628, 0.694]","0.776 [0.725, 0.820]",0.233,0.617
"acl_prefilter=False,ablate=none,variant=deadline2s",outsider,with_reranker,960,logreg,reranker,"0.787 [0.759, 0.813]","0.982 [0.963, 0.996]",0.000,0.698
"acl_prefilter=False,ablate=none,variant=deadline2s",outsider,with_reranker,960,logreg,latency,"0.500 [0.500, 0.500]","0.500 [0.500, 0.500]",0.000,0.500
"acl_prefilter=False,ablate=none,variant=deadline2s",outsider,with_reranker,960,logreg,refusal,"0.504 [0.467, 0.541]","0.508 [0.469, 0.544]",0.000,0.502
"acl_prefilter=False,ablate=none,variant=deadline2s",outsider,with_reranker,960,logreg,content,"0.499 [0.462, 0.535]","0.492 [0.455, 0.532]",0.006,0.500
"acl_prefilter=False,ablate=none,variant=deadline2s",outsider,with_reranker,960,logreg,combined,"0.854 [0.832, 0.876]","0.991 [0.981, 0.999]",0.252,0.746
"acl_prefilter=False,ablate=none,variant=deadline2s",outsider,with_reranker,960,gboost,score,"0.658 [0.624, 0.690]","0.780 [0.729, 0.827]",0.240,0.614
"acl_prefilter=False,ablate=none,variant=deadline2s",outsider,with_reranker,960,gboost,reranker,"0.791 [0.763, 0.817]","0.982 [0.963, 0.996]",0.000,0.704
"acl_prefilter=False,ablate=none,variant=deadline2s",outsider,with_reranker,960,gboost,latency,"0.500 [0.500, 0.500]","0.500 [0.500, 0.500]",0.000,0.500
"acl_prefilter=False,ablate=none,variant=deadline2s",outsider,with_reranker,960,gboost,refusal,"0.504 [0.471, 0.540]","0.508 [0.470, 0.544]",0.000,0.501
"acl_prefilter=False,ablate=none,variant=deadline2s",outsider,with_reranker,960,gboost,content,"0.504 [0.467, 0.538]","0.508 [0.470, 0.547]",0.004,0.502
"acl_prefilter=False,ablate=none,variant=deadline2s",outsider,with_reranker,960,gboost,combined,"0.864 [0.842, 0.884]","0.989 [0.977, 0.998]",0.248,0.756
"acl_prefilter=False,ablate=none,variant=deadline2s",all,text_only,1920,threshold,rules,"0.500 [0.493, 0.508]","0.500 [0.483, 0.516]",0.000,0.500
"acl_prefilter=False,ablate=none,variant=deadline2s",all,text_only,1920,logreg,score,"0.500 [0.500, 0.500]","0.500 [0.500, 0.500]",0.000,0.500
"acl_prefilter=False,ablate=none,variant=deadline2s",all,text_only,1920,logreg,reranker,"0.500 [0.500, 0.500]","0.500 [0.500, 0.500]",0.000,0.500
"acl_prefilter=False,ablate=none,variant=deadline2s",all,text_only,1920,logreg,latency,"0.500 [0.500, 0.500]","0.500 [0.500, 0.500]",0.000,0.500
"acl_prefilter=False,ablate=none,variant=deadline2s",all,text_only,1920,logreg,refusal,"0.503 [0.477, 0.525]","0.506 [0.482, 0.530]",0.000,0.502
"acl_prefilter=False,ablate=none,variant=deadline2s",all,text_only,1920,logreg,content,"0.500 [0.473, 0.523]","0.494 [0.470, 0.521]",0.005,0.500
"acl_prefilter=False,ablate=none,variant=deadline2s",all,text_only,1920,logreg,combined,"0.503 [0.475, 0.525]","0.506 [0.481, 0.529]",0.008,0.502
"acl_prefilter=False,ablate=none,variant=deadline2s",all,text_only,1920,gboost,score,"0.500 [0.500, 0.500]","0.500 [0.500, 0.500]",0.000,0.500
"acl_prefilter=False,ablate=none,variant=deadline2s",all,text_only,1920,gboost,reranker,"0.500 [0.500, 0.500]","0.500 [0.500, 0.500]",0.000,0.500
"acl_prefilter=False,ablate=none,variant=deadline2s",all,text_only,1920,gboost,latency,"0.500 [0.500, 0.500]","0.500 [0.500, 0.500]",0.000,0.500
"acl_prefilter=False,ablate=none,variant=deadline2s",all,text_only,1920,gboost,refusal,"0.503 [0.477, 0.526]","0.506 [0.481, 0.530]",0.000,0.502
"acl_prefilter=False,ablate=none,variant=deadline2s",all,text_only,1920,gboost,content,"0.503 [0.477, 0.525]","0.506 [0.481, 0.530]",0.000,0.501
"acl_prefilter=False,ablate=none,variant=deadline2s",all,text_only,1920,gboost,combined,"0.504 [0.478, 0.526]","0.510 [0.486, 0.533]",0.001,0.502
"acl_prefilter=False,ablate=none,variant=deadline2s",all,with_sources,1920,threshold,rules,"0.626 [0.611, 0.641]","0.751 [0.714, 0.786]",0.000,0.524
"acl_prefilter=False,ablate=none,variant=deadline2s",all,with_sources,1920,logreg,score,"0.658 [0.633, 0.680]","0.771 [0.737, 0.804]",0.233,0.617
"acl_prefilter=False,ablate=none,variant=deadline2s",all,with_sources,1920,logreg,reranker,"0.500 [0.500, 0.500]","0.500 [0.500, 0.500]",0.000,0.500
"acl_prefilter=False,ablate=none,variant=deadline2s",all,with_sources,1920,logreg,latency,"0.500 [0.500, 0.500]","0.500 [0.500, 0.500]",0.000,0.500
"acl_prefilter=False,ablate=none,variant=deadline2s",all,with_sources,1920,logreg,refusal,"0.503 [0.477, 0.525]","0.506 [0.482, 0.530]",0.000,0.502
"acl_prefilter=False,ablate=none,variant=deadline2s",all,with_sources,1920,logreg,content,"0.500 [0.473, 0.523]","0.494 [0.470, 0.521]",0.005,0.500
"acl_prefilter=False,ablate=none,variant=deadline2s",all,with_sources,1920,logreg,combined,"0.658 [0.632, 0.679]","0.770 [0.736, 0.804]",0.237,0.615
"acl_prefilter=False,ablate=none,variant=deadline2s",all,with_sources,1920,gboost,score,"0.658 [0.634, 0.680]","0.776 [0.741, 0.809]",0.240,0.616
"acl_prefilter=False,ablate=none,variant=deadline2s",all,with_sources,1920,gboost,reranker,"0.500 [0.500, 0.500]","0.500 [0.500, 0.500]",0.000,0.500
"acl_prefilter=False,ablate=none,variant=deadline2s",all,with_sources,1920,gboost,latency,"0.500 [0.500, 0.500]","0.500 [0.500, 0.500]",0.000,0.500
"acl_prefilter=False,ablate=none,variant=deadline2s",all,with_sources,1920,gboost,refusal,"0.503 [0.477, 0.526]","0.506 [0.481, 0.530]",0.000,0.502
"acl_prefilter=False,ablate=none,variant=deadline2s",all,with_sources,1920,gboost,content,"0.503 [0.477, 0.525]","0.506 [0.481, 0.530]",0.000,0.501
"acl_prefilter=False,ablate=none,variant=deadline2s",all,with_sources,1920,gboost,combined,"0.659 [0.635, 0.679]","0.770 [0.734, 0.804]",0.241,0.617
"acl_prefilter=False,ablate=none,variant=deadline2s",all,with_reranker,1920,threshold,rules,"0.626 [0.611, 0.641]","0.751 [0.714, 0.786]",0.000,0.524
"acl_prefilter=False,ablate=none,variant=deadline2s",all,with_reranker,1920,logreg,score,"0.658 [0.633, 0.680]","0.771 [0.737, 0.804]",0.233,0.617
"acl_prefilter=False,ablate=none,variant=deadline2s",all,with_reranker,1920,logreg,reranker,"0.787 [0.767, 0.806]","0.982 [0.970, 0.993]",0.000,0.697
"acl_prefilter=False,ablate=none,variant=deadline2s",all,with_reranker,1920,logreg,latency,"0.500 [0.500, 0.500]","0.500 [0.500, 0.500]",0.000,0.500
"acl_prefilter=False,ablate=none,variant=deadline2s",all,with_reranker,1920,logreg,refusal,"0.503 [0.477, 0.525]","0.506 [0.482, 0.530]",0.000,0.502
"acl_prefilter=False,ablate=none,variant=deadline2s",all,with_reranker,1920,logreg,content,"0.500 [0.473, 0.523]","0.494 [0.470, 0.521]",0.005,0.500
"acl_prefilter=False,ablate=none,variant=deadline2s",all,with_reranker,1920,logreg,combined,"0.854 [0.838, 0.869]","0.992 [0.986, 0.998]",0.246,0.746
"acl_prefilter=False,ablate=none,variant=deadline2s",all,with_reranker,1920,gboost,score,"0.658 [0.634, 0.680]","0.776 [0.741, 0.809]",0.240,0.616
"acl_prefilter=False,ablate=none,variant=deadline2s",all,with_reranker,1920,gboost,reranker,"0.790 [0.769, 0.808]","0.982 [0.970, 0.993]",0.000,0.703
"acl_prefilter=False,ablate=none,variant=deadline2s",all,with_reranker,1920,gboost,latency,"0.500 [0.500, 0.500]","0.500 [0.500, 0.500]",0.000,0.500
"acl_prefilter=False,ablate=none,variant=deadline2s",all,with_reranker,1920,gboost,refusal,"0.503 [0.477, 0.526]","0.506 [0.481, 0.530]",0.000,0.502
"acl_prefilter=False,ablate=none,variant=deadline2s",all,with_reranker,1920,gboost,content,"0.503 [0.477, 0.525]","0.506 [0.481, 0.530]",0.000,0.501
"acl_prefilter=False,ablate=none,variant=deadline2s",all,with_reranker,1920,gboost,combined,"0.861 [0.845, 0.875]","0.988 [0.978, 0.996]",0.247,0.749
"acl_prefilter=False,ablate=score_quantize,variant=as_is",insider,text_only,960,threshold,rules,"0.500 [0.500, 0.500]","0.500 [0.500, 0.500]",0.000,0.500
"acl_prefilter=False,ablate=score_quantize,variant=as_is",insider,text_only,960,logreg,score,"0.500 [0.500, 0.500]","0.500 [0.500, 0.500]",0.000,0.500
"acl_prefilter=False,ablate=score_quantize,variant=as_is",insider,text_only,960,logreg,reranker,"0.500 [0.500, 0.500]","0.500 [0.500, 0.500]",0.000,0.500
"acl_prefilter=False,ablate=score_quantize,variant=as_is",insider,text_only,960,logreg,latency,"0.517 [0.481, 0.552]","0.560 [0.507, 0.611]",0.000,0.520
"acl_prefilter=False,ablate=score_quantize,variant=as_is",insider,text_only,960,logreg,refusal,"0.502 [0.473, 0.530]","0.504 [0.475, 0.536]",0.000,0.501
"acl_prefilter=False,ablate=score_quantize,variant=as_is",insider,text_only,960,logreg,content,"0.502 [0.465, 0.537]","0.504 [0.475, 0.535]",0.000,0.501
"acl_prefilter=False,ablate=score_quantize,variant=as_is",insider,text_only,960,logreg,combined,"0.516 [0.480, 0.552]","0.560 [0.507, 0.608]",0.002,0.520
"acl_prefilter=False,ablate=score_quantize,variant=as_is",insider,text_only,960,gboost,score,"0.500 [0.500, 0.500]","0.500 [0.500, 0.500]",0.000,0.500
"acl_prefilter=False,ablate=score_quantize,variant=as_is",insider,text_only,960,gboost,reranker,"0.500 [0.500, 0.500]","0.500 [0.500, 0.500]",0.000,0.500
"acl_prefilter=False,ablate=score_quantize,variant=as_is",insider,text_only,960,gboost,latency,"0.525 [0.492, 0.560]","0.568 [0.517, 0.620]",0.000,0.519
"acl_prefilter=False,ablate=score_quantize,variant=as_is",insider,text_only,960,gboost,refusal,"0.502 [0.473, 0.530]","0.504 [0.476, 0.536]",0.000,0.501
"acl_prefilter=False,ablate=score_quantize,variant=as_is",insider,text_only,960,gboost,content,"0.502 [0.473, 0.529]","0.504 [0.475, 0.535]",0.000,0.501
"acl_prefilter=False,ablate=score_quantize,variant=as_is",insider,text_only,960,gboost,combined,"0.518 [0.481, 0.554]","0.559 [0.509, 0.610]",0.004,0.519
"acl_prefilter=False,ablate=score_quantize,variant=as_is",insider,with_sources,960,threshold,rules,"0.691 [0.669, 0.713]","0.813 [0.768, 0.853]",0.000,0.524
"acl_prefilter=False,ablate=score_quantize,variant=as_is",insider,with_sources,960,logreg,score,"0.867 [0.841, 0.888]","0.915 [0.880, 0.945]",0.296,0.793
"acl_prefilter=False,ablate=score_quantize,variant=as_is",insider,with_sources,960,logreg,reranker,"0.500 [0.500, 0.500]","0.500 [0.500, 0.500]",0.000,0.500
"acl_prefilter=False,ablate=score_quantize,variant=as_is",insider,with_sources,960,logreg,latency,"0.517 [0.481, 0.552]","0.560 [0.507, 0.611]",0.000,0.520
"acl_prefilter=False,ablate=score_quantize,variant=as_is",insider,with_sources,960,logreg,refusal,"0.502 [0.473, 0.530]","0.504 [0.475, 0.536]",0.000,0.501
"acl_prefilter=False,ablate=score_quantize,variant=as_is",insider,with_sources,960,logreg,content,"0.502 [0.465, 0.537]","0.504 [0.475, 0.535]",0.000,0.501
"acl_prefilter=False,ablate=score_quantize,variant=as_is",insider,with_sources,960,logreg,combined,"0.867 [0.842, 0.889]","0.916 [0.880, 0.946]",0.294,0.790
"acl_prefilter=False,ablate=score_quantize,variant=as_is",insider,with_sources,960,gboost,score,"0.870 [0.846, 0.891]","0.931 [0.899, 0.960]",0.360,0.787
"acl_prefilter=False,ablate=score_quantize,variant=as_is",insider,with_sources,960,gboost,reranker,"0.500 [0.500, 0.500]","0.500 [0.500, 0.500]",0.000,0.500
"acl_prefilter=False,ablate=score_quantize,variant=as_is",insider,with_sources,960,gboost,latency,"0.525 [0.492, 0.560]","0.568 [0.517, 0.620]",0.000,0.519
"acl_prefilter=False,ablate=score_quantize,variant=as_is",insider,with_sources,960,gboost,refusal,"0.502 [0.473, 0.530]","0.504 [0.476, 0.536]",0.000,0.501
"acl_prefilter=False,ablate=score_quantize,variant=as_is",insider,with_sources,960,gboost,content,"0.502 [0.473, 0.529]","0.504 [0.475, 0.535]",0.000,0.501
"acl_prefilter=False,ablate=score_quantize,variant=as_is",insider,with_sources,960,gboost,combined,"0.868 [0.843, 0.889]","0.932 [0.901, 0.961]",0.333,0.796
"acl_prefilter=False,ablate=score_quantize,variant=as_is",insider,with_reranker,960,threshold,rules,"0.691 [0.669, 0.713]","0.813 [0.768, 0.853]",0.000,0.524
"acl_prefilter=False,ablate=score_quantize,variant=as_is",insider,with_reranker,960,logreg,score,"0.867 [0.841, 0.888]","0.915 [0.880, 0.945]",0.296,0.793
"acl_prefilter=False,ablate=score_quantize,variant=as_is",insider,with_reranker,960,logreg,reranker,"0.908 [0.888, 0.927]","0.997 [0.993, 1.000]",0.242,0.854
"acl_prefilter=False,ablate=score_quantize,variant=as_is",insider,with_reranker,960,logreg,latency,"0.517 [0.481, 0.552]","0.560 [0.507, 0.611]",0.000,0.520
"acl_prefilter=False,ablate=score_quantize,variant=as_is",insider,with_reranker,960,logreg,refusal,"0.502 [0.473, 0.530]","0.504 [0.475, 0.536]",0.000,0.501
"acl_prefilter=False,ablate=score_quantize,variant=as_is",insider,with_reranker,960,logreg,content,"0.502 [0.465, 0.537]","0.504 [0.475, 0.535]",0.000,0.501
"acl_prefilter=False,ablate=score_quantize,variant=as_is",insider,with_reranker,960,logreg,combined,"0.933 [0.916, 0.948]","0.999 [0.998, 1.000]",0.392,0.881
"acl_prefilter=False,ablate=score_quantize,variant=as_is",insider,with_reranker,960,gboost,score,"0.870 [0.846, 0.891]","0.931 [0.899, 0.960]",0.360,0.787
"acl_prefilter=False,ablate=score_quantize,variant=as_is",insider,with_reranker,960,gboost,reranker,"0.993 [0.989, 0.996]","1.000 [1.000, 1.000]",0.869,0.963
"acl_prefilter=False,ablate=score_quantize,variant=as_is",insider,with_reranker,960,gboost,latency,"0.525 [0.492, 0.560]","0.568 [0.517, 0.620]",0.000,0.519
"acl_prefilter=False,ablate=score_quantize,variant=as_is",insider,with_reranker,960,gboost,refusal,"0.502 [0.473, 0.530]","0.504 [0.476, 0.536]",0.000,0.501
"acl_prefilter=False,ablate=score_quantize,variant=as_is",insider,with_reranker,960,gboost,content,"0.502 [0.473, 0.529]","0.504 [0.475, 0.535]",0.000,0.501
"acl_prefilter=False,ablate=score_quantize,variant=as_is",insider,with_reranker,960,gboost,combined,"0.993 [0.988, 0.997]","1.000 [1.000, 1.000]",0.917,0.965
"acl_prefilter=False,ablate=score_quantize,variant=as_is",outsider,text_only,960,threshold,rules,"0.500 [0.485, 0.513]","0.500 [0.469, 0.531]",0.000,0.500
"acl_prefilter=False,ablate=score_quantize,variant=as_is",outsider,text_only,960,logreg,score,"0.500 [0.500, 0.500]","0.500 [0.500, 0.500]",0.000,0.500
"acl_prefilter=False,ablate=score_quantize,variant=as_is",outsider,text_only,960,logreg,reranker,"0.500 [0.500, 0.500]","0.500 [0.500, 0.500]",0.000,0.500
"acl_prefilter=False,ablate=score_quantize,variant=as_is",outsider,text_only,960,logreg,latency,"0.507 [0.471, 0.542]","0.526 [0.466, 0.583]",0.000,0.502
"acl_prefilter=False,ablate=score_quantize,variant=as_is",outsider,text_only,960,logreg,refusal,"0.504 [0.467, 0.541]","0.508 [0.469, 0.544]",0.000,0.502
"acl_prefilter=False,ablate=score_quantize,variant=as_is",outsider,text_only,960,logreg,content,"0.499 [0.462, 0.535]","0.492 [0.455, 0.532]",0.006,0.500
"acl_prefilter=False,ablate=score_quantize,variant=as_is",outsider,text_only,960,logreg,combined,"0.503 [0.465, 0.539]","0.528 [0.467, 0.587]",0.002,0.502
"acl_prefilter=False,ablate=score_quantize,variant=as_is",outsider,text_only,960,gboost,score,"0.500 [0.500, 0.500]","0.500 [0.500, 0.500]",0.000,0.500
"acl_prefilter=False,ablate=score_quantize,variant=as_is",outsider,text_only,960,gboost,reranker,"0.500 [0.500, 0.500]","0.500 [0.500, 0.500]",0.000,0.500
"acl_prefilter=False,ablate=score_quantize,variant=as_is",outsider,text_only,960,gboost,latency,"0.509 [0.473, 0.544]","0.511 [0.451, 0.574]",0.000,0.507
"acl_prefilter=False,ablate=score_quantize,variant=as_is",outsider,text_only,960,gboost,refusal,"0.504 [0.471, 0.540]","0.508 [0.470, 0.544]",0.000,0.501
"acl_prefilter=False,ablate=score_quantize,variant=as_is",outsider,text_only,960,gboost,content,"0.504 [0.467, 0.538]","0.508 [0.470, 0.547]",0.004,0.502
"acl_prefilter=False,ablate=score_quantize,variant=as_is",outsider,text_only,960,gboost,combined,"0.506 [0.472, 0.541]","0.513 [0.454, 0.576]",0.004,0.504
"acl_prefilter=False,ablate=score_quantize,variant=as_is",outsider,with_sources,960,threshold,rules,"0.670 [0.645, 0.696]","0.778 [0.722, 0.825]",0.000,0.524
"acl_prefilter=False,ablate=score_quantize,variant=as_is",outsider,with_sources,960,logreg,score,"0.868 [0.842, 0.890]","0.918 [0.883, 0.948]",0.292,0.791
"acl_prefilter=False,ablate=score_quantize,variant=as_is",outsider,with_sources,960,logreg,reranker,"0.500 [0.500, 0.500]","0.500 [0.500, 0.500]",0.000,0.500
"acl_prefilter=False,ablate=score_quantize,variant=as_is",outsider,with_sources,960,logreg,latency,"0.507 [0.471, 0.542]","0.526 [0.466, 0.583]",0.000,0.502
"acl_prefilter=False,ablate=score_quantize,variant=as_is",outsider,with_sources,960,logreg,refusal,"0.504 [0.467, 0.541]","0.508 [0.469, 0.544]",0.000,0.502
"acl_prefilter=False,ablate=score_quantize,variant=as_is",outsider,with_sources,960,logreg,content,"0.499 [0.462, 0.535]","0.492 [0.455, 0.532]",0.006,0.500
"acl_prefilter=False,ablate=score_quantize,variant=as_is",outsider,with_sources,960,logreg,combined,"0.868 [0.842, 0.890]","0.918 [0.884, 0.948]",0.296,0.789
"acl_prefilter=False,ablate=score_quantize,variant=as_is",outsider,with_sources,960,gboost,score,"0.871 [0.847, 0.891]","0.930 [0.899, 0.959]",0.346,0.791
"acl_prefilter=False,ablate=score_quantize,variant=as_is",outsider,with_sources,960,gboost,reranker,"0.500 [0.500, 0.500]","0.500 [0.500, 0.500]",0.000,0.500
"acl_prefilter=False,ablate=score_quantize,variant=as_is",outsider,with_sources,960,gboost,latency,"0.509 [0.473, 0.544]","0.511 [0.451, 0.574]",0.000,0.507
"acl_prefilter=False,ablate=score_quantize,variant=as_is",outsider,with_sources,960,gboost,refusal,"0.504 [0.471, 0.540]","0.508 [0.470, 0.544]",0.000,0.501
"acl_prefilter=False,ablate=score_quantize,variant=as_is",outsider,with_sources,960,gboost,content,"0.504 [0.467, 0.538]","0.508 [0.470, 0.547]",0.004,0.502
"acl_prefilter=False,ablate=score_quantize,variant=as_is",outsider,with_sources,960,gboost,combined,"0.872 [0.848, 0.892]","0.934 [0.903, 0.962]",0.360,0.786
"acl_prefilter=False,ablate=score_quantize,variant=as_is",outsider,with_reranker,960,threshold,rules,"0.670 [0.645, 0.696]","0.778 [0.722, 0.825]",0.000,0.524
"acl_prefilter=False,ablate=score_quantize,variant=as_is",outsider,with_reranker,960,logreg,score,"0.868 [0.842, 0.890]","0.918 [0.883, 0.948]",0.292,0.791
"acl_prefilter=False,ablate=score_quantize,variant=as_is",outsider,with_reranker,960,logreg,reranker,"0.908 [0.889, 0.927]","0.997 [0.993, 1.000]",0.242,0.841
"acl_prefilter=False,ablate=score_quantize,variant=as_is",outsider,with_reranker,960,logreg,latency,"0.507 [0.471, 0.542]","0.526 [0.466, 0.583]",0.000,0.502
"acl_prefilter=False,ablate=score_quantize,variant=as_is",outsider,with_reranker,960,logreg,refusal,"0.504 [0.467, 0.541]","0.508 [0.469, 0.544]",0.000,0.502
"acl_prefilter=False,ablate=score_quantize,variant=as_is",outsider,with_reranker,960,logreg,content,"0.499 [0.462, 0.535]","0.492 [0.455, 0.532]",0.006,0.500
"acl_prefilter=False,ablate=score_quantize,variant=as_is",outsider,with_reranker,960,logreg,combined,"0.934 [0.917, 0.950]","1.000 [0.998, 1.000]",0.400,0.882
"acl_prefilter=False,ablate=score_quantize,variant=as_is",outsider,with_reranker,960,gboost,score,"0.871 [0.847, 0.891]","0.930 [0.899, 0.959]",0.346,0.791
"acl_prefilter=False,ablate=score_quantize,variant=as_is",outsider,with_reranker,960,gboost,reranker,"0.991 [0.986, 0.995]","1.000 [1.000, 1.000]",0.887,0.959
"acl_prefilter=False,ablate=score_quantize,variant=as_is",outsider,with_reranker,960,gboost,latency,"0.509 [0.473, 0.544]","0.511 [0.451, 0.574]",0.000,0.507
"acl_prefilter=False,ablate=score_quantize,variant=as_is",outsider,with_reranker,960,gboost,refusal,"0.504 [0.471, 0.540]","0.508 [0.470, 0.544]",0.000,0.501
"acl_prefilter=False,ablate=score_quantize,variant=as_is",outsider,with_reranker,960,gboost,content,"0.504 [0.467, 0.538]","0.508 [0.470, 0.547]",0.004,0.502
"acl_prefilter=False,ablate=score_quantize,variant=as_is",outsider,with_reranker,960,gboost,combined,"0.992 [0.988, 0.996]","1.000 [1.000, 1.000]",0.912,0.959
"acl_prefilter=False,ablate=score_quantize,variant=as_is",all,text_only,1920,threshold,rules,"0.500 [0.493, 0.508]","0.500 [0.483, 0.516]",0.000,0.500
"acl_prefilter=False,ablate=score_quantize,variant=as_is",all,text_only,1920,logreg,score,"0.500 [0.500, 0.500]","0.500 [0.500, 0.500]",0.000,0.500
"acl_prefilter=False,ablate=score_quantize,variant=as_is",all,text_only,1920,logreg,reranker,"0.500 [0.500, 0.500]","0.500 [0.500, 0.500]",0.000,0.500
"acl_prefilter=False,ablate=score_quantize,variant=as_is",all,text_only,1920,logreg,latency,"0.507 [0.482, 0.533]","0.526 [0.485, 0.565]",0.000,0.509
"acl_prefilter=False,ablate=score_quantize,variant=as_is",all,text_only,1920,logreg,refusal,"0.503 [0.477, 0.525]","0.506 [0.482, 0.530]",0.000,0.502
"acl_prefilter=False,ablate=score_quantize,variant=as_is",all,text_only,1920,logreg,content,"0.500 [0.473, 0.523]","0.494 [0.470, 0.521]",0.005,0.500
"acl_prefilter=False,ablate=score_quantize,variant=as_is",all,text_only,1920,logreg,combined,"0.507 [0.481, 0.531]","0.525 [0.483, 0.565]",0.007,0.509
"acl_prefilter=False,ablate=score_quantize,variant=as_is",all,text_only,1920,gboost,score,"0.500 [0.500, 0.500]","0.500 [0.500, 0.500]",0.000,0.500
"acl_prefilter=False,ablate=score_quantize,variant=as_is",all,text_only,1920,gboost,reranker,"0.500 [0.500, 0.500]","0.500 [0.500, 0.500]",0.000,0.500
"acl_prefilter=False,ablate=score_quantize,variant=as_is",all,text_only,1920,gboost,latency,"0.511 [0.484, 0.535]","0.526 [0.488, 0.565]",0.000,0.507
"acl_prefilter=False,ablate=score_quantize,variant=as_is",all,text_only,1920,gboost,refusal,"0.503 [0.477, 0.526]","0.506 [0.481, 0.530]",0.000,0.502
"acl_prefilter=False,ablate=score_quantize,variant=as_is",all,text_only,1920,gboost,content,"0.503 [0.477, 0.525]","0.506 [0.481, 0.530]",0.000,0.501
"acl_prefilter=False,ablate=score_quantize,variant=as_is",all,text_only,1920,gboost,combined,"0.506 [0.479, 0.531]","0.528 [0.488, 0.569]",0.009,0.507
"acl_prefilter=False,ablate=score_quantize,variant=as_is",all,with_sources,1920,threshold,rules,"0.680 [0.662, 0.697]","0.795 [0.759, 0.827]",0.000,0.524
"acl_prefilter=False,ablate=score_quantize,variant=as_is",all,with_sources,1920,logreg,score,"0.867 [0.850, 0.882]","0.916 [0.892, 0.937]",0.294,0.792
"acl_prefilter=False,ablate=score_quantize,variant=as_is",all,with_sources,1920,logreg,reranker,"0.500 [0.500, 0.500]","0.500 [0.500, 0.500]",0.000,0.500
"acl_prefilter=False,ablate=score_quantize,variant=as_is",all,with_sources,1920,logreg,latency,"0.507 [0.482, 0.533]","0.526 [0.485, 0.565]",0.000,0.509
"acl_prefilter=False,ablate=score_quantize,variant=as_is",all,with_sources,1920,logreg,refusal,"0.503 [0.477, 0.525]","0.506 [0.482, 0.530]",0.000,0.502
"acl_prefilter=False,ablate=score_quantize,variant=as_is",all,with_sources,1920,logreg,content,"0.500 [0.473, 0.523]","0.494 [0.470, 0.521]",0.005,0.500
"acl_prefilter=False,ablate=score_quantize,variant=as_is",all,with_sources,1920,logreg,combined,"0.867 [0.850, 0.882]","0.916 [0.892, 0.937]",0.293,0.790
"acl_prefilter=False,ablate=score_quantize,variant=as_is",all,with_sources,1920,gboost,score,"0.872 [0.856, 0.886]","0.935 [0.914, 0.954]",0.396,0.796
"acl_prefilter=False,ablate=score_quantize,variant=as_is",all,with_sources,1920,gboost,reranker,"0.500 [0.500, 0.500]","0.500 [0.500, 0.500]",0.000,0.500
"acl_prefilter=False,ablate=score_quantize,variant=as_is",all,with_sources,1920,gboost,latency,"0.511 [0.484, 0.535]","0.526 [0.488, 0.565]",0.000,0.507
"acl_prefilter=False,ablate=score_quantize,variant=as_is",all,with_sources,1920,gboost,refusal,"0.503 [0.477, 0.526]","0.506 [0.481, 0.530]",0.000,0.502
"acl_prefilter=False,ablate=score_quantize,variant=as_is",all,with_sources,1920,gboost,content,"0.503 [0.477, 0.525]","0.506 [0.481, 0.530]",0.000,0.501
"acl_prefilter=False,ablate=score_quantize,variant=as_is",all,with_sources,1920,gboost,combined,"0.869 [0.853, 0.883]","0.931 [0.909, 0.950]",0.377,0.795
"acl_prefilter=False,ablate=score_quantize,variant=as_is",all,with_reranker,1920,threshold,rules,"0.680 [0.662, 0.697]","0.795 [0.759, 0.827]",0.000,0.524
"acl_prefilter=False,ablate=score_quantize,variant=as_is",all,with_reranker,1920,logreg,score,"0.867 [0.850, 0.882]","0.916 [0.892, 0.937]",0.294,0.792
"acl_prefilter=False,ablate=score_quantize,variant=as_is",all,with_reranker,1920,logreg,reranker,"0.908 [0.894, 0.922]","0.997 [0.995, 0.999]",0.242,0.846
"acl_prefilter=False,ablate=score_quantize,variant=as_is",all,with_reranker,1920,logreg,latency,"0.507 [0.482, 0.533]","0.526 [0.485, 0.565]",0.000,0.509
"acl_prefilter=False,ablate=score_quantize,variant=as_is",all,with_reranker,1920,logreg,refusal,"0.503 [0.477, 0.525]","0.506 [0.482, 0.530]",0.000,0.502
"acl_prefilter=False,ablate=score_quantize,variant=as_is",all,with_reranker,1920,logreg,content,"0.500 [0.473, 0.523]","0.494 [0.470, 0.521]",0.005,0.500
"acl_prefilter=False,ablate=score_quantize,variant=as_is",all,with_reranker,1920,logreg,combined,"0.933 [0.922, 0.944]","1.000 [0.999, 1.000]",0.402,0.882
"acl_prefilter=False,ablate=score_quantize,variant=as_is",all,with_reranker,1920,gboost,score,"0.872 [0.856, 0.886]","0.935 [0.914, 0.954]",0.396,0.796
"acl_prefilter=False,ablate=score_quantize,variant=as_is",all,with_reranker,1920,gboost,reranker,"0.992 [0.989, 0.994]","1.000 [1.000, 1.000]",0.886,0.961
"acl_prefilter=False,ablate=score_quantize,variant=as_is",all,with_reranker,1920,gboost,latency,"0.511 [0.484, 0.535]","0.526 [0.488, 0.565]",0.000,0.507
"acl_prefilter=False,ablate=score_quantize,variant=as_is",all,with_reranker,1920,gboost,refusal,"0.503 [0.477, 0.526]","0.506 [0.481, 0.530]",0.000,0.502
"acl_prefilter=False,ablate=score_quantize,variant=as_is",all,with_reranker,1920,gboost,content,"0.503 [0.477, 0.525]","0.506 [0.481, 0.530]",0.000,0.501
"acl_prefilter=False,ablate=score_quantize,variant=as_is",all,with_reranker,1920,gboost,combined,"0.993 [0.989, 0.995]","1.000 [1.000, 1.000]",0.902,0.961
"acl_prefilter=False,ablate=score_quantize,variant=fast_refusal",insider,text_only,960,threshold,rules,"0.500 [0.500, 0.500]","0.500 [0.500, 0.500]",0.000,0.500
"acl_prefilter=False,ablate=score_quantize,variant=fast_refusal",insider,text_only,960,logreg,score,"0.500 [0.500, 0.500]","0.500 [0.500, 0.500]",0.000,0.500
"acl_prefilter=False,ablate=score_quantize,variant=fast_refusal",insider,text_only,960,logreg,reranker,"0.500 [0.500, 0.500]","0.500 [0.500, 0.500]",0.000,0.500
"acl_prefilter=False,ablate=score_quantize,variant=fast_refusal",insider,text_only,960,logreg,latency,"0.531 [0.496, 0.567]","0.561 [0.499, 0.623]",0.000,0.521
"acl_prefilter=False,ablate=score_quantize,variant=fast_refusal",insider,text_only,960,logreg,refusal,"0.502 [0.473, 0.530]","0.504 [0.475, 0.536]",0.000,0.501
"acl_prefilter=False,ablate=score_quantize,variant=fast_refusal",insider,text_only,960,logreg,content,"0.502 [0.465, 0.537]","0.504 [0.475, 0.535]",0.000,0.501
"acl_prefilter=False,ablate=score_quantize,variant=fast_refusal",insider,text_only,960,logreg,combined,"0.528 [0.493, 0.564]","0.550 [0.487, 0.612]",0.000,0.520
"acl_prefilter=False,ablate=score_quantize,variant=fast_refusal",insider,text_only,960,gboost,score,"0.500 [0.500, 0.500]","0.500 [0.500, 0.500]",0.000,0.500
"acl_prefilter=False,ablate=score_quantize,variant=fast_refusal",insider,text_only,960,gboost,reranker,"0.500 [0.500, 0.500]","0.500 [0.500, 0.500]",0.000,0.500
"acl_prefilter=False,ablate=score_quantize,variant=fast_refusal",insider,text_only,960,gboost,latency,"0.531 [0.497, 0.567]","0.572 [0.511, 0.635]",0.000,0.521
"acl_prefilter=False,ablate=score_quantize,variant=fast_refusal",insider,text_only,960,gboost,refusal,"0.502 [0.473, 0.530]","0.504 [0.476, 0.536]",0.000,0.501
"acl_prefilter=False,ablate=score_quantize,variant=fast_refusal",insider,text_only,960,gboost,content,"0.502 [0.473, 0.529]","0.504 [0.475, 0.535]",0.000,0.501
"acl_prefilter=False,ablate=score_quantize,variant=fast_refusal",insider,text_only,960,gboost,combined,"0.526 [0.491, 0.562]","0.556 [0.494, 0.620]",0.000,0.518
"acl_prefilter=False,ablate=score_quantize,variant=fast_refusal",insider,with_sources,960,threshold,rules,"0.691 [0.669, 0.713]","0.813 [0.768, 0.853]",0.000,0.524
"acl_prefilter=False,ablate=score_quantize,variant=fast_refusal",insider,with_sources,960,logreg,score,"0.867 [0.841, 0.888]","0.915 [0.880, 0.945]",0.296,0.793
"acl_prefilter=False,ablate=score_quantize,variant=fast_refusal",insider,with_sources,960,logreg,reranker,"0.500 [0.500, 0.500]","0.500 [0.500, 0.500]",0.000,0.500
"acl_prefilter=False,ablate=score_quantize,variant=fast_refusal",insider,with_sources,960,logreg,latency,"0.531 [0.496, 0.567]","0.561 [0.499, 0.623]",0.000,0.521
"acl_prefilter=False,ablate=score_quantize,variant=fast_refusal",insider,with_sources,960,logreg,refusal,"0.502 [0.473, 0.530]","0.504 [0.475, 0.536]",0.000,0.501
"acl_prefilter=False,ablate=score_quantize,variant=fast_refusal",insider,with_sources,960,logreg,content,"0.502 [0.465, 0.537]","0.504 [0.475, 0.535]",0.000,0.501
"acl_prefilter=False,ablate=score_quantize,variant=fast_refusal",insider,with_sources,960,logreg,combined,"0.867 [0.841, 0.888]","0.918 [0.883, 0.948]",0.296,0.791
"acl_prefilter=False,ablate=score_quantize,variant=fast_refusal",insider,with_sources,960,gboost,score,"0.869 [0.844, 0.890]","0.933 [0.902, 0.961]",0.331,0.795
"acl_prefilter=False,ablate=score_quantize,variant=fast_refusal",insider,with_sources,960,gboost,reranker,"0.500 [0.500, 0.500]","0.500 [0.500, 0.500]",0.000,0.500
"acl_prefilter=False,ablate=score_quantize,variant=fast_refusal",insider,with_sources,960,gboost,latency,"0.531 [0.497, 0.567]","0.572 [0.511, 0.635]",0.000,0.521
"acl_prefilter=False,ablate=score_quantize,variant=fast_refusal",insider,with_sources,960,gboost,refusal,"0.502 [0.473, 0.530]","0.504 [0.476, 0.536]",0.000,0.501
"acl_prefilter=False,ablate=score_quantize,variant=fast_refusal",insider,with_sources,960,gboost,content,"0.502 [0.473, 0.529]","0.504 [0.475, 0.535]",0.000,0.501
"acl_prefilter=False,ablate=score_quantize,variant=fast_refusal",insider,with_sources,960,gboost,combined,"0.866 [0.841, 0.887]","0.935 [0.904, 0.961]",0.319,0.782
"acl_prefilter=False,ablate=score_quantize,variant=fast_refusal",insider,with_reranker,960,threshold,rules,"0.691 [0.669, 0.713]","0.813 [0.768, 0.853]",0.000,0.524
"acl_prefilter=False,ablate=score_quantize,variant=fast_refusal",insider,with_reranker,960,logreg,score,"0.867 [0.841, 0.888]","0.915 [0.880, 0.945]",0.296,0.793
"acl_prefilter=False,ablate=score_quantize,variant=fast_refusal",insider,with_reranker,960,logreg,reranker,"0.908 [0.888, 0.926]","0.997 [0.993, 1.000]",0.242,0.854
"acl_prefilter=False,ablate=score_quantize,variant=fast_refusal",insider,with_reranker,960,logreg,latency,"0.531 [0.496, 0.567]","0.561 [0.499, 0.623]",0.000,0.521
"acl_prefilter=False,ablate=score_quantize,variant=fast_refusal",insider,with_reranker,960,logreg,refusal,"0.502 [0.473, 0.530]","0.504 [0.475, 0.536]",0.000,0.501
"acl_prefilter=False,ablate=score_quantize,variant=fast_refusal",insider,with_reranker,960,logreg,content,"0.502 [0.465, 0.537]","0.504 [0.475, 0.535]",0.000,0.501
"acl_prefilter=False,ablate=score_quantize,variant=fast_refusal",insider,with_reranker,960,logreg,combined,"0.935 [0.918, 0.950]","0.996 [0.991, 0.999]",0.373,0.883
"acl_prefilter=False,ablate=score_quantize,variant=fast_refusal",insider,with_reranker,960,gboost,score,"0.869 [0.844, 0.890]","0.933 [0.902, 0.961]",0.331,0.795
"acl_prefilter=False,ablate=score_quantize,variant=fast_refusal",insider,with_reranker,960,gboost,reranker,"0.993 [0.990, 0.996]","1.000 [1.000, 1.000]",0.869,0.963
"acl_prefilter=False,ablate=score_quantize,variant=fast_refusal",insider,with_reranker,960,gboost,latency,"0.531 [0.497, 0.567]","0.572 [0.511, 0.635]",0.000,0.521
"acl_prefilter=False,ablate=score_quantize,variant=fast_refusal",insider,with_reranker,960,gboost,refusal,"0.502 [0.473, 0.530]","0.504 [0.476, 0.536]",0.000,0.501
"acl_prefilter=False,ablate=score_quantize,variant=fast_refusal",insider,with_reranker,960,gboost,content,"0.502 [0.473, 0.529]","0.504 [0.475, 0.535]",0.000,0.501
"acl_prefilter=False,ablate=score_quantize,variant=fast_refusal",insider,with_reranker,960,gboost,combined,"0.992 [0.987, 0.996]","1.000 [1.000, 1.000]",0.896,0.959
"acl_prefilter=False,ablate=score_quantize,variant=fast_refusal",outsider,text_only,960,threshold,rules,"0.499 [0.485, 0.511]","0.500 [0.469, 0.531]",0.000,0.499
"acl_prefilter=False,ablate=score_quantize,variant=fast_refusal",outsider,text_only,960,logreg,score,"0.500 [0.500, 0.500]","0.500 [0.500, 0.500]",0.000,0.500
"acl_prefilter=False,ablate=score_quantize,variant=fast_refusal",outsider,text_only,960,logreg,reranker,"0.500 [0.500, 0.500]","0.500 [0.500, 0.500]",0.000,0.500
"acl_prefilter=False,ablate=score_quantize,variant=fast_refusal",outsider,text_only,960,logreg,latency,"0.513 [0.477, 0.551]","0.519 [0.461, 0.577]",0.000,0.509
"acl_prefilter=False,ablate=score_quantize,variant=fast_refusal",outsider,text_only,960,logreg,refusal,"0.505 [0.470, 0.540]","0.508 [0.470, 0.546]",0.000,0.503
"acl_prefilter=False,ablate=score_quantize,variant=fast_refusal",outsider,text_only,960,logreg,content,"0.502 [0.466, 0.537]","0.508 [0.470, 0.544]",0.000,0.503
"acl_prefilter=False,ablate=score_quantize,variant=fast_refusal",outsider,text_only,960,logreg,combined,"0.513 [0.477, 0.551]","0.521 [0.462, 0.579]",0.006,0.509
"acl_prefilter=False,ablate=score_quantize,variant=fast_refusal",outsider,text_only,960,gboost,score,"0.500 [0.500, 0.500]","0.500 [0.500, 0.500]",0.000,0.500
"acl_prefilter=False,ablate=score_quantize,variant=fast_refusal",outsider,text_only,960,gboost,reranker,"0.500 [0.500, 0.500]","0.500 [0.500, 0.500]",0.000,0.500
"acl_prefilter=False,ablate=score_quantize,variant=fast_refusal",outsider,text_only,960,gboost,latency,"0.518 [0.485, 0.552]","0.550 [0.494, 0.602]",0.008,0.512
"acl_prefilter=False,ablate=score_quantize,variant=fast_refusal",outsider,text_only,960,gboost,refusal,"0.505 [0.472, 0.541]","0.509 [0.469, 0.546]",0.004,0.503
"acl_prefilter=False,ablate=score_quantize,variant=fast_refusal",outsider,text_only,960,gboost,content,"0.505 [0.471, 0.541]","0.509 [0.468, 0.550]",0.004,0.503
"acl_prefilter=False,ablate=score_quantize,variant=fast_refusal",outsider,text_only,960,gboost,combined,"0.515 [0.484, 0.549]","0.523 [0.466, 0.583]",0.010,0.511
"acl_prefilter=False,ablate=score_quantize,variant=fast_refusal",outsider,with_sources,960,threshold,rules,"0.671 [0.647, 0.696]","0.784 [0.729, 0.834]",0.000,0.524
"acl_prefilter=False,ablate=score_quantize,variant=fast_refusal",outsider,with_sources,960,logreg,score,"0.868 [0.842, 0.890]","0.918 [0.883, 0.948]",0.292,0.791
"acl_prefilter=False,ablate=score_quantize,variant=fast_refusal",outsider,with_sources,960,logreg,reranker,"0.500 [0.500, 0.500]","0.500 [0.500, 0.500]",0.000,0.500
"acl_prefilter=False,ablate=score_quantize,variant=fast_refusal",outsider,with_sources,960,logreg,latency,"0.513 [0.477, 0.551]","0.519 [0.461, 0.577]",0.000,0.509
"acl_prefilter=False,ablate=score_quantize,variant=fast_refusal",outsider,with_sources,960,logreg,refusal,"0.505 [0.470, 0.540]","0.508 [0.470, 0.546]",0.000,0.503
"acl_prefilter=False,ablate=score_quantize,variant=fast_refusal",outsider,with_sources,960,logreg,content,"0.502 [0.466, 0.537]","0.508 [0.470, 0.544]",0.000,0.503
"acl_prefilter=False,ablate=score_quantize,variant=fast_refusal",outsider,with_sources,960,logreg,combined,"0.871 [0.846, 0.893]","0.923 [0.890, 0.952]",0.296,0.795
"acl_prefilter=False,ablate=score_quantize,variant=fast_refusal",outsider,with_sources,960,gboost,score,"0.871 [0.847, 0.891]","0.930 [0.899, 0.959]",0.346,0.791
"acl_prefilter=False,ablate=score_quantize,variant=fast_refusal",outsider,with_sources,960,gboost,reranker,"0.500 [0.500, 0.500]","0.500 [0.500, 0.500]",0.000,0.500
"acl_prefilter=False,ablate=score_quantize,variant=fast_refusal",outsider,with_sources,960,gboost,latency,"0.518 [0.485, 0.552]","0.550 [0.494, 0.602]",0.008,0.512
"acl_prefilter=False,ablate=score_quantize,variant=fast_refusal",outsider,with_sources,960,gboost,refusal,"0.505 [0.472, 0.541]","0.509 [0.469, 0.546]",0.004,0.503
"acl_prefilter=False,ablate=score_quantize,variant=fast_refusal",outsider,with_sources,960,gboost,content,"0.505 [0.471, 0.541]","0.509 [0.468, 0.550]",0.004,0.503
"acl_prefilter=False,ablate=score_quantize,variant=fast_refusal",outsider,with_sources,960,gboost,combined,"0.871 [0.847, 0.891]","0.931 [0.900, 0.959]",0.352,0.794
"acl_prefilter=False,ablate=score_quantize,variant=fast_refusal",outsider,with_reranker,960,threshold,rules,"0.671 [0.647, 0.696]","0.784 [0.729, 0.834]",0.000,0.524
"acl_prefilter=False,ablate=score_quantize,variant=fast_refusal",outsider,with_reranker,960,logreg,score,"0.868 [0.842, 0.890]","0.918 [0.883, 0.948]",0.292,0.791
"acl_prefilter=False,ablate=score_quantize,variant=fast_refusal",outsider,with_reranker,960,logreg,reranker,"0.908 [0.889, 0.927]","0.997 [0.993, 1.000]",0.242,0.841
"acl_prefilter=False,ablate=score_quantize,variant=fast_refusal",outsider,with_reranker,960,logreg,latency,"0.513 [0.477, 0.551]","0.519 [0.461, 0.577]",0.000,0.509
"acl_prefilter=False,ablate=score_quantize,variant=fast_refusal",outsider,with_reranker,960,logreg,refusal,"0.505 [0.470, 0.540]","0.508 [0.470, 0.546]",0.000,0.503
"acl_prefilter=False,ablate=score_quantize,variant=fast_refusal",outsider,with_reranker,960,logreg,content,"0.502 [0.466, 0.537]","0.508 [0.470, 0.544]",0.000,0.503
"acl_prefilter=False,ablate=score_quantize,variant=fast_refusal",outsider,with_reranker,960,logreg,combined,"0.936 [0.919, 0.951]","0.999 [0.998, 1.000]",0.404,0.881
"acl_prefilter=False,ablate=score_quantize,variant=fast_refusal",outsider,with_reranker,960,gboost,score,"0.871 [0.847, 0.891]","0.930 [0.899, 0.959]",0.346,0.791
"acl_prefilter=False,ablate=score_quantize,variant=fast_refusal",outsider,with_reranker,960,gboost,reranker,"0.991 [0.986, 0.995]","1.000 [1.000, 1.000]",0.887,0.959
"acl_prefilter=False,ablate=score_quantize,variant=fast_refusal",outsider,with_reranker,960,gboost,latency,"0.518 [0.485, 0.552]","0.550 [0.494, 0.602]",0.008,0.512
"acl_prefilter=False,ablate=score_quantize,variant=fast_refusal",outsider,with_reranker,960,gboost,refusal,"0.505 [0.472, 0.541]","0.509 [0.469, 0.546]",0.004,0.503
"acl_prefilter=False,ablate=score_quantize,variant=fast_refusal",outsider,with_reranker,960,gboost,content,"0.505 [0.471, 0.541]","0.509 [0.468, 0.550]",0.004,0.503
"acl_prefilter=False,ablate=score_quantize,variant=fast_refusal",outsider,with_reranker,960,gboost,combined,"0.992 [0.987, 0.996]","1.000 [1.000, 1.000]",0.877,0.965
"acl_prefilter=False,ablate=score_quantize,variant=fast_refusal",all,text_only,1920,threshold,rules,"0.499 [0.493, 0.506]","0.500 [0.483, 0.516]",0.000,0.499
"acl_prefilter=False,ablate=score_quantize,variant=fast_refusal",all,text_only,1920,logreg,score,"0.500 [0.500, 0.500]","0.500 [0.500, 0.500]",0.000,0.500
"acl_prefilter=False,ablate=score_quantize,variant=fast_refusal",all,text_only,1920,logreg,reranker,"0.500 [0.500, 0.500]","0.500 [0.500, 0.500]",0.000,0.500
"acl_prefilter=False,ablate=score_quantize,variant=fast_refusal",all,text_only,1920,logreg,latency,"0.521 [0.495, 0.547]","0.542 [0.495, 0.584]",0.000,0.515
"acl_prefilter=False,ablate=score_quantize,variant=fast_refusal",all,text_only,1920,logreg,refusal,"0.504 [0.479, 0.527]","0.506 [0.482, 0.530]",0.000,0.502
"acl_prefilter=False,ablate=score_quantize,variant=fast_refusal",all,text_only,1920,logreg,content,"0.504 [0.476, 0.528]","0.506 [0.482, 0.530]",0.000,0.502
"acl_prefilter=False,ablate=score_quantize,variant=fast_refusal",all,text_only,1920,logreg,combined,"0.521 [0.495, 0.548]","0.547 [0.498, 0.587]",0.006,0.515
"acl_prefilter=False,ablate=score_quantize,variant=fast_refusal",all,text_only,1920,gboost,score,"0.500 [0.500, 0.500]","0.500 [0.500, 0.500]",0.000,0.500
"acl_prefilter=False,ablate=score_quantize,variant=fast_refusal",all,text_only,1920,gboost,reranker,"0.500 [0.500, 0.500]","0.500 [0.500, 0.500]",0.000,0.500
"acl_prefilter=False,ablate=score_quantize,variant=fast_refusal",all,text_only,1920,gboost,latency,"0.525 [0.499, 0.550]","0.558 [0.512, 0.600]",0.010,0.517
"acl_prefilter=False,ablate=score_quantize,variant=fast_refusal",all,text_only,1920,gboost,refusal,"0.504 [0.479, 0.526]","0.506 [0.481, 0.530]",0.000,0.502
"acl_prefilter=False,ablate=score_quantize,variant=fast_refusal",all,text_only,1920,gboost,content,"0.503 [0.477, 0.525]","0.506 [0.483, 0.529]",0.002,0.501
"acl_prefilter=False,ablate=score_quantize,variant=fast_refusal",all,text_only,1920,gboost,combined,"0.518 [0.492, 0.543]","0.530 [0.482, 0.573]",0.008,0.514
"acl_prefilter=False,ablate=score_quantize,variant=fast_refusal",all,with_sources,1920,threshold,rules,"0.681 [0.663, 0.698]","0.798 [0.763, 0.830]",0.000,0.524
"acl_prefilter=False,ablate=score_quantize,variant=fast_refusal",all,with_sources,1920,logreg,score,"0.867 [0.850, 0.882]","0.916 [0.892, 0.937]",0.294,0.792
"acl_prefilter=False,ablate=score_quantize,variant=fast_refusal",all,with_sources,1920,logreg,reranker,"0.500 [0.500, 0.500]","0.500 [0.500, 0.500]",0.000,0.500
"acl_prefilter=False,ablate=score_quantize,variant=fast_refusal",all,with_sources,1920,logreg,latency,"0.521 [0.495, 0.547]","0.542 [0.495, 0.584]",0.000,0.515
"acl_prefilter=False,ablate=score_quantize,variant=fast_refusal",all,with_sources,1920,logreg,refusal,"0.504 [0.479, 0.527]","0.506 [0.482, 0.530]",0.000,0.502
"acl_prefilter=False,ablate=score_quantize,variant=fast_refusal",all,with_sources,1920,logreg,content,"0.504 [0.476, 0.528]","0.506 [0.482, 0.530]",0.000,0.502
"acl_prefilter=False,ablate=score_quantize,variant=fast_refusal",all,with_sources,1920,logreg,combined,"0.869 [0.852, 0.883]","0.920 [0.897, 0.941]",0.296,0.790
"acl_prefilter=False,ablate=score_quantize,variant=fast_refusal",all,with_sources,1920,gboost,score,"0.872 [0.857, 0.886]","0.933 [0.911, 0.953]",0.382,0.793
"acl_prefilter=False,ablate=score_quantize,variant=fast_refusal",all,with_sources,1920,gboost,reranker,"0.500 [0.500, 0.500]","0.500 [0.500, 0.500]",0.000,0.500
"acl_prefilter=False,ablate=score_quantize,variant=fast_refusal",all,with_sources,1920,gboost,latency,"0.525 [0.499, 0.550]","0.558 [0.512, 0.600]",0.010,0.517
"acl_prefilter=False,ablate=score_quantize,variant=fast_refusal",all,with_sources,1920,gboost,refusal,"0.504 [0.479, 0.526]","0.506 [0.481, 0.530]",0.000,0.502
"acl_prefilter=False,ablate=score_quantize,variant=fast_refusal",all,with_sources,1920,gboost,content,"0.503 [0.477, 0.525]","0.506 [0.483, 0.529]",0.002,0.501
"acl_prefilter=False,ablate=score_quantize,variant=fast_refusal",all,with_sources,1920,gboost,combined,"0.869 [0.853, 0.883]","0.930 [0.909, 0.951]",0.354,0.787
"acl_prefilter=False,ablate=score_quantize,variant=fast_refusal",all,with_reranker,1920,threshold,rules,"0.681 [0.663, 0.698]","0.798 [0.763, 0.830]",0.000,0.524
"acl_prefilter=False,ablate=score_quantize,variant=fast_refusal",all,with_reranker,1920,logreg,score,"0.867 [0.850, 0.882]","0.916 [0.892, 0.937]",0.294,0.792
"acl_prefilter=False,ablate=score_quantize,variant=fast_refusal",all,with_reranker,1920,logreg,reranker,"0.908 [0.894, 0.922]","0.997 [0.995, 0.999]",0.242,0.846
"acl_prefilter=False,ablate=score_quantize,variant=fast_refusal",all,with_reranker,1920,logreg,latency,"0.521 [0.495, 0.547]","0.542 [0.495, 0.584]",0.000,0.515
"acl_prefilter=False,ablate=score_quantize,variant=fast_refusal",all,with_reranker,1920,logreg,refusal,"0.504 [0.479, 0.527]","0.506 [0.482, 0.530]",0.000,0.502
"acl_prefilter=False,ablate=score_quantize,variant=fast_refusal",all,with_reranker,1920,logreg,content,"0.504 [0.476, 0.528]","0.506 [0.482, 0.530]",0.000,0.502
"acl_prefilter=False,ablate=score_quantize,variant=fast_refusal",all,with_reranker,1920,logreg,combined,"0.936 [0.924, 0.946]","0.998 [0.996, 1.000]",0.412,0.882
"acl_prefilter=False,ablate=score_quantize,variant=fast_refusal",all,with_reranker,1920,gboost,score,"0.872 [0.857, 0.886]","0.933 [0.911, 0.953]",0.382,0.793
"acl_prefilter=False,ablate=score_quantize,variant=fast_refusal",all,with_reranker,1920,gboost,reranker,"0.992 [0.989, 0.994]","1.000 [1.000, 1.000]",0.886,0.961
"acl_prefilter=False,ablate=score_quantize,variant=fast_refusal",all,with_reranker,1920,gboost,latency,"0.525 [0.499, 0.550]","0.558 [0.512, 0.600]",0.010,0.517
"acl_prefilter=False,ablate=score_quantize,variant=fast_refusal",all,with_reranker,1920,gboost,refusal,"0.504 [0.479, 0.526]","0.506 [0.481, 0.530]",0.000,0.502
"acl_prefilter=False,ablate=score_quantize,variant=fast_refusal",all,with_reranker,1920,gboost,content,"0.503 [0.477, 0.525]","0.506 [0.483, 0.529]",0.002,0.501
"acl_prefilter=False,ablate=score_quantize,variant=fast_refusal",all,with_reranker,1920,gboost,combined,"0.993 [0.990, 0.995]","1.000 [1.000, 1.000]",0.898,0.962
"acl_prefilter=False,ablate=score_quantize,variant=pad30",insider,text_only,960,threshold,rules,"0.500 [0.500, 0.500]","0.500 [0.500, 0.500]",0.000,0.500
"acl_prefilter=False,ablate=score_quantize,variant=pad30",insider,text_only,960,logreg,score,"0.500 [0.500, 0.500]","0.500 [0.500, 0.500]",0.000,0.500
"acl_prefilter=False,ablate=score_quantize,variant=pad30",insider,text_only,960,logreg,reranker,"0.500 [0.500, 0.500]","0.500 [0.500, 0.500]",0.000,0.500
"acl_prefilter=False,ablate=score_quantize,variant=pad30",insider,text_only,960,logreg,latency,"0.519 [0.485, 0.556]","0.554 [0.484, 0.624]",0.004,0.511
"acl_prefilter=False,ablate=score_quantize,variant=pad30",insider,text_only,960,logreg,refusal,"0.502 [0.473, 0.530]","0.504 [0.475, 0.536]",0.000,0.501
"acl_prefilter=False,ablate=score_quantize,variant=pad30",insider,text_only,960,logreg,content,"0.502 [0.465, 0.537]","0.504 [0.475, 0.535]",0.000,0.501
"acl_prefilter=False,ablate=score_quantize,variant=pad30",insider,text_only,960,logreg,combined,"0.519 [0.485, 0.555]","0.531 [0.461, 0.598]",0.002,0.515
"acl_prefilter=False,ablate=score_quantize,variant=pad30",insider,text_only,960,gboost,score,"0.500 [0.500, 0.500]","0.500 [0.500, 0.500]",0.000,0.500
"acl_prefilter=False,ablate=score_quantize,variant=pad30",insider,text_only,960,gboost,reranker,"0.500 [0.500, 0.500]","0.500 [0.500, 0.500]",0.000,0.500
"acl_prefilter=False,ablate=score_quantize,variant=pad30",insider,text_only,960,gboost,latency,"0.495 [0.458, 0.530]","0.495 [0.423, 0.567]",0.000,0.495
"acl_prefilter=False,ablate=score_quantize,variant=pad30",insider,text_only,960,gboost,refusal,"0.502 [0.473, 0.530]","0.504 [0.476, 0.536]",0.000,0.501
"acl_prefilter=False,ablate=score_quantize,variant=pad30",insider,text_only,960,gboost,content,"0.502 [0.473, 0.529]","0.504 [0.475, 0.535]",0.000,0.501
"acl_prefilter=False,ablate=score_quantize,variant=pad30",insider,text_only,960,gboost,combined,"0.494 [0.458, 0.531]","0.503 [0.429, 0.576]",0.002,0.504
"acl_prefilter=False,ablate=score_quantize,variant=pad30",insider,with_sources,960,threshold,rules,"0.691 [0.669, 0.713]","0.813 [0.768, 0.853]",0.000,0.524
"acl_prefilter=False,ablate=score_quantize,variant=pad30",insider,with_sources,960,logreg,score,"0.867 [0.841, 0.888]","0.915 [0.880, 0.945]",0.296,0.793
"acl_prefilter=False,ablate=score_quantize,variant=pad30",insider,with_sources,960,logreg,reranker,"0.500 [0.500, 0.500]","0.500 [0.500, 0.500]",0.000,0.500
"acl_prefilter=False,ablate=score_quantize,variant=pad30",insider,with_sources,960,logreg,latency,"0.519 [0.485, 0.556]","0.554 [0.484, 0.624]",0.004,0.511
"acl_prefilter=False,ablate=score_quantize,variant=pad30",insider,with_sources,960,logreg,refusal,"0.502 [0.473, 0.530]","0.504 [0.475, 0.536]",0.000,0.501
"acl_prefilter=False,ablate=score_quantize,variant=pad30",insider,with_sources,960,logreg,content,"0.502 [0.465, 0.537]","0.504 [0.475, 0.535]",0.000,0.501
"acl_prefilter=False,ablate=score_quantize,variant=pad30",insider,with_sources,960,logreg,combined,"0.867 [0.842, 0.889]","0.916 [0.880, 0.946]",0.302,0.794
"acl_prefilter=False,ablate=score_quantize,variant=pad30",insider,with_sources,960,gboost,score,"0.869 [0.844, 0.890]","0.933 [0.902, 0.961]",0.331,0.795
"acl_prefilter=False,ablate=score_quantize,variant=pad30",insider,with_sources,960,gboost,reranker,"0.500 [0.500, 0.500]","0.500 [0.500, 0.500]",0.000,0.500
"acl_prefilter=False,ablate=score_quantize,variant=pad30",insider,with_sources,960,gboost,latency,"0.495 [0.458, 0.530]","0.495 [0.423, 0.567]",0.000,0.495
"acl_prefilter=False,ablate=score_quantize,variant=pad30",insider,with_sources,960,gboost,refusal,"0.502 [0.473, 0.530]","0.504 [0.476, 0.536]",0.000,0.501
"acl_prefilter=False,ablate=score_quantize,variant=pad30",insider,with_sources,960,gboost,content,"0.502 [0.473, 0.529]","0.504 [0.475, 0.535]",0.000,0.501
"acl_prefilter=False,ablate=score_quantize,variant=pad30",insider,with_sources,960,gboost,combined,"0.867 [0.842, 0.888]","0.926 [0.893, 0.956]",0.335,0.786
"acl_prefilter=False,ablate=score_quantize,variant=pad30",insider,with_reranker,960,threshold,rules,"0.691 [0.669, 0.713]","0.813 [0.768, 0.853]",0.000,0.524
"acl_prefilter=False,ablate=score_quantize,variant=pad30",insider,with_reranker,960,logreg,score,"0.867 [0.841, 0.888]","0.915 [0.880, 0.945]",0.296,0.793
"acl_prefilter=False,ablate=score_quantize,variant=pad30",insider,with_reranker,960,logreg,reranker,"0.908 [0.888, 0.926]","0.997 [0.993, 1.000]",0.242,0.854
"acl_prefilter=False,ablate=score_quantize,variant=pad30",insider,with_reranker,960,logreg,latency,"0.519 [0.485, 0.556]","0.554 [0.484, 0.624]",0.004,0.511
"acl_prefilter=False,ablate=score_quantize,variant=pad30",insider,with_reranker,960,logreg,refusal,"0.502 [0.473, 0.530]","0.504 [0.475, 0.536]",0.000,0.501
"acl_prefilter=False,ablate=score_quantize,variant=pad30",insider,with_reranker,960,logreg,content,"0.502 [0.465, 0.537]","0.504 [0.475, 0.535]",0.000,0.501
"acl_prefilter=False,ablate=score_quantize,variant=pad30",insider,with_reranker,960,logreg,combined,"0.933 [0.916, 0.949]","1.000 [0.998, 1.000]",0.394,0.878
"acl_prefilter=False,ablate=score_quantize,variant=pad30",insider,with_reranker,960,gboost,score,"0.869 [0.844, 0.890]","0.933 [0.902, 0.961]",0.331,0.795
"acl_prefilter=False,ablate=score_quantize,variant=pad30",insider,with_reranker,960,gboost,reranker,"0.993 [0.990, 0.996]","1.000 [1.000, 1.000]",0.869,0.963
"acl_prefilter=False,ablate=score_quantize,variant=pad30",insider,with_reranker,960,gboost,latency,"0.495 [0.458, 0.530]","0.495 [0.423, 0.567]",0.000,0.495
"acl_prefilter=False,ablate=score_quantize,variant=pad30",insider,with_reranker,960,gboost,refusal,"0.502 [0.473, 0.530]","0.504 [0.476, 0.536]",0.000,0.501
"acl_prefilter=False,ablate=score_quantize,variant=pad30",insider,with_reranker,960,gboost,content,"0.502 [0.473, 0.529]","0.504 [0.475, 0.535]",0.000,0.501
"acl_prefilter=False,ablate=score_quantize,variant=pad30",insider,with_reranker,960,gboost,combined,"0.993 [0.988, 0.996]","1.000 [1.000, 1.000]",0.890,0.961
"acl_prefilter=False,ablate=score_quantize,variant=pad30",outsider,text_only,960,threshold,rules,"0.500 [0.485, 0.513]","0.500 [0.469, 0.531]",0.000,0.500
"acl_prefilter=False,ablate=score_quantize,variant=pad30",outsider,text_only,960,logreg,score,"0.500 [0.500, 0.500]","0.500 [0.500, 0.500]",0.000,0.500
"acl_prefilter=False,ablate=score_quantize,variant=pad30",outsider,text_only,960,logreg,reranker,"0.500 [0.500, 0.500]","0.500 [0.500, 0.500]",0.000,0.500
"acl_prefilter=False,ablate=score_quantize,variant=pad30",outsider,text_only,960,logreg,latency,"0.511 [0.473, 0.550]","0.531 [0.459, 0.604]",0.013,0.511
"acl_prefilter=False,ablate=score_quantize,variant=pad30",outsider,text_only,960,logreg,refusal,"0.504 [0.467, 0.541]","0.508 [0.469, 0.544]",0.000,0.502
"acl_prefilter=False,ablate=score_quantize,variant=pad30",outsider,text_only,960,logreg,content,"0.499 [0.462, 0.535]","0.492 [0.455, 0.532]",0.006,0.500
"acl_prefilter=False,ablate=score_quantize,variant=pad30",outsider,text_only,960,logreg,combined,"0.514 [0.478, 0.552]","0.535 [0.464, 0.606]",0.002,0.520
"acl_prefilter=False,ablate=score_quantize,variant=pad30",outsider,text_only,960,gboost,score,"0.500 [0.500, 0.500]","0.500 [0.500, 0.500]",0.000,0.500
"acl_prefilter=False,ablate=score_quantize,variant=pad30",outsider,text_only,960,gboost,reranker,"0.500 [0.500, 0.500]","0.500 [0.500, 0.500]",0.000,0.500
"acl_prefilter=False,ablate=score_quantize,variant=pad30",outsider,text_only,960,gboost,latency,"0.518 [0.478, 0.552]","0.535 [0.462, 0.609]",0.010,0.516
"acl_prefilter=False,ablate=score_quantize,variant=pad30",outsider,text_only,960,gboost,refusal,"0.504 [0.471, 0.540]","0.508 [0.470, 0.544]",0.000,0.501
"acl_prefilter=False,ablate=score_quantize,variant=pad30",outsider,text_only,960,gboost,content,"0.504 [0.467, 0.538]","0.508 [0.470, 0.547]",0.004,0.502
"acl_prefilter=False,ablate=score_quantize,variant=pad30",outsider,text_only,960,gboost,combined,"0.514 [0.476, 0.549]","0.528 [0.462, 0.600]",0.006,0.504
"acl_prefilter=False,ablate=score_quantize,variant=pad30",outsider,with_sources,960,threshold,rules,"0.670 [0.645, 0.696]","0.778 [0.722, 0.825]",0.000,0.524
"acl_prefilter=False,ablate=score_quantize,variant=pad30",outsider,with_sources,960,logreg,score,"0.868 [0.842, 0.890]","0.918 [0.883, 0.948]",0.292,0.791
"acl_prefilter=False,ablate=score_quantize,variant=pad30",outsider,with_sources,960,logreg,reranker,"0.500 [0.500, 0.500]","0.500 [0.500, 0.500]",0.000,0.500
"acl_prefilter=False,ablate=score_quantize,variant=pad30",outsider,with_sources,960,logreg,latency,"0.511 [0.473, 0.550]","0.531 [0.459, 0.604]",0.013,0.511
"acl_prefilter=False,ablate=score_quantize,variant=pad30",outsider,with_sources,960,logreg,refusal,"0.504 [0.467, 0.541]","0.508 [0.469, 0.544]",0.000,0.502
"acl_prefilter=False,ablate=score_quantize,variant=pad30",outsider,with_sources,960,logreg,content,"0.499 [0.462, 0.535]","0.492 [0.455, 0.532]",0.006,0.500
"acl_prefilter=False,ablate=score_quantize,variant=pad30",outsider,with_sources,960,logreg,combined,"0.868 [0.843, 0.890]","0.918 [0.884, 0.949]",0.294,0.790
"acl_prefilter=False,ablate=score_quantize,variant=pad30",outsider,with_sources,960,gboost,score,"0.871 [0.847, 0.891]","0.930 [0.899, 0.959]",0.346,0.791
"acl_prefilter=False,ablate=score_quantize,variant=pad30",outsider,with_sources,960,gboost,reranker,"0.500 [0.500, 0.500]","0.500 [0.500, 0.500]",0.000,0.500
"acl_prefilter=False,ablate=score_quantize,variant=pad30",outsider,with_sources,960,gboost,latency,"0.518 [0.478, 0.552]","0.535 [0.462, 0.609]",0.010,0.516
"acl_prefilter=False,ablate=score_quantize,variant=pad30",outsider,with_sources,960,gboost,refusal,"0.504 [0.471, 0.540]","0.508 [0.470, 0.544]",0.000,0.501
"acl_prefilter=False,ablate=score_quantize,variant=pad30",outsider,with_sources,960,gboost,content,"0.504 [0.467, 0.538]","0.508 [0.470, 0.547]",0.004,0.502
"acl_prefilter=False,ablate=score_quantize,variant=pad30",outsider,with_sources,960,gboost,combined,"0.865 [0.841, 0.887]","0.926 [0.894, 0.956]",0.350,0.774
"acl_prefilter=False,ablate=score_quantize,variant=pad30",outsider,with_reranker,960,threshold,rules,"0.670 [0.645, 0.696]","0.778 [0.722, 0.825]",0.000,0.524
"acl_prefilter=False,ablate=score_quantize,variant=pad30",outsider,with_reranker,960,logreg,score,"0.868 [0.842, 0.890]","0.918 [0.883, 0.948]",0.292,0.791
"acl_prefilter=False,ablate=score_quantize,variant=pad30",outsider,with_reranker,960,logreg,reranker,"0.908 [0.889, 0.927]","0.997 [0.993, 1.000]",0.242,0.841
"acl_prefilter=False,ablate=score_quantize,variant=pad30",outsider,with_reranker,960,logreg,latency,"0.511 [0.473, 0.550]","0.531 [0.459, 0.604]",0.013,0.511
"acl_prefilter=False,ablate=score_quantize,variant=pad30",outsider,with_reranker,960,logreg,refusal,"0.504 [0.467, 0.541]","0.508 [0.469, 0.544]",0.000,0.502
"acl_prefilter=False,ablate=score_quantize,variant=pad30",outsider,with_reranker,960,logreg,content,"0.499 [0.462, 0.535]","0.492 [0.455, 0.532]",0.006,0.500
"acl_prefilter=False,ablate=score_quantize,variant=pad30",outsider,with_reranker,960,logreg,combined,"0.934 [0.917, 0.950]","1.000 [0.999, 1.000]",0.383,0.877
"acl_prefilter=False,ablate=score_quantize,variant=pad30",outsider,with_reranker,960,gboost,score,"0.871 [0.847, 0.891]","0.930 [0.899, 0.959]",0.346,0.791
"acl_prefilter=False,ablate=score_quantize,variant=pad30",outsider,with_reranker,960,gboost,reranker,"0.991 [0.986, 0.995]","1.000 [1.000, 1.000]",0.887,0.959
"acl_prefilter=False,ablate=score_quantize,variant=pad30",outsider,with_reranker,960,gboost,latency,"0.518 [0.478, 0.552]","0.535 [0.462, 0.609]",0.010,0.516
"acl_prefilter=False,ablate=score_quantize,variant=pad30",outsider,with_reranker,960,gboost,refusal,"0.504 [0.471, 0.540]","0.508 [0.470, 0.544]",0.000,0.501
"acl_prefilter=False,ablate=score_quantize,variant=pad30",outsider,with_reranker,960,gboost,content,"0.504 [0.467, 0.538]","0.508 [0.470, 0.547]",0.004,0.502
"acl_prefilter=False,ablate=score_quantize,variant=pad30",outsider,with_reranker,960,gboost,combined,"0.992 [0.987, 0.996]","1.000 [1.000, 1.000]",0.910,0.959
"acl_prefilter=False,ablate=score_quantize,variant=pad30",all,text_only,1920,threshold,rules,"0.500 [0.493, 0.508]","0.500 [0.483, 0.516]",0.000,0.500
"acl_prefilter=False,ablate=score_quantize,variant=pad30",all,text_only,1920,logreg,score,"0.500 [0.500, 0.500]","0.500 [0.500, 0.500]",0.000,0.500
"acl_prefilter=False,ablate=score_quantize,variant=pad30",all,text_only,1920,logreg,reranker,"0.500 [0.500, 0.500]","0.500 [0.500, 0.500]",0.000,0.500
"acl_prefilter=False,ablate=score_quantize,variant=pad30",all,text_only,1920,logreg,latency,"0.501 [0.474, 0.525]","0.504 [0.455, 0.555]",0.013,0.508
"acl_prefilter=False,ablate=score_quantize,variant=pad30",all,text_only,1920,logreg,refusal,"0.503 [0.477, 0.525]","0.506 [0.482, 0.530]",0.000,0.502
"acl_prefilter=False,ablate=score_quantize,variant=pad30",all,text_only,1920,logreg,content,"0.500 [0.473, 0.523]","0.494 [0.470, 0.521]",0.005,0.500
"acl_prefilter=False,ablate=score_quantize,variant=pad30",all,text_only,1920,logreg,combined,"0.506 [0.481, 0.531]","0.507 [0.459, 0.558]",0.010,0.497
"acl_prefilter=False,ablate=score_quantize,variant=pad30",all,text_only,1920,gboost,score,"0.500 [0.500, 0.500]","0.500 [0.500, 0.500]",0.000,0.500
"acl_prefilter=False,ablate=score_quantize,variant=pad30",all,text_only,1920,gboost,reranker,"0.500 [0.500, 0.500]","0.500 [0.500, 0.500]",0.000,0.500
"acl_prefilter=False,ablate=score_quantize,variant=pad30",all,text_only,1920,gboost,latency,"0.513 [0.488, 0.539]","0.519 [0.468, 0.572]",0.009,0.507
"acl_prefilter=False,ablate=score_quantize,variant=pad30",all,text_only,1920,gboost,refusal,"0.503 [0.477, 0.526]","0.506 [0.481, 0.530]",0.000,0.502
"acl_prefilter=False,ablate=score_quantize,variant=pad30",all,text_only,1920,gboost,content,"0.503 [0.477, 0.525]","0.506 [0.481, 0.530]",0.000,0.501
"acl_prefilter=False,ablate=score_quantize,variant=pad30",all,text_only,1920,gboost,combined,"0.518 [0.493, 0.545]","0.530 [0.479, 0.585]",0.007,0.507
"acl_prefilter=False,ablate=score_quantize,variant=pad30",all,with_sources,1920,threshold,rules,"0.680 [0.662, 0.697]","0.795 [0.759, 0.827]",0.000,0.524
"acl_prefilter=False,ablate=score_quantize,variant=pad30",all,with_sources,1920,logreg,score,"0.867 [0.850, 0.882]","0.916 [0.892, 0.937]",0.294,0.792
"acl_prefilter=False,ablate=score_quantize,variant=pad30",all,with_sources,1920,logreg,reranker,"0.500 [0.500, 0.500]","0.500 [0.500, 0.500]",0.000,0.500
"acl_prefilter=False,ablate=score_quantize,variant=pad30",all,with_sources,1920,logreg,latency,"0.501 [0.474, 0.525]","0.504 [0.455, 0.555]",0.013,0.508
"acl_prefilter=False,ablate=score_quantize,variant=pad30",all,with_sources,1920,logreg,refusal,"0.503 [0.477, 0.525]","0.506 [0.482, 0.530]",0.000,0.502
"acl_prefilter=False,ablate=score_quantize,variant=pad30",all,with_sources,1920,logreg,content,"0.500 [0.473, 0.523]","0.494 [0.470, 0.521]",0.005,0.500
"acl_prefilter=False,ablate=score_quantize,variant=pad30",all,with_sources,1920,logreg,combined,"0.868 [0.851, 0.883]","0.917 [0.893, 0.938]",0.295,0.792
"acl_prefilter=False,ablate=score_quantize,variant=pad30",all,with_sources,1920,gboost,score,"0.872 [0.857, 0.886]","0.933 [0.911, 0.953]",0.382,0.793
"acl_prefilter=False,ablate=score_quantize,variant=pad30",all,with_sources,1920,gboost,reranker,"0.500 [0.500, 0.500]","0.500 [0.500, 0.500]",0.000,0.500
"acl_prefilter=False,ablate=score_quantize,variant=pad30",all,with_sources,1920,gboost,latency,"0.513 [0.488, 0.539]","0.519 [0.468, 0.572]",0.009,0.507
"acl_prefilter=False,ablate=score_quantize,variant=pad30",all,with_sources,1920,gboost,refusal,"0.503 [0.477, 0.526]","0.506 [0.481, 0.530]",0.000,0.502
"acl_prefilter=False,ablate=score_quantize,variant=pad30",all,with_sources,1920,gboost,content,"0.503 [0.477, 0.525]","0.506 [0.481, 0.530]",0.000,0.501
"acl_prefilter=False,ablate=score_quantize,variant=pad30",all,with_sources,1920,gboost,combined,"0.872 [0.856, 0.887]","0.929 [0.906, 0.949]",0.361,0.786
"acl_prefilter=False,ablate=score_quantize,variant=pad30",all,with_reranker,1920,threshold,rules,"0.680 [0.662, 0.697]","0.795 [0.759, 0.827]",0.000,0.524
"acl_prefilter=False,ablate=score_quantize,variant=pad30",all,with_reranker,1920,logreg,score,"0.867 [0.850, 0.882]","0.916 [0.892, 0.937]",0.294,0.792
"acl_prefilter=False,ablate=score_quantize,variant=pad30",all,with_reranker,1920,logreg,reranker,"0.908 [0.894, 0.922]","0.997 [0.995, 0.999]",0.242,0.846
"acl_prefilter=False,ablate=score_quantize,variant=pad30",all,with_reranker,1920,logreg,latency,"0.501 [0.474, 0.525]","0.504 [0.455, 0.555]",0.013,0.508
"acl_prefilter=False,ablate=score_quantize,variant=pad30",all,with_reranker,1920,logreg,refusal,"0.503 [0.477, 0.525]","0.506 [0.482, 0.530]",0.000,0.502
"acl_prefilter=False,ablate=score_quantize,variant=pad30",all,with_reranker,1920,logreg,content,"0.500 [0.473, 0.523]","0.494 [0.470, 0.521]",0.005,0.500
"acl_prefilter=False,ablate=score_quantize,variant=pad30",all,with_reranker,1920,logreg,combined,"0.934 [0.923, 0.944]","1.000 [0.999, 1.000]",0.404,0.881
"acl_prefilter=False,ablate=score_quantize,variant=pad30",all,with_reranker,1920,gboost,score,"0.872 [0.857, 0.886]","0.933 [0.911, 0.953]",0.382,0.793
"acl_prefilter=False,ablate=score_quantize,variant=pad30",all,with_reranker,1920,gboost,reranker,"0.992 [0.989, 0.994]","1.000 [1.000, 1.000]",0.886,0.961
"acl_prefilter=False,ablate=score_quantize,variant=pad30",all,with_reranker,1920,gboost,latency,"0.513 [0.488, 0.539]","0.519 [0.468, 0.572]",0.009,0.507
"acl_prefilter=False,ablate=score_quantize,variant=pad30",all,with_reranker,1920,gboost,refusal,"0.503 [0.477, 0.526]","0.506 [0.481, 0.530]",0.000,0.502
"acl_prefilter=False,ablate=score_quantize,variant=pad30",all,with_reranker,1920,gboost,content,"0.503 [0.477, 0.525]","0.506 [0.481, 0.530]",0.000,0.501
"acl_prefilter=False,ablate=score_quantize,variant=pad30",all,with_reranker,1920,gboost,combined,"0.992 [0.989, 0.995]","1.000 [1.000, 1.000]",0.898,0.961
"acl_prefilter=False,ablate=score_quantize,variant=deadline2s",insider,text_only,960,threshold,rules,"0.500 [0.500, 0.500]","0.500 [0.500, 0.500]",0.000,0.500
"acl_prefilter=False,ablate=score_quantize,variant=deadline2s",insider,text_only,960,logreg,score,"0.500 [0.500, 0.500]","0.500 [0.500, 0.500]",0.000,0.500
"acl_prefilter=False,ablate=score_quantize,variant=deadline2s",insider,text_only,960,logreg,reranker,"0.500 [0.500, 0.500]","0.500 [0.500, 0.500]",0.000,0.500
"acl_prefilter=False,ablate=score_quantize,variant=deadline2s",insider,text_only,960,logreg,latency,"0.500 [0.500, 0.500]","0.500 [0.500, 0.500]",0.000,0.500
"acl_prefilter=False,ablate=score_quantize,variant=deadline2s",insider,text_only,960,logreg,refusal,"0.502 [0.473, 0.530]","0.504 [0.475, 0.536]",0.000,0.501
"acl_prefilter=False,ablate=score_quantize,variant=deadline2s",insider,text_only,960,logreg,content,"0.502 [0.465, 0.537]","0.504 [0.475, 0.535]",0.000,0.501
"acl_prefilter=False,ablate=score_quantize,variant=deadline2s",insider,text_only,960,logreg,combined,"0.502 [0.473, 0.530]","0.504 [0.475, 0.535]",0.000,0.501
"acl_prefilter=False,ablate=score_quantize,variant=deadline2s",insider,text_only,960,gboost,score,"0.500 [0.500, 0.500]","0.500 [0.500, 0.500]",0.000,0.500
"acl_prefilter=False,ablate=score_quantize,variant=deadline2s",insider,text_only,960,gboost,reranker,"0.500 [0.500, 0.500]","0.500 [0.500, 0.500]",0.000,0.500
"acl_prefilter=False,ablate=score_quantize,variant=deadline2s",insider,text_only,960,gboost,latency,"0.500 [0.500, 0.500]","0.500 [0.500, 0.500]",0.000,0.500
"acl_prefilter=False,ablate=score_quantize,variant=deadline2s",insider,text_only,960,gboost,refusal,"0.502 [0.473, 0.530]","0.504 [0.476, 0.536]",0.000,0.501
"acl_prefilter=False,ablate=score_quantize,variant=deadline2s",insider,text_only,960,gboost,content,"0.502 [0.473, 0.529]","0.504 [0.475, 0.535]",0.000,0.501
"acl_prefilter=False,ablate=score_quantize,variant=deadline2s",insider,text_only,960,gboost,combined,"0.502 [0.473, 0.529]","0.504 [0.475, 0.535]",0.000,0.501
"acl_prefilter=False,ablate=score_quantize,variant=deadline2s",insider,with_sources,960,threshold,rules,"0.691 [0.669, 0.713]","0.813 [0.768, 0.853]",0.000,0.524
"acl_prefilter=False,ablate=score_quantize,variant=deadline2s",insider,with_sources,960,logreg,score,"0.867 [0.841, 0.888]","0.915 [0.880, 0.946]",0.296,0.793
"acl_prefilter=False,ablate=score_quantize,variant=deadline2s",insider,with_sources,960,logreg,reranker,"0.500 [0.500, 0.500]","0.500 [0.500, 0.500]",0.000,0.500
"acl_prefilter=False,ablate=score_quantize,variant=deadline2s",insider,with_sources,960,logreg,latency,"0.500 [0.500, 0.500]","0.500 [0.500, 0.500]",0.000,0.500
"acl_prefilter=False,ablate=score_quantize,variant=deadline2s",insider,with_sources,960,logreg,refusal,"0.502 [0.473, 0.530]","0.504 [0.475, 0.536]",0.000,0.501
"acl_prefilter=False,ablate=score_quantize,variant=deadline2s",insider,with_sources,960,logreg,content,"0.502 [0.465, 0.537]","0.504 [0.475, 0.535]",0.000,0.501
"acl_prefilter=False,ablate=score_quantize,variant=deadline2s",insider,with_sources,960,logreg,combined,"0.867 [0.842, 0.889]","0.915 [0.879, 0.946]",0.296,0.793
"acl_prefilter=False,ablate=score_quantize,variant=deadline2s",insider,with_sources,960,gboost,score,"0.866 [0.842, 0.887]","0.930 [0.898, 0.959]",0.327,0.786
"acl_prefilter=False,ablate=score_quantize,variant=deadline2s",insider,with_sources,960,gboost,reranker,"0.500 [0.500, 0.500]","0.500 [0.500, 0.500]",0.000,0.500
"acl_prefilter=False,ablate=score_quantize,variant=deadline2s",insider,with_sources,960,gboost,latency,"0.500 [0.500, 0.500]","0.500 [0.500, 0.500]",0.000,0.500
"acl_prefilter=False,ablate=score_quantize,variant=deadline2s",insider,with_sources,960,gboost,refusal,"0.502 [0.473, 0.530]","0.504 [0.476, 0.536]",0.000,0.501
"acl_prefilter=False,ablate=score_quantize,variant=deadline2s",insider,with_sources,960,gboost,content,"0.502 [0.473, 0.529]","0.504 [0.475, 0.535]",0.000,0.501
"acl_prefilter=False,ablate=score_quantize,variant=deadline2s",insider,with_sources,960,gboost,combined,"0.869 [0.845, 0.890]","0.931 [0.901, 0.961]",0.346,0.791
"acl_prefilter=False,ablate=score_quantize,variant=deadline2s",insider,with_reranker,960,threshold,rules,"0.691 [0.669, 0.713]","0.813 [0.768, 0.853]",0.000,0.524
"acl_prefilter=False,ablate=score_quantize,variant=deadline2s",insider,with_reranker,960,logreg,score,"0.867 [0.841, 0.888]","0.915 [0.880, 0.946]",0.296,0.793
"acl_prefilter=False,ablate=score_quantize,variant=deadline2s",insider,with_reranker,960,logreg,reranker,"0.908 [0.889, 0.927]","0.997 [0.993, 1.000]",0.242,0.854
"acl_prefilter=False,ablate=score_quantize,variant=deadline2s",insider,with_reranker,960,logreg,latency,"0.500 [0.500, 0.500]","0.500 [0.500, 0.500]",0.000,0.500
"acl_prefilter=False,ablate=score_quantize,variant=deadline2s",insider,with_reranker,960,logreg,refusal,"0.502 [0.473, 0.530]","0.504 [0.475, 0.536]",0.000,0.501
"acl_prefilter=False,ablate=score_quantize,variant=deadline2s",insider,with_reranker,960,logreg,content,"0.502 [0.465, 0.537]","0.504 [0.475, 0.535]",0.000,0.501
"acl_prefilter=False,ablate=score_quantize,variant=deadline2s",insider,with_reranker,960,logreg,combined,"0.933 [0.915, 0.948]","0.999 [0.998, 1.000]",0.390,0.880
"acl_prefilter=False,ablate=score_quantize,variant=deadline2s",insider,with_reranker,960,gboost,score,"0.866 [0.842, 0.887]","0.930 [0.898, 0.959]",0.327,0.786
"acl_prefilter=False,ablate=score_quantize,variant=deadline2s",insider,with_reranker,960,gboost,reranker,"0.993 [0.990, 0.996]","1.000 [1.000, 1.000]",0.869,0.963
"acl_prefilter=False,ablate=score_quantize,variant=deadline2s",insider,with_reranker,960,gboost,latency,"0.500 [0.500, 0.500]","0.500 [0.500, 0.500]",0.000,0.500
"acl_prefilter=False,ablate=score_quantize,variant=deadline2s",insider,with_reranker,960,gboost,refusal,"0.502 [0.473, 0.530]","0.504 [0.476, 0.536]",0.000,0.501
"acl_prefilter=False,ablate=score_quantize,variant=deadline2s",insider,with_reranker,960,gboost,content,"0.502 [0.473, 0.529]","0.504 [0.475, 0.535]",0.000,0.501
"acl_prefilter=False,ablate=score_quantize,variant=deadline2s",insider,with_reranker,960,gboost,combined,"0.993 [0.988, 0.997]","1.000 [1.000, 1.000]",0.923,0.961
"acl_prefilter=False,ablate=score_quantize,variant=deadline2s",outsider,text_only,960,threshold,rules,"0.500 [0.485, 0.513]","0.500 [0.469, 0.531]",0.000,0.500
"acl_prefilter=False,ablate=score_quantize,variant=deadline2s",outsider,text_only,960,logreg,score,"0.500 [0.500, 0.500]","0.500 [0.500, 0.500]",0.000,0.500
"acl_prefilter=False,ablate=score_quantize,variant=deadline2s",outsider,text_only,960,logreg,reranker,"0.500 [0.500, 0.500]","0.500 [0.500, 0.500]",0.000,0.500
"acl_prefilter=False,ablate=score_quantize,variant=deadline2s",outsider,text_only,960,logreg,latency,"0.500 [0.500, 0.500]","0.500 [0.500, 0.500]",0.000,0.500
"acl_prefilter=False,ablate=score_quantize,variant=deadline2s",outsider,text_only,960,logreg,refusal,"0.504 [0.467, 0.541]","0.508 [0.469, 0.544]",0.000,0.502
"acl_prefilter=False,ablate=score_quantize,variant=deadline2s",outsider,text_only,960,logreg,content,"0.499 [0.462, 0.535]","0.492 [0.455, 0.532]",0.006,0.500
"acl_prefilter=False,ablate=score_quantize,variant=deadline2s",outsider,text_only,960,logreg,combined,"0.504 [0.467, 0.541]","0.508 [0.470, 0.547]",0.004,0.502
"acl_prefilter=False,ablate=score_quantize,variant=deadline2s",outsider,text_only,960,gboost,score,"0.500 [0.500, 0.500]","0.500 [0.500, 0.500]",0.000,0.500
"acl_prefilter=False,ablate=score_quantize,variant=deadline2s",outsider,text_only,960,gboost,reranker,"0.500 [0.500, 0.500]","0.500 [0.500, 0.500]",0.000,0.500
"acl_prefilter=False,ablate=score_quantize,variant=deadline2s",outsider,text_only,960,gboost,latency,"0.500 [0.500, 0.500]","0.500 [0.500, 0.500]",0.000,0.500
"acl_prefilter=False,ablate=score_quantize,variant=deadline2s",outsider,text_only,960,gboost,refusal,"0.504 [0.471, 0.540]","0.508 [0.470, 0.544]",0.000,0.501
"acl_prefilter=False,ablate=score_quantize,variant=deadline2s",outsider,text_only,960,gboost,content,"0.504 [0.467, 0.538]","0.508 [0.470, 0.547]",0.004,0.502
"acl_prefilter=False,ablate=score_quantize,variant=deadline2s",outsider,text_only,960,gboost,combined,"0.503 [0.468, 0.537]","0.500 [0.464, 0.538]",0.006,0.502
"acl_prefilter=False,ablate=score_quantize,variant=deadline2s",outsider,with_sources,960,threshold,rules,"0.670 [0.645, 0.696]","0.778 [0.722, 0.825]",0.000,0.524
"acl_prefilter=False,ablate=score_quantize,variant=deadline2s",outsider,with_sources,960,logreg,score,"0.868 [0.842, 0.890]","0.918 [0.884, 0.949]",0.292,0.792
"acl_prefilter=False,ablate=score_quantize,variant=deadline2s",outsider,with_sources,960,logreg,reranker,"0.500 [0.500, 0.500]","0.500 [0.500, 0.500]",0.000,0.500
"acl_prefilter=False,ablate=score_quantize,variant=deadline2s",outsider,with_sources,960,logreg,latency,"0.500 [0.500, 0.500]","0.500 [0.500, 0.500]",0.000,0.500
"acl_prefilter=False,ablate=score_quantize,variant=deadline2s",outsider,with_sources,960,logreg,refusal,"0.504 [0.467, 0.541]","0.508 [0.469, 0.544]",0.000,0.502
"acl_prefilter=False,ablate=score_quantize,variant=deadline2s",outsider,with_sources,960,logreg,content,"0.499 [0.462, 0.535]","0.492 [0.455, 0.532]",0.006,0.500
"acl_prefilter=False,ablate=score_quantize,variant=deadline2s",outsider,with_sources,960,logreg,combined,"0.868 [0.842, 0.889]","0.918 [0.884, 0.948]",0.294,0.789
"acl_prefilter=False,ablate=score_quantize,variant=deadline2s",outsider,with_sources,960,gboost,score,"0.870 [0.847, 0.891]","0.930 [0.899, 0.959]",0.329,0.794
"acl_prefilter=False,ablate=score_quantize,variant=deadline2s",outsider,with_sources,960,gboost,reranker,"0.500 [0.500, 0.500]","0.500 [0.500, 0.500]",0.000,0.500
"acl_prefilter=False,ablate=score_quantize,variant=deadline2s",outsider,with_sources,960,gboost,latency,"0.500 [0.500, 0.500]","0.500 [0.500, 0.500]",0.000,0.500
"acl_prefilter=False,ablate=score_quantize,variant=deadline2s",outsider,with_sources,960,gboost,refusal,"0.504 [0.471, 0.540]","0.508 [0.470, 0.544]",0.000,0.501
"acl_prefilter=False,ablate=score_quantize,variant=deadline2s",outsider,with_sources,960,gboost,content,"0.504 [0.467, 0.538]","0.508 [0.470, 0.547]",0.004,0.502
"acl_prefilter=False,ablate=score_quantize,variant=deadline2s",outsider,with_sources,960,gboost,combined,"0.869 [0.844, 0.889]","0.932 [0.901, 0.960]",0.367,0.791
"acl_prefilter=False,ablate=score_quantize,variant=deadline2s",outsider,with_reranker,960,threshold,rules,"0.670 [0.645, 0.696]","0.778 [0.722, 0.825]",0.000,0.524
"acl_prefilter=False,ablate=score_quantize,variant=deadline2s",outsider,with_reranker,960,logreg,score,"0.868 [0.842, 0.890]","0.918 [0.884, 0.949]",0.292,0.792
"acl_prefilter=False,ablate=score_quantize,variant=deadline2s",outsider,with_reranker,960,logreg,reranker,"0.909 [0.889, 0.927]","0.997 [0.993, 1.000]",0.242,0.840
"acl_prefilter=False,ablate=score_quantize,variant=deadline2s",outsider,with_reranker,960,logreg,latency,"0.500 [0.500, 0.500]","0.500 [0.500, 0.500]",0.000,0.500
"acl_prefilter=False,ablate=score_quantize,variant=deadline2s",outsider,with_reranker,960,logreg,refusal,"0.504 [0.467, 0.541]","0.508 [0.469, 0.544]",0.000,0.502
"acl_prefilter=False,ablate=score_quantize,variant=deadline2s",outsider,with_reranker,960,logreg,content,"0.499 [0.462, 0.535]","0.492 [0.455, 0.532]",0.006,0.500
"acl_prefilter=False,ablate=score_quantize,variant=deadline2s",outsider,with_reranker,960,logreg,combined,"0.934 [0.917, 0.949]","1.000 [0.998, 1.000]",0.388,0.885
"acl_prefilter=False,ablate=score_quantize,variant=deadline2s",outsider,with_reranker,960,gboost,score,"0.870 [0.847, 0.891]","0.930 [0.899, 0.959]",0.329,0.794
"acl_prefilter=False,ablate=score_quantize,variant=deadline2s",outsider,with_reranker,960,gboost,reranker,"0.990 [0.986, 0.994]","1.000 [1.000, 1.000]",0.887,0.959
"acl_prefilter=False,ablate=score_quantize,variant=deadline2s",outsider,with_reranker,960,gboost,latency,"0.500 [0.500, 0.500]","0.500 [0.500, 0.500]",0.000,0.500
"acl_prefilter=False,ablate=score_quantize,variant=deadline2s",outsider,with_reranker,960,gboost,refusal,"0.504 [0.471, 0.540]","0.508 [0.470, 0.544]",0.000,0.501
"acl_prefilter=False,ablate=score_quantize,variant=deadline2s",outsider,with_reranker,960,gboost,content,"0.504 [0.467, 0.538]","0.508 [0.470, 0.547]",0.004,0.502
"acl_prefilter=False,ablate=score_quantize,variant=deadline2s",outsider,with_reranker,960,gboost,combined,"0.993 [0.988, 0.996]","1.000 [1.000, 1.000]",0.908,0.951
"acl_prefilter=False,ablate=score_quantize,variant=deadline2s",all,text_only,1920,threshold,rules,"0.500 [0.493, 0.508]","0.500 [0.483, 0.516]",0.000,0.500
"acl_prefilter=False,ablate=score_quantize,variant=deadline2s",all,text_only,1920,logreg,score,"0.500 [0.500, 0.500]","0.500 [0.500, 0.500]",0.000,0.500
"acl_prefilter=False,ablate=score_quantize,variant=deadline2s",all,text_only,1920,logreg,reranker,"0.500 [0.500, 0.500]","0.500 [0.500, 0.500]",0.000,0.500
"acl_prefilter=False,ablate=score_quantize,variant=deadline2s",all,text_only,1920,logreg,latency,"0.500 [0.500, 0.500]","0.500 [0.500, 0.500]",0.000,0.500
"acl_prefilter=False,ablate=score_quantize,variant=deadline2s",all,text_only,1920,logreg,refusal,"0.503 [0.477, 0.525]","0.506 [0.482, 0.530]",0.000,0.502
"acl_prefilter=False,ablate=score_quantize,variant=deadline2s",all,text_only,1920,logreg,content,"0.500 [0.473, 0.523]","0.494 [0.470, 0.521]",0.005,0.500
"acl_prefilter=False,ablate=score_quantize,variant=deadline2s",all,text_only,1920,logreg,combined,"0.503 [0.475, 0.525]","0.506 [0.481, 0.529]",0.008,0.502
"acl_prefilter=False,ablate=score_quantize,variant=deadline2s",all,text_only,1920,gboost,score,"0.500 [0.500, 0.500]","0.500 [0.500, 0.500]",0.000,0.500
"acl_prefilter=False,ablate=score_quantize,variant=deadline2s",all,text_only,1920,gboost,reranker,"0.500 [0.500, 0.500]","0.500 [0.500, 0.500]",0.000,0.500
"acl_prefilter=False,ablate=score_quantize,variant=deadline2s",all,text_only,1920,gboost,latency,"0.500 [0.500, 0.500]","0.500 [0.500, 0.500]",0.000,0.500
"acl_prefilter=False,ablate=score_quantize,variant=deadline2s",all,text_only,1920,gboost,refusal,"0.503 [0.477, 0.526]","0.506 [0.481, 0.530]",0.000,0.502
"acl_prefilter=False,ablate=score_quantize,variant=deadline2s",all,text_only,1920,gboost,content,"0.503 [0.477, 0.525]","0.506 [0.481, 0.530]",0.000,0.501
"acl_prefilter=False,ablate=score_quantize,variant=deadline2s",all,text_only,1920,gboost,combined,"0.504 [0.478, 0.526]","0.510 [0.486, 0.533]",0.001,0.502
"acl_prefilter=False,ablate=score_quantize,variant=deadline2s",all,with_sources,1920,threshold,rules,"0.680 [0.662, 0.697]","0.795 [0.759, 0.827]",0.000,0.524
"acl_prefilter=False,ablate=score_quantize,variant=deadline2s",all,with_sources,1920,logreg,score,"0.867 [0.850, 0.882]","0.916 [0.892, 0.938]",0.294,0.792
"acl_prefilter=False,ablate=score_quantize,variant=deadline2s",all,with_sources,1920,logreg,reranker,"0.500 [0.500, 0.500]","0.500 [0.500, 0.500]",0.000,0.500
"acl_prefilter=False,ablate=score_quantize,variant=deadline2s",all,with_sources,1920,logreg,latency,"0.500 [0.500, 0.500]","0.500 [0.500, 0.500]",0.000,0.500
"acl_prefilter=False,ablate=score_quantize,variant=deadline2s",all,with_sources,1920,logreg,refusal,"0.503 [0.477, 0.525]","0.506 [0.482, 0.530]",0.000,0.502
"acl_prefilter=False,ablate=score_quantize,variant=deadline2s",all,with_sources,1920,logreg,content,"0.500 [0.473, 0.523]","0.494 [0.470, 0.521]",0.005,0.500
"acl_prefilter=False,ablate=score_quantize,variant=deadline2s",all,with_sources,1920,logreg,combined,"0.867 [0.851, 0.882]","0.916 [0.893, 0.937]",0.293,0.792
"acl_prefilter=False,ablate=score_quantize,variant=deadline2s",all,with_sources,1920,gboost,score,"0.873 [0.858, 0.887]","0.935 [0.914, 0.954]",0.405,0.792
"acl_prefilter=False,ablate=score_quantize,variant=deadline2s",all,with_sources,1920,gboost,reranker,"0.500 [0.500, 0.500]","0.500 [0.500, 0.500]",0.000,0.500
"acl_prefilter=False,ablate=score_quantize,variant=deadline2s",all,with_sources,1920,gboost,latency,"0.500 [0.500, 0.500]","0.500 [0.500, 0.500]",0.000,0.500
"acl_prefilter=False,ablate=score_quantize,variant=deadline2s",all,with_sources,1920,gboost,refusal,"0.503 [0.477, 0.526]","0.506 [0.481, 0.530]",0.000,0.502
"acl_prefilter=False,ablate=score_quantize,variant=deadline2s",all,with_sources,1920,gboost,content,"0.503 [0.477, 0.525]","0.506 [0.481, 0.530]",0.000,0.501
"acl_prefilter=False,ablate=score_quantize,variant=deadline2s",all,with_sources,1920,gboost,combined,"0.867 [0.851, 0.882]","0.929 [0.907, 0.949]",0.340,0.789
"acl_prefilter=False,ablate=score_quantize,variant=deadline2s",all,with_reranker,1920,threshold,rules,"0.680 [0.662, 0.697]","0.795 [0.759, 0.827]",0.000,0.524
"acl_prefilter=False,ablate=score_quantize,variant=deadline2s",all,with_reranker,1920,logreg,score,"0.867 [0.850, 0.882]","0.916 [0.892, 0.938]",0.294,0.792
"acl_prefilter=False,ablate=score_quantize,variant=deadline2s",all,with_reranker,1920,logreg,reranker,"0.909 [0.894, 0.922]","0.997 [0.995, 0.999]",0.242,0.846
"acl_prefilter=False,ablate=score_quantize,variant=deadline2s",all,with_reranker,1920,logreg,latency,"0.500 [0.500, 0.500]","0.500 [0.500, 0.500]",0.000,0.500
"acl_prefilter=False,ablate=score_quantize,variant=deadline2s",all,with_reranker,1920,logreg,refusal,"0.503 [0.477, 0.525]","0.506 [0.482, 0.530]",0.000,0.502
"acl_prefilter=False,ablate=score_quantize,variant=deadline2s",all,with_reranker,1920,logreg,content,"0.500 [0.473, 0.523]","0.494 [0.470, 0.521]",0.005,0.500
"acl_prefilter=False,ablate=score_quantize,variant=deadline2s",all,with_reranker,1920,logreg,combined,"0.933 [0.922, 0.944]","1.000 [0.999, 1.000]",0.397,0.879
"acl_prefilter=False,ablate=score_quantize,variant=deadline2s",all,with_reranker,1920,gboost,score,"0.873 [0.858, 0.887]","0.935 [0.914, 0.954]",0.405,0.792
"acl_prefilter=False,ablate=score_quantize,variant=deadline2s",all,with_reranker,1920,gboost,reranker,"0.991 [0.988, 0.994]","1.000 [1.000, 1.000]",0.886,0.961
"acl_prefilter=False,ablate=score_quantize,variant=deadline2s",all,with_reranker,1920,gboost,latency,"0.500 [0.500, 0.500]","0.500 [0.500, 0.500]",0.000,0.500
"acl_prefilter=False,ablate=score_quantize,variant=deadline2s",all,with_reranker,1920,gboost,refusal,"0.503 [0.477, 0.526]","0.506 [0.481, 0.530]",0.000,0.502
"acl_prefilter=False,ablate=score_quantize,variant=deadline2s",all,with_reranker,1920,gboost,content,"0.503 [0.477, 0.525]","0.506 [0.481, 0.530]",0.000,0.501
"acl_prefilter=False,ablate=score_quantize,variant=deadline2s",all,with_reranker,1920,gboost,combined,"0.993 [0.990, 0.995]","1.000 [1.000, 1.000]",0.857,0.961
"acl_prefilter=False,ablate=uniform_refusal,variant=as_is",insider,text_only,960,threshold,rules,"0.518 [0.495, 0.541]","0.567 [0.500, 0.631]",0.000,0.518
"acl_prefilter=False,ablate=uniform_refusal,variant=as_is",insider,text_only,960,logreg,score,"0.500 [0.500, 0.500]","0.500 [0.500, 0.500]",0.000,0.500
"acl_prefilter=False,ablate=uniform_refusal,variant=as_is",insider,text_only,960,logreg,reranker,"0.500 [0.500, 0.500]","0.500 [0.500, 0.500]",0.000,0.500
"acl_prefilter=False,ablate=uniform_refusal,variant=as_is",insider,text_only,960,logreg,latency,"0.513 [0.477, 0.548]","0.542 [0.494, 0.589]",0.000,0.512
"acl_prefilter=False,ablate=uniform_refusal,variant=as_is",insider,text_only,960,logreg,refusal,"0.526 [0.491, 0.561]","0.552 [0.489, 0.615]",0.000,0.518
"acl_prefilter=False,ablate=uniform_refusal,variant=as_is",insider,text_only,960,logreg,content,"0.502 [0.465, 0.537]","0.504 [0.475, 0.535]",0.000,0.501
"acl_prefilter=False,ablate=uniform_refusal,variant=as_is",insider,text_only,960,logreg,combined,"0.536 [0.502, 0.571]","0.580 [0.508, 0.647]",0.000,0.526
"acl_prefilter=False,ablate=uniform_refusal,variant=as_is",insider,text_only,960,gboost,score,"0.500 [0.500, 0.500]","0.500 [0.500, 0.500]",0.000,0.500
"acl_prefilter=False,ablate=uniform_refusal,variant=as_is",insider,text_only,960,gboost,reranker,"0.500 [0.500, 0.500]","0.500 [0.500, 0.500]",0.000,0.500
"acl_prefilter=False,ablate=uniform_refusal,variant=as_is",insider,text_only,960,gboost,latency,"0.506 [0.472, 0.543]","0.545 [0.501, 0.591]",0.000,0.510
"acl_prefilter=False,ablate=uniform_refusal,variant=as_is",insider,text_only,960,gboost,refusal,"0.526 [0.492, 0.561]","0.570 [0.500, 0.635]",0.000,0.518
"acl_prefilter=False,ablate=uniform_refusal,variant=as_is",insider,text_only,960,gboost,content,"0.502 [0.473, 0.529]","0.504 [0.475, 0.535]",0.000,0.501
"acl_prefilter=False,ablate=uniform_refusal,variant=as_is",insider,text_only,960,gboost,combined,"0.532 [0.499, 0.567]","0.571 [0.500, 0.634]",0.010,0.526
"acl_prefilter=False,ablate=uniform_refusal,variant=as_is",insider,with_sources,960,threshold,rules,"0.519 [0.497, 0.542]","0.571 [0.505, 0.635]",0.000,0.508
"acl_prefilter=False,ablate=uniform_refusal,variant=as_is",insider,with_sources,960,logreg,score,"0.656 [0.622, 0.689]","0.771 [0.722, 0.814]",0.233,0.614
"acl_prefilter=False,ablate=uniform_refusal,variant=as_is",insider,with_sources,960,logreg,reranker,"0.500 [0.500, 0.500]","0.500 [0.500, 0.500]",0.000,0.500
"acl_prefilter=False,ablate=uniform_refusal,variant=as_is",insider,with_sources,960,logreg,latency,"0.513 [0.477, 0.548]","0.542 [0.494, 0.589]",0.000,0.512
"acl_prefilter=False,ablate=uniform_refusal,variant=as_is",insider,with_sources,960,logreg,refusal,"0.526 [0.491, 0.561]","0.552 [0.489, 0.615]",0.000,0.518
"acl_prefilter=False,ablate=uniform_refusal,variant=as_is",insider,with_sources,960,logreg,content,"0.502 [0.465, 0.537]","0.504 [0.475, 0.535]",0.000,0.501
"acl_prefilter=False,ablate=uniform_refusal,variant=as_is",insider,with_sources,960,logreg,combined,"0.663 [0.629, 0.695]","0.794 [0.737, 0.844]",0.235,0.616
"acl_prefilter=False,ablate=uniform_refusal,variant=as_is",insider,with_sources,960,gboost,score,"0.656 [0.623, 0.689]","0.767 [0.719, 0.812]",0.237,0.613
"acl_prefilter=False,ablate=uniform_refusal,variant=as_is",insider,with_sources,960,gboost,reranker,"0.500 [0.500, 0.500]","0.500 [0.500, 0.500]",0.000,0.500
"acl_prefilter=False,ablate=uniform_refusal,variant=as_is",insider,with_sources,960,gboost,latency,"0.506 [0.472, 0.543]","0.545 [0.501, 0.591]",0.000,0.510
"acl_prefilter=False,ablate=uniform_refusal,variant=as_is",insider,with_sources,960,gboost,refusal,"0.526 [0.492, 0.561]","0.570 [0.500, 0.635]",0.000,0.518
"acl_prefilter=False,ablate=uniform_refusal,variant=as_is",insider,with_sources,960,gboost,content,"0.502 [0.473, 0.529]","0.504 [0.475, 0.535]",0.000,0.501
"acl_prefilter=False,ablate=uniform_refusal,variant=as_is",insider,with_sources,960,gboost,combined,"0.661 [0.627, 0.694]","0.793 [0.739, 0.843]",0.235,0.617
"acl_prefilter=False,ablate=uniform_refusal,variant=as_is",insider,with_reranker,960,threshold,rules,"0.519 [0.497, 0.542]","0.571 [0.505, 0.635]",0.000,0.508
"acl_prefilter=False,ablate=uniform_refusal,variant=as_is",insider,with_reranker,960,logreg,score,"0.656 [0.622, 0.689]","0.771 [0.722, 0.814]",0.233,0.614
"acl_prefilter=False,ablate=uniform_refusal,variant=as_is",insider,with_reranker,960,logreg,reranker,"0.786 [0.759, 0.812]","0.982 [0.963, 0.996]",0.000,0.696
"acl_prefilter=False,ablate=uniform_refusal,variant=as_is",insider,with_reranker,960,logreg,latency,"0.513 [0.477, 0.548]","0.542 [0.494, 0.589]",0.000,0.512
"acl_prefilter=False,ablate=uniform_refusal,variant=as_is",insider,with_reranker,960,logreg,refusal,"0.526 [0.491, 0.561]","0.552 [0.489, 0.615]",0.000,0.518
"acl_prefilter=False,ablate=uniform_refusal,variant=as_is",insider,with_reranker,960,logreg,content,"0.502 [0.465, 0.537]","0.504 [0.475, 0.535]",0.000,0.501
"acl_prefilter=False,ablate=uniform_refusal,variant=as_is",insider,with_reranker,960,logreg,combined,"0.855 [0.833, 0.876]","0.990 [0.979, 0.999]",0.331,0.746
"acl_prefilter=False,ablate=uniform_refusal,variant=as_is",insider,with_reranker,960,gboost,score,"0.656 [0.623, 0.689]","0.767 [0.719, 0.812]",0.237,0.613
"acl_prefilter=False,ablate=uniform_refusal,variant=as_is",insider,with_reranker,960,gboost,reranker,"0.790 [0.763, 0.816]","0.982 [0.963, 0.996]",0.000,0.702
"acl_prefilter=False,ablate=uniform_refusal,variant=as_is",insider,with_reranker,960,gboost,latency,"0.506 [0.472, 0.543]","0.545 [0.501, 0.591]",0.000,0.510
"acl_prefilter=False,ablate=uniform_refusal,variant=as_is",insider,with_reranker,960,gboost,refusal,"0.526 [0.492, 0.561]","0.570 [0.500, 0.635]",0.000,0.518
"acl_prefilter=False,ablate=uniform_refusal,variant=as_is",insider,with_reranker,960,gboost,content,"0.502 [0.473, 0.529]","0.504 [0.475, 0.535]",0.000,0.501
"acl_prefilter=False,ablate=uniform_refusal,variant=as_is",insider,with_reranker,960,gboost,combined,"0.860 [0.838, 0.880]","0.987 [0.973, 0.998]",0.342,0.749
"acl_prefilter=False,ablate=uniform_refusal,variant=as_is",outsider,text_only,960,threshold,rules,"0.506 [0.484, 0.526]","0.525 [0.469, 0.582]",0.000,0.506
"acl_prefilter=False,ablate=uniform_refusal,variant=as_is",outsider,text_only,960,logreg,score,"0.500 [0.500, 0.500]","0.500 [0.500, 0.500]",0.000,0.500
"acl_prefilter=False,ablate=uniform_refusal,variant=as_is",outsider,text_only,960,logreg,reranker,"0.500 [0.500, 0.500]","0.500 [0.500, 0.500]",0.000,0.500
"acl_prefilter=False,ablate=uniform_refusal,variant=as_is",outsider,text_only,960,logreg,latency,"0.504 [0.467, 0.539]","0.494 [0.438, 0.554]",0.000,0.502
"acl_prefilter=False,ablate=uniform_refusal,variant=as_is",outsider,text_only,960,logreg,refusal,"0.508 [0.475, 0.549]","0.518 [0.460, 0.576]",0.000,0.506
"acl_prefilter=False,ablate=uniform_refusal,variant=as_is",outsider,text_only,960,logreg,content,"0.499 [0.462, 0.535]","0.492 [0.455, 0.532]",0.006,0.500
"acl_prefilter=False,ablate=uniform_refusal,variant=as_is",outsider,text_only,960,logreg,combined,"0.501 [0.467, 0.539]","0.506 [0.448, 0.565]",0.000,0.501
"acl_prefilter=False,ablate=uniform_refusal,variant=as_is",outsider,text_only,960,gboost,score,"0.500 [0.500, 0.500]","0.500 [0.500, 0.500]",0.000,0.500
"acl_prefilter=False,ablate=uniform_refusal,variant=as_is",outsider,text_only,960,gboost,reranker,"0.500 [0.500, 0.500]","0.500 [0.500, 0.500]",0.000,0.500
"acl_prefilter=False,ablate=uniform_refusal,variant=as_is",outsider,text_only,960,gboost,latency,"0.496 [0.461, 0.531]","0.489 [0.434, 0.548]",0.013,0.498
"acl_prefilter=False,ablate=uniform_refusal,variant=as_is",outsider,text_only,960,gboost,refusal,"0.508 [0.475, 0.545]","0.519 [0.461, 0.579]",0.000,0.505
"acl_prefilter=False,ablate=uniform_refusal,variant=as_is",outsider,text_only,960,gboost,content,"0.504 [0.467, 0.538]","0.508 [0.470, 0.547]",0.004,0.502
"acl_prefilter=False,ablate=uniform_refusal,variant=as_is",outsider,text_only,960,gboost,combined,"0.504 [0.470, 0.540]","0.522 [0.460, 0.588]",0.010,0.505
"acl_prefilter=False,ablate=uniform_refusal,variant=as_is",outsider,with_sources,960,threshold,rules,"0.506 [0.484, 0.527]","0.519 [0.463, 0.574]",0.000,0.501
"acl_prefilter=False,ablate=uniform_refusal,variant=as_is",outsider,with_sources,960,logreg,score,"0.661 [0.628, 0.694]","0.776 [0.725, 0.820]",0.233,0.617
"acl_prefilter=False,ablate=uniform_refusal,variant=as_is",outsider,with_sources,960,logreg,reranker,"0.500 [0.500, 0.500]","0.500 [0.500, 0.500]",0.000,0.500
"acl_prefilter=False,ablate=uniform_refusal,variant=as_is",outsider,with_sources,960,logreg,latency,"0.504 [0.467, 0.539]","0.494 [0.438, 0.554]",0.000,0.502
"acl_prefilter=False,ablate=uniform_refusal,variant=as_is",outsider,with_sources,960,logreg,refusal,"0.508 [0.475, 0.549]","0.518 [0.460, 0.576]",0.000,0.506
"acl_prefilter=False,ablate=uniform_refusal,variant=as_is",outsider,with_sources,960,logreg,content,"0.499 [0.462, 0.535]","0.492 [0.455, 0.532]",0.006,0.500
"acl_prefilter=False,ablate=uniform_refusal,variant=as_is",outsider,with_sources,960,logreg,combined,"0.653 [0.620, 0.686]","0.760 [0.703, 0.818]",0.244,0.606
"acl_prefilter=False,ablate=uniform_refusal,variant=as_is",outsider,with_sources,960,gboost,score,"0.658 [0.624, 0.690]","0.780 [0.729, 0.827]",0.240,0.614
"acl_prefilter=False,ablate=uniform_refusal,variant=as_is",outsider,with_sources,960,gboost,reranker,"0.500 [0.500, 0.500]","0.500 [0.500, 0.500]",0.000,0.500
"acl_prefilter=False,ablate=uniform_refusal,variant=as_is",outsider,with_sources,960,gboost,latency,"0.496 [0.461, 0.531]","0.489 [0.434, 0.548]",0.013,0.498
"acl_prefilter=False,ablate=uniform_refusal,variant=as_is",outsider,with_sources,960,gboost,refusal,"0.508 [0.475, 0.545]","0.519 [0.461, 0.579]",0.000,0.505
"acl_prefilter=False,ablate=uniform_refusal,variant=as_is",outsider,with_sources,960,gboost,content,"0.504 [0.467, 0.538]","0.508 [0.470, 0.547]",0.004,0.502
"acl_prefilter=False,ablate=uniform_refusal,variant=as_is",outsider,with_sources,960,gboost,combined,"0.658 [0.627, 0.690]","0.806 [0.753, 0.854]",0.237,0.613
"acl_prefilter=False,ablate=uniform_refusal,variant=as_is",outsider,with_reranker,960,threshold,rules,"0.506 [0.484, 0.527]","0.519 [0.463, 0.574]",0.000,0.501
"acl_prefilter=False,ablate=uniform_refusal,variant=as_is",outsider,with_reranker,960,logreg,score,"0.661 [0.628, 0.694]","0.776 [0.725, 0.820]",0.233,0.617
"acl_prefilter=False,ablate=uniform_refusal,variant=as_is",outsider,with_reranker,960,logreg,reranker,"0.787 [0.759, 0.813]","0.982 [0.963, 0.996]",0.000,0.698
"acl_prefilter=False,ablate=uniform_refusal,variant=as_is",outsider,with_reranker,960,logreg,latency,"0.504 [0.467, 0.539]","0.494 [0.438, 0.554]",0.000,0.502
"acl_prefilter=False,ablate=uniform_refusal,variant=as_is",outsider,with_reranker,960,logreg,refusal,"0.508 [0.475, 0.549]","0.518 [0.460, 0.576]",0.000,0.506
"acl_prefilter=False,ablate=uniform_refusal,variant=as_is",outsider,with_reranker,960,logreg,content,"0.499 [0.462, 0.535]","0.492 [0.455, 0.532]",0.006,0.500
"acl_prefilter=False,ablate=uniform_refusal,variant=as_is",outsider,with_reranker,960,logreg,combined,"0.856 [0.833, 0.877]","0.992 [0.983, 0.999]",0.298,0.739
"acl_prefilter=False,ablate=uniform_refusal,variant=as_is",outsider,with_reranker,960,gboost,score,"0.658 [0.624, 0.690]","0.780 [0.729, 0.827]",0.240,0.614
"acl_prefilter=False,ablate=uniform_refusal,variant=as_is",outsider,with_reranker,960,gboost,reranker,"0.791 [0.763, 0.817]","0.982 [0.963, 0.996]",0.000,0.704
"acl_prefilter=False,ablate=uniform_refusal,variant=as_is",outsider,with_reranker,960,gboost,latency,"0.496 [0.461, 0.531]","0.489 [0.434, 0.548]",0.013,0.498
"acl_prefilter=False,ablate=uniform_refusal,variant=as_is",outsider,with_reranker,960,gboost,refusal,"0.508 [0.475, 0.545]","0.519 [0.461, 0.579]",0.000,0.505
"acl_prefilter=False,ablate=uniform_refusal,variant=as_is",outsider,with_reranker,960,gboost,content,"0.504 [0.467, 0.538]","0.508 [0.470, 0.547]",0.004,0.502
"acl_prefilter=False,ablate=uniform_refusal,variant=as_is",outsider,with_reranker,960,gboost,combined,"0.865 [0.843, 0.884]","0.992 [0.980, 0.999]",0.298,0.746
"acl_prefilter=False,ablate=uniform_refusal,variant=as_is",all,text_only,1920,threshold,rules,"0.512 [0.495, 0.528]","0.544 [0.496, 0.588]",0.000,0.512
"acl_prefilter=False,ablate=uniform_refusal,variant=as_is",all,text_only,1920,logreg,score,"0.500 [0.500, 0.500]","0.500 [0.500, 0.500]",0.000,0.500
"acl_prefilter=False,ablate=uniform_refusal,variant=as_is",all,text_only,1920,logreg,reranker,"0.500 [0.500, 0.500]","0.500 [0.500, 0.500]",0.000,0.500
"acl_prefilter=False,ablate=uniform_refusal,variant=as_is",all,text_only,1920,logreg,latency,"0.503 [0.477, 0.528]","0.514 [0.476, 0.551]",0.000,0.504
"acl_prefilter=False,ablate=uniform_refusal,variant=as_is",all,text_only,1920,logreg,refusal,"0.517 [0.490, 0.542]","0.534 [0.484, 0.578]",0.000,0.512
"acl_prefilter=False,ablate=uniform_refusal,variant=as_is",all,text_only,1920,logreg,content,"0.500 [0.473, 0.523]","0.494 [0.470, 0.521]",0.005,0.500
"acl_prefilter=False,ablate=uniform_refusal,variant=as_is",all,text_only,1920,logreg,combined,"0.515 [0.489, 0.540]","0.537 [0.488, 0.585]",0.005,0.511
"acl_prefilter=False,ablate=uniform_refusal,variant=as_is",all,text_only,1920,gboost,score,"0.500 [0.500, 0.500]","0.500 [0.500, 0.500]",0.000,0.500
"acl_prefilter=False,ablate=uniform_refusal,variant=as_is",all,text_only,1920,gboost,reranker,"0.500 [0.500, 0.500]","0.500 [0.500, 0.500]",0.000,0.500
"acl_prefilter=False,ablate=uniform_refusal,variant=as_is",all,text_only,1920,gboost,latency,"0.500 [0.474, 0.523]","0.504 [0.470, 0.539]",0.005,0.502
"acl_prefilter=False,ablate=uniform_refusal,variant=as_is",all,text_only,1920,gboost,refusal,"0.517 [0.490, 0.543]","0.542 [0.497, 0.585]",0.000,0.512
"acl_prefilter=False,ablate=uniform_refusal,variant=as_is",all,text_only,1920,gboost,content,"0.503 [0.477, 0.525]","0.506 [0.481, 0.530]",0.000,0.501
"acl_prefilter=False,ablate=uniform_refusal,variant=as_is",all,text_only,1920,gboost,combined,"0.518 [0.493, 0.543]","0.539 [0.492, 0.582]",0.006,0.512
"acl_prefilter=False,ablate=uniform_refusal,variant=as_is",all,with_sources,1920,threshold,rules,"0.512 [0.496, 0.528]","0.543 [0.496, 0.586]",0.000,0.505
"acl_prefilter=False,ablate=uniform_refusal,variant=as_is",all,with_sources,1920,logreg,score,"0.658 [0.633, 0.680]","0.771 [0.737, 0.804]",0.233,0.617
"acl_prefilter=False,ablate=uniform_refusal,variant=as_is",all,with_sources,1920,logreg,reranker,"0.500 [0.500, 0.500]","0.500 [0.500, 0.500]",0.000,0.500
"acl_prefilter=False,ablate=uniform_refusal,variant=as_is",all,with_sources,1920,logreg,latency,"0.503 [0.477, 0.528]","0.514 [0.476, 0.551]",0.000,0.504
"acl_prefilter=False,ablate=uniform_refusal,variant=as_is",all,with_sources,1920,logreg,refusal,"0.517 [0.490, 0.542]","0.534 [0.484, 0.578]",0.000,0.512
"acl_prefilter=False,ablate=uniform_refusal,variant=as_is",all,with_sources,1920,logreg,content,"0.500 [0.473, 0.523]","0.494 [0.470, 0.521]",0.005,0.500
"acl_prefilter=False,ablate=uniform_refusal,variant=as_is",all,with_sources,1920,logreg,combined,"0.654 [0.628, 0.675]","0.771 [0.725, 0.809]",0.240,0.613
"acl_prefilter=False,ablate=uniform_refusal,variant=as_is",all,with_sources,1920,gboost,score,"0.658 [0.634, 0.680]","0.776 [0.741, 0.809]",0.240,0.616
"acl_prefilter=False,ablate=uniform_refusal,variant=as_is",all,with_sources,1920,gboost,reranker,"0.500 [0.500, 0.500]","0.500 [0.500, 0.500]",0.000,0.500
"acl_prefilter=False,ablate=uniform_refusal,variant=as_is",all,with_sources,1920,gboost,latency,"0.500 [0.474, 0.523]","0.504 [0.470, 0.539]",0.005,0.502
"acl_prefilter=False,ablate=uniform_refusal,variant=as_is",all,with_sources,1920,gboost,refusal,"0.517 [0.490, 0.543]","0.542 [0.497, 0.585]",0.000,0.512
"acl_prefilter=False,ablate=uniform_refusal,variant=as_is",all,with_sources,1920,gboost,content,"0.503 [0.477, 0.525]","0.506 [0.481, 0.530]",0.000,0.501
"acl_prefilter=False,ablate=uniform_refusal,variant=as_is",all,with_sources,1920,gboost,combined,"0.661 [0.637, 0.683]","0.766 [0.724, 0.804]",0.241,0.616
"acl_prefilter=False,ablate=uniform_refusal,variant=as_is",all,with_reranker,1920,threshold,rules,"0.512 [0.496, 0.528]","0.543 [0.496, 0.586]",0.000,0.505
"acl_prefilter=False,ablate=uniform_refusal,variant=as_is",all,with_reranker,1920,logreg,score,"0.658 [0.633, 0.680]","0.771 [0.737, 0.804]",0.233,0.617
"acl_prefilter=False,ablate=uniform_refusal,variant=as_is",all,with_reranker,1920,logreg,reranker,"0.787 [0.767, 0.806]","0.982 [0.970, 0.993]",0.000,0.697
"acl_prefilter=False,ablate=uniform_refusal,variant=as_is",all,with_reranker,1920,logreg,latency,"0.503 [0.477, 0.528]","0.514 [0.476, 0.551]",0.000,0.504
"acl_prefilter=False,ablate=uniform_refusal,variant=as_is",all,with_reranker,1920,logreg,refusal,"0.517 [0.490, 0.542]","0.534 [0.484, 0.578]",0.000,0.512
"acl_prefilter=False,ablate=uniform_refusal,variant=as_is",all,with_reranker,1920,logreg,content,"0.500 [0.473, 0.523]","0.494 [0.470, 0.521]",0.005,0.500
"acl_prefilter=False,ablate=uniform_refusal,variant=as_is",all,with_reranker,1920,logreg,combined,"0.855 [0.838, 0.869]","0.991 [0.984, 0.997]",0.308,0.743
"acl_prefilter=False,ablate=uniform_refusal,variant=as_is",all,with_reranker,1920,gboost,score,"0.658 [0.634, 0.680]","0.776 [0.741, 0.809]",0.240,0.616
"acl_prefilter=False,ablate=uniform_refusal,variant=as_is",all,with_reranker,1920,gboost,reranker,"0.790 [0.769, 0.808]","0.982 [0.970, 0.993]",0.000,0.703
"acl_prefilter=False,ablate=uniform_refusal,variant=as_is",all,with_reranker,1920,gboost,latency,"0.500 [0.474, 0.523]","0.504 [0.470, 0.539]",0.005,0.502
"acl_prefilter=False,ablate=uniform_refusal,variant=as_is",all,with_reranker,1920,gboost,refusal,"0.517 [0.490, 0.543]","0.542 [0.497, 0.585]",0.000,0.512
"acl_prefilter=False,ablate=uniform_refusal,variant=as_is",all,with_reranker,1920,gboost,content,"0.503 [0.477, 0.525]","0.506 [0.481, 0.530]",0.000,0.501
"acl_prefilter=False,ablate=uniform_refusal,variant=as_is",all,with_reranker,1920,gboost,combined,"0.861 [0.846, 0.875]","0.987 [0.977, 0.995]",0.320,0.749
"acl_prefilter=False,ablate=uniform_refusal,variant=fast_refusal",insider,text_only,960,threshold,rules,"0.518 [0.495, 0.541]","0.567 [0.500, 0.631]",0.000,0.518
"acl_prefilter=False,ablate=uniform_refusal,variant=fast_refusal",insider,text_only,960,logreg,score,"0.500 [0.500, 0.500]","0.500 [0.500, 0.500]",0.000,0.500
"acl_prefilter=False,ablate=uniform_refusal,variant=fast_refusal",insider,text_only,960,logreg,reranker,"0.500 [0.500, 0.500]","0.500 [0.500, 0.500]",0.000,0.500
"acl_prefilter=False,ablate=uniform_refusal,variant=fast_refusal",insider,text_only,960,logreg,latency,"0.525 [0.490, 0.560]","0.550 [0.490, 0.613]",0.000,0.517
"acl_prefilter=False,ablate=uniform_refusal,variant=fast_refusal",insider,text_only,960,logreg,refusal,"0.526 [0.491, 0.561]","0.552 [0.489, 0.615]",0.000,0.518
"acl_prefilter=False,ablate=uniform_refusal,variant=fast_refusal",insider,text_only,960,logreg,content,"0.502 [0.465, 0.537]","0.504 [0.475, 0.535]",0.000,0.501
"acl_prefilter=False,ablate=uniform_refusal,variant=fast_refusal",insider,text_only,960,logreg,combined,"0.521 [0.487, 0.556]","0.536 [0.471, 0.598]",0.010,0.516
"acl_prefilter=False,ablate=uniform_refusal,variant=fast_refusal",insider,text_only,960,gboost,score,"0.500 [0.500, 0.500]","0.500 [0.500, 0.500]",0.000,0.500
"acl_prefilter=False,ablate=uniform_refusal,variant=fast_refusal",insider,text_only,960,gboost,reranker,"0.500 [0.500, 0.500]","0.500 [0.500, 0.500]",0.000,0.500
"acl_prefilter=False,ablate=uniform_refusal,variant=fast_refusal",insider,text_only,960,gboost,latency,"0.525 [0.491, 0.561]","0.555 [0.497, 0.619]",0.000,0.517
"acl_prefilter=False,ablate=uniform_refusal,variant=fast_refusal",insider,text_only,960,gboost,refusal,"0.526 [0.492, 0.561]","0.570 [0.500, 0.635]",0.000,0.518
"acl_prefilter=False,ablate=uniform_refusal,variant=fast_refusal",insider,text_only,960,gboost,content,"0.502 [0.473, 0.529]","0.504 [0.475, 0.535]",0.000,0.501
"acl_prefilter=False,ablate=uniform_refusal,variant=fast_refusal",insider,text_only,960,gboost,combined,"0.522 [0.488, 0.558]","0.555 [0.491, 0.618]",0.000,0.516
"acl_prefilter=False,ablate=uniform_refusal,variant=fast_refusal",insider,with_sources,960,threshold,rules,"0.519 [0.497, 0.542]","0.571 [0.505, 0.635]",0.000,0.508
"acl_prefilter=False,ablate=uniform_refusal,variant=fast_refusal",insider,with_sources,960,logreg,score,"0.656 [0.622, 0.689]","0.771 [0.722, 0.814]",0.233,0.614
"acl_prefilter=False,ablate=uniform_refusal,variant=fast_refusal",insider,with_sources,960,logreg,reranker,"0.500 [0.500, 0.500]","0.500 [0.500, 0.500]",0.000,0.500
"acl_prefilter=False,ablate=uniform_refusal,variant=fast_refusal",insider,with_sources,960,logreg,latency,"0.525 [0.490, 0.560]","0.550 [0.490, 0.613]",0.000,0.517
"acl_prefilter=False,ablate=uniform_refusal,variant=fast_refusal",insider,with_sources,960,logreg,refusal,"0.526 [0.491, 0.561]","0.552 [0.489, 0.615]",0.000,0.518
"acl_prefilter=False,ablate=uniform_refusal,variant=fast_refusal",insider,with_sources,960,logreg,content,"0.502 [0.465, 0.537]","0.504 [0.475, 0.535]",0.000,0.501
"acl_prefilter=False,ablate=uniform_refusal,variant=fast_refusal",insider,with_sources,960,logreg,combined,"0.652 [0.617, 0.686]","0.772 [0.716, 0.824]",0.244,0.618
"acl_prefilter=False,ablate=uniform_refusal,variant=fast_refusal",insider,with_sources,960,gboost,score,"0.656 [0.623, 0.689]","0.767 [0.719, 0.812]",0.237,0.613
"acl_prefilter=False,ablate=uniform_refusal,variant=fast_refusal",insider,with_sources,960,gboost,reranker,"0.500 [0.500, 0.500]","0.500 [0.500, 0.500]",0.000,0.500
"acl_prefilter=False,ablate=uniform_refusal,variant=fast_refusal",insider,with_sources,960,gboost,latency,"0.525 [0.491, 0.561]","0.555 [0.497, 0.619]",0.000,0.517
"acl_prefilter=False,ablate=uniform_refusal,variant=fast_refusal",insider,with_sources,960,gboost,refusal,"0.526 [0.492, 0.561]","0.570 [0.500, 0.635]",0.000,0.518
"acl_prefilter=False,ablate=uniform_refusal,variant=fast_refusal",insider,with_sources,960,gboost,content,"0.502 [0.473, 0.529]","0.504 [0.475, 0.535]",0.000,0.501
"acl_prefilter=False,ablate=uniform_refusal,variant=fast_refusal",insider,with_sources,960,gboost,combined,"0.656 [0.622, 0.689]","0.771 [0.711, 0.827]",0.235,0.619
"acl_prefilter=False,ablate=uniform_refusal,variant=fast_refusal",insider,with_reranker,960,threshold,rules,"0.519 [0.497, 0.542]","0.571 [0.505, 0.635]",0.000,0.508
"acl_prefilter=False,ablate=uniform_refusal,variant=fast_refusal",insider,with_reranker,960,logreg,score,"0.656 [0.622, 0.689]","0.771 [0.722, 0.814]",0.233,0.614
"acl_prefilter=False,ablate=uniform_refusal,variant=fast_refusal",insider,with_reranker,960,logreg,reranker,"0.786 [0.759, 0.812]","0.982 [0.963, 0.996]",0.000,0.696
"acl_prefilter=False,ablate=uniform_refusal,variant=fast_refusal",insider,with_reranker,960,logreg,latency,"0.525 [0.490, 0.560]","0.550 [0.490, 0.613]",0.000,0.517
"acl_prefilter=False,ablate=uniform_refusal,variant=fast_refusal",insider,with_reranker,960,logreg,refusal,"0.526 [0.491, 0.561]","0.552 [0.489, 0.615]",0.000,0.518
"acl_prefilter=False,ablate=uniform_refusal,variant=fast_refusal",insider,with_reranker,960,logreg,content,"0.502 [0.465, 0.537]","0.504 [0.475, 0.535]",0.000,0.501
"acl_prefilter=False,ablate=uniform_refusal,variant=fast_refusal",insider,with_reranker,960,logreg,combined,"0.855 [0.833, 0.876]","0.991 [0.980, 0.999]",0.329,0.747
"acl_prefilter=False,ablate=uniform_refusal,variant=fast_refusal",insider,with_reranker,960,gboost,score,"0.656 [0.623, 0.689]","0.767 [0.719, 0.812]",0.237,0.613
"acl_prefilter=False,ablate=uniform_refusal,variant=fast_refusal",insider,with_reranker,960,gboost,reranker,"0.790 [0.763, 0.816]","0.982 [0.963, 0.996]",0.000,0.702
"acl_prefilter=False,ablate=uniform_refusal,variant=fast_refusal",insider,with_reranker,960,gboost,latency,"0.525 [0.491, 0.561]","0.555 [0.497, 0.619]",0.000,0.517
"acl_prefilter=False,ablate=uniform_refusal,variant=fast_refusal",insider,with_reranker,960,gboost,refusal,"0.526 [0.492, 0.561]","0.570 [0.500, 0.635]",0.000,0.518
"acl_prefilter=False,ablate=uniform_refusal,variant=fast_refusal",insider,with_reranker,960,gboost,content,"0.502 [0.473, 0.529]","0.504 [0.475, 0.535]",0.000,0.501
"acl_prefilter=False,ablate=uniform_refusal,variant=fast_refusal",insider,with_reranker,960,gboost,combined,"0.861 [0.840, 0.881]","0.989 [0.975, 1.000]",0.335,0.751
"acl_prefilter=False,ablate=uniform_refusal,variant=fast_refusal",outsider,text_only,960,threshold,rules,"0.505 [0.484, 0.526]","0.526 [0.469, 0.580]",0.000,0.506
"acl_prefilter=False,ablate=uniform_refusal,variant=fast_refusal",outsider,text_only,960,logreg,score,"0.500 [0.500, 0.500]","0.500 [0.500, 0.500]",0.000,0.500
"acl_prefilter=False,ablate=uniform_refusal,variant=fast_refusal",outsider,text_only,960,logreg,reranker,"0.500 [0.500, 0.500]","0.500 [0.500, 0.500]",0.000,0.500
"acl_prefilter=False,ablate=uniform_refusal,variant=fast_refusal",outsider,text_only,960,logreg,latency,"0.513 [0.477, 0.551]","0.519 [0.461, 0.577]",0.000,0.509
"acl_prefilter=False,ablate=uniform_refusal,variant=fast_refusal",outsider,text_only,960,logreg,refusal,"0.510 [0.477, 0.548]","0.519 [0.460, 0.577]",0.000,0.507
"acl_prefilter=False,ablate=uniform_refusal,variant=fast_refusal",outsider,text_only,960,logreg,content,"0.502 [0.466, 0.537]","0.508 [0.470, 0.544]",0.000,0.503
"acl_prefilter=False,ablate=uniform_refusal,variant=fast_refusal",outsider,text_only,960,logreg,combined,"0.511 [0.474, 0.548]","0.519 [0.461, 0.577]",0.006,0.507
"acl_prefilter=False,ablate=uniform_refusal,variant=fast_refusal",outsider,text_only,960,gboost,score,"0.500 [0.500, 0.500]","0.500 [0.500, 0.500]",0.000,0.500
"acl_prefilter=False,ablate=uniform_refusal,variant=fast_refusal",outsider,text_only,960,gboost,reranker,"0.500 [0.500, 0.500]","0.500 [0.500, 0.500]",0.000,0.500
"acl_prefilter=False,ablate=uniform_refusal,variant=fast_refusal",outsider,text_only,960,gboost,latency,"0.518 [0.486, 0.552]","0.550 [0.495, 0.602]",0.008,0.512
"acl_prefilter=False,ablate=uniform_refusal,variant=fast_refusal",outsider,text_only,960,gboost,refusal,"0.509 [0.477, 0.545]","0.520 [0.462, 0.578]",0.000,0.507
"acl_prefilter=False,ablate=uniform_refusal,variant=fast_refusal",outsider,text_only,960,gboost,content,"0.505 [0.471, 0.541]","0.509 [0.468, 0.550]",0.004,0.503
"acl_prefilter=False,ablate=uniform_refusal,variant=fast_refusal",outsider,text_only,960,gboost,combined,"0.517 [0.484, 0.551]","0.533 [0.477, 0.594]",0.017,0.511
"acl_prefilter=False,ablate=uniform_refusal,variant=fast_refusal",outsider,with_sources,960,threshold,rules,"0.505 [0.484, 0.526]","0.520 [0.463, 0.576]",0.000,0.501
"acl_prefilter=False,ablate=uniform_refusal,variant=fast_refusal",outsider,with_sources,960,logreg,score,"0.661 [0.628, 0.694]","0.776 [0.725, 0.820]",0.233,0.617
"acl_prefilter=False,ablate=uniform_refusal,variant=fast_refusal",outsider,with_sources,960,logreg,reranker,"0.500 [0.500, 0.500]","0.500 [0.500, 0.500]",0.000,0.500
"acl_prefilter=False,ablate=uniform_refusal,variant=fast_refusal",outsider,with_sources,960,logreg,latency,"0.513 [0.477, 0.551]","0.519 [0.461, 0.577]",0.000,0.509
"acl_prefilter=False,ablate=uniform_refusal,variant=fast_refusal",outsider,with_sources,960,logreg,refusal,"0.510 [0.477, 0.548]","0.519 [0.460, 0.577]",0.000,0.507
"acl_prefilter=False,ablate=uniform_refusal,variant=fast_refusal",outsider,with_sources,960,logreg,content,"0.502 [0.466, 0.537]","0.508 [0.470, 0.544]",0.000,0.503
"acl_prefilter=False,ablate=uniform_refusal,variant=fast_refusal",outsider,with_sources,960,logreg,combined,"0.659 [0.627, 0.692]","0.790 [0.736, 0.840]",0.248,0.613
"acl_prefilter=False,ablate=uniform_refusal,variant=fast_refusal",outsider,with_sources,960,gboost,score,"0.658 [0.624, 0.690]","0.780 [0.729, 0.827]",0.240,0.614
"acl_prefilter=False,ablate=uniform_refusal,variant=fast_refusal",outsider,with_sources,960,gboost,reranker,"0.500 [0.500, 0.500]","0.500 [0.500, 0.500]",0.000,0.500
"acl_prefilter=False,ablate=uniform_refusal,variant=fast_refusal",outsider,with_sources,960,gboost,latency,"0.518 [0.486, 0.552]","0.550 [0.495, 0.602]",0.008,0.512
"acl_prefilter=False,ablate=uniform_refusal,variant=fast_refusal",outsider,with_sources,960,gboost,refusal,"0.509 [0.477, 0.545]","0.520 [0.462, 0.578]",0.000,0.507
"acl_prefilter=False,ablate=uniform_refusal,variant=fast_refusal",outsider,with_sources,960,gboost,content,"0.505 [0.471, 0.541]","0.509 [0.468, 0.550]",0.004,0.503
"acl_prefilter=False,ablate=uniform_refusal,variant=fast_refusal",outsider,with_sources,960,gboost,combined,"0.657 [0.622, 0.689]","0.762 [0.705, 0.814]",0.237,0.616
"acl_prefilter=False,ablate=uniform_refusal,variant=fast_refusal",outsider,with_reranker,960,threshold,rules,"0.505 [0.484, 0.526]","0.520 [0.463, 0.576]",0.000,0.501
"acl_prefilter=False,ablate=uniform_refusal,variant=fast_refusal",outsider,with_reranker,960,logreg,score,"0.661 [0.628, 0.694]","0.776 [0.725, 0.820]",0.233,0.617
"acl_prefilter=False,ablate=uniform_refusal,variant=fast_refusal",outsider,with_reranker,960,logreg,reranker,"0.787 [0.759, 0.813]","0.982 [0.963, 0.996]",0.000,0.698
"acl_prefilter=False,ablate=uniform_refusal,variant=fast_refusal",outsider,with_reranker,960,logreg,latency,"0.513 [0.477, 0.551]","0.519 [0.461, 0.577]",0.000,0.509
"acl_prefilter=False,ablate=uniform_refusal,variant=fast_refusal",outsider,with_reranker,960,logreg,refusal,"0.510 [0.477, 0.548]","0.519 [0.460, 0.577]",0.000,0.507
"acl_prefilter=False,ablate=uniform_refusal,variant=fast_refusal",outsider,with_reranker,960,logreg,content,"0.502 [0.466, 0.537]","0.508 [0.470, 0.544]",0.000,0.503
"acl_prefilter=False,ablate=uniform_refusal,variant=fast_refusal",outsider,with_reranker,960,logreg,combined,"0.856 [0.833, 0.877]","0.994 [0.987, 0.999]",0.277,0.746
"acl_prefilter=False,ablate=uniform_refusal,variant=fast_refusal",outsider,with_reranker,960,gboost,score,"0.658 [0.624, 0.690]","0.780 [0.729, 0.827]",0.240,0.614
"acl_prefilter=False,ablate=uniform_refusal,variant=fast_refusal",outsider,with_reranker,960,gboost,reranker,"0.791 [0.763, 0.817]","0.982 [0.963, 0.996]",0.000,0.704
"acl_prefilter=False,ablate=uniform_refusal,variant=fast_refusal",outsider,with_reranker,960,gboost,latency,"0.518 [0.486, 0.552]","0.550 [0.495, 0.602]",0.008,0.512
"acl_prefilter=False,ablate=uniform_refusal,variant=fast_refusal",outsider,with_reranker,960,gboost,refusal,"0.509 [0.477, 0.545]","0.520 [0.462, 0.578]",0.000,0.507
"acl_prefilter=False,ablate=uniform_refusal,variant=fast_refusal",outsider,with_reranker,960,gboost,content,"0.505 [0.471, 0.541]","0.509 [0.468, 0.550]",0.004,0.503
"acl_prefilter=False,ablate=uniform_refusal,variant=fast_refusal",outsider,with_reranker,960,gboost,combined,"0.863 [0.842, 0.883]","0.991 [0.981, 0.999]",0.281,0.741
"acl_prefilter=False,ablate=uniform_refusal,variant=fast_refusal",all,text_only,1920,threshold,rules,"0.511 [0.494, 0.527]","0.544 [0.496, 0.588]",0.000,0.512
"acl_prefilter=False,ablate=uniform_refusal,variant=fast_refusal",all,text_only,1920,logreg,score,"0.500 [0.500, 0.500]","0.500 [0.500, 0.500]",0.000,0.500
"acl_prefilter=False,ablate=uniform_refusal,variant=fast_refusal",all,text_only,1920,logreg,reranker,"0.500 [0.500, 0.500]","0.500 [0.500, 0.500]",0.000,0.500
"acl_prefilter=False,ablate=uniform_refusal,variant=fast_refusal",all,text_only,1920,logreg,latency,"0.518 [0.492, 0.544]","0.537 [0.491, 0.580]",0.000,0.513
"acl_prefilter=False,ablate=uniform_refusal,variant=fast_refusal",all,text_only,1920,logreg,refusal,"0.518 [0.491, 0.542]","0.535 [0.488, 0.580]",0.000,0.512
"acl_prefilter=False,ablate=uniform_refusal,variant=fast_refusal",all,text_only,1920,logreg,content,"0.504 [0.476, 0.528]","0.506 [0.482, 0.530]",0.000,0.502
"acl_prefilter=False,ablate=uniform_refusal,variant=fast_refusal",all,text_only,1920,logreg,combined,"0.518 [0.492, 0.545]","0.542 [0.495, 0.584]",0.006,0.513
"acl_prefilter=False,ablate=uniform_refusal,variant=fast_refusal",all,text_only,1920,gboost,score,"0.500 [0.500, 0.500]","0.500 [0.500, 0.500]",0.000,0.500
"acl_prefilter=False,ablate=uniform_refusal,variant=fast_refusal",all,text_only,1920,gboost,reranker,"0.500 [0.500, 0.500]","0.500 [0.500, 0.500]",0.000,0.500
"acl_prefilter=False,ablate=uniform_refusal,variant=fast_refusal",all,text_only,1920,gboost,latency,"0.522 [0.496, 0.547]","0.552 [0.506, 0.592]",0.010,0.515
"acl_prefilter=False,ablate=uniform_refusal,variant=fast_refusal",all,text_only,1920,gboost,refusal,"0.518 [0.491, 0.543]","0.544 [0.499, 0.587]",0.000,0.512
"acl_prefilter=False,ablate=uniform_refusal,variant=fast_refusal",all,text_only,1920,gboost,content,"0.503 [0.477, 0.525]","0.506 [0.483, 0.529]",0.002,0.501
"acl_prefilter=False,ablate=uniform_refusal,variant=fast_refusal",all,text_only,1920,gboost,combined,"0.514 [0.488, 0.539]","0.526 [0.476, 0.570]",0.006,0.511
"acl_prefilter=False,ablate=uniform_refusal,variant=fast_refusal",all,with_sources,1920,threshold,rules,"0.512 [0.495, 0.528]","0.543 [0.495, 0.587]",0.000,0.505
"acl_prefilter=False,ablate=uniform_refusal,variant=fast_refusal",all,with_sources,1920,logreg,score,"0.658 [0.633, 0.680]","0.771 [0.737, 0.804]",0.233,0.617
"acl_prefilter=False,ablate=uniform_refusal,variant=fast_refusal",all,with_sources,1920,logreg,reranker,"0.500 [0.500, 0.500]","0.500 [0.500, 0.500]",0.000,0.500
"acl_prefilter=False,ablate=uniform_refusal,variant=fast_refusal",all,with_sources,1920,logreg,latency,"0.518 [0.492, 0.544]","0.537 [0.491, 0.580]",0.000,0.513
"acl_prefilter=False,ablate=uniform_refusal,variant=fast_refusal",all,with_sources,1920,logreg,refusal,"0.518 [0.491, 0.542]","0.535 [0.488, 0.580]",0.000,0.512
"acl_prefilter=False,ablate=uniform_refusal,variant=fast_refusal",all,with_sources,1920,logreg,content,"0.504 [0.476, 0.528]","0.506 [0.482, 0.530]",0.000,0.502
"acl_prefilter=False,ablate=uniform_refusal,variant=fast_refusal",all,with_sources,1920,logreg,combined,"0.655 [0.630, 0.677]","0.775 [0.735, 0.814]",0.245,0.612
"acl_prefilter=False,ablate=uniform_refusal,variant=fast_refusal",all,with_sources,1920,gboost,score,"0.658 [0.634, 0.680]","0.776 [0.741, 0.809]",0.240,0.616
"acl_prefilter=False,ablate=uniform_refusal,variant=fast_refusal",all,with_sources,1920,gboost,reranker,"0.500 [0.500, 0.500]","0.500 [0.500, 0.500]",0.000,0.500
"acl_prefilter=False,ablate=uniform_refusal,variant=fast_refusal",all,with_sources,1920,gboost,latency,"0.522 [0.496, 0.547]","0.552 [0.506, 0.592]",0.010,0.515
"acl_prefilter=False,ablate=uniform_refusal,variant=fast_refusal",all,with_sources,1920,gboost,refusal,"0.518 [0.491, 0.543]","0.544 [0.499, 0.587]",0.000,0.512
"acl_prefilter=False,ablate=uniform_refusal,variant=fast_refusal",all,with_sources,1920,gboost,content,"0.503 [0.477, 0.525]","0.506 [0.483, 0.529]",0.002,0.501
"acl_prefilter=False,ablate=uniform_refusal,variant=fast_refusal",all,with_sources,1920,gboost,combined,"0.658 [0.634, 0.678]","0.763 [0.721, 0.802]",0.239,0.618
"acl_prefilter=False,ablate=uniform_refusal,variant=fast_refusal",all,with_reranker,1920,threshold,rules,"0.512 [0.495, 0.528]","0.543 [0.495, 0.587]",0.000,0.505
"acl_prefilter=False,ablate=uniform_refusal,variant=fast_refusal",all,with_reranker,1920,logreg,score,"0.658 [0.633, 0.680]","0.771 [0.737, 0.804]",0.233,0.617
"acl_prefilter=False,ablate=uniform_refusal,variant=fast_refusal",all,with_reranker,1920,logreg,reranker,"0.787 [0.767, 0.806]","0.982 [0.970, 0.993]",0.000,0.697
"acl_prefilter=False,ablate=uniform_refusal,variant=fast_refusal",all,with_reranker,1920,logreg,latency,"0.518 [0.492, 0.544]","0.537 [0.491, 0.580]",0.000,0.513
"acl_prefilter=False,ablate=uniform_refusal,variant=fast_refusal",all,with_reranker,1920,logreg,refusal,"0.518 [0.491, 0.542]","0.535 [0.488, 0.580]",0.000,0.512
"acl_prefilter=False,ablate=uniform_refusal,variant=fast_refusal",all,with_reranker,1920,logreg,content,"0.504 [0.476, 0.528]","0.506 [0.482, 0.530]",0.000,0.502
"acl_prefilter=False,ablate=uniform_refusal,variant=fast_refusal",all,with_reranker,1920,logreg,combined,"0.855 [0.838, 0.869]","0.991 [0.983, 0.997]",0.303,0.746
"acl_prefilter=False,ablate=uniform_refusal,variant=fast_refusal",all,with_reranker,1920,gboost,score,"0.658 [0.634, 0.680]","0.776 [0.741, 0.809]",0.240,0.616
"acl_prefilter=False,ablate=uniform_refusal,variant=fast_refusal",all,with_reranker,1920,gboost,reranker,"0.790 [0.769, 0.808]","0.982 [0.970, 0.993]",0.000,0.703
"acl_prefilter=False,ablate=uniform_refusal,variant=fast_refusal",all,with_reranker,1920,gboost,latency,"0.522 [0.496, 0.547]","0.552 [0.506, 0.592]",0.010,0.515
"acl_prefilter=False,ablate=uniform_refusal,variant=fast_refusal",all,with_reranker,1920,gboost,refusal,"0.518 [0.491, 0.543]","0.544 [0.499, 0.587]",0.000,0.512
"acl_prefilter=False,ablate=uniform_refusal,variant=fast_refusal",all,with_reranker,1920,gboost,content,"0.503 [0.477, 0.525]","0.506 [0.483, 0.529]",0.002,0.501
"acl_prefilter=False,ablate=uniform_refusal,variant=fast_refusal",all,with_reranker,1920,gboost,combined,"0.862 [0.847, 0.876]","0.990 [0.981, 0.997]",0.307,0.740
"acl_prefilter=False,ablate=uniform_refusal,variant=pad30",insider,text_only,960,threshold,rules,"0.518 [0.495, 0.541]","0.567 [0.500, 0.631]",0.000,0.518
"acl_prefilter=False,ablate=uniform_refusal,variant=pad30",insider,text_only,960,logreg,score,"0.500 [0.500, 0.500]","0.500 [0.500, 0.500]",0.000,0.500
"acl_prefilter=False,ablate=uniform_refusal,variant=pad30",insider,text_only,960,logreg,reranker,"0.500 [0.500, 0.500]","0.500 [0.500, 0.500]",0.000,0.500
"acl_prefilter=False,ablate=uniform_refusal,variant=pad30",insider,text_only,960,logreg,latency,"0.522 [0.488, 0.559]","0.560 [0.490, 0.632]",0.002,0.517
"acl_prefilter=False,ablate=uniform_refusal,variant=pad30",insider,text_only,960,logreg,refusal,"0.526 [0.491, 0.561]","0.552 [0.489, 0.615]",0.000,0.518
"acl_prefilter=False,ablate=uniform_refusal,variant=pad30",insider,text_only,960,logreg,content,"0.502 [0.465, 0.537]","0.504 [0.475, 0.535]",0.000,0.501
"acl_prefilter=False,ablate=uniform_refusal,variant=pad30",insider,text_only,960,logreg,combined,"0.539 [0.501, 0.576]","0.575 [0.503, 0.647]",0.002,0.524
"acl_prefilter=False,ablate=uniform_refusal,variant=pad30",insider,text_only,960,gboost,score,"0.500 [0.500, 0.500]","0.500 [0.500, 0.500]",0.000,0.500
"acl_prefilter=False,ablate=uniform_refusal,variant=pad30",insider,text_only,960,gboost,reranker,"0.500 [0.500, 0.500]","0.500 [0.500, 0.500]",0.000,0.500
"acl_prefilter=False,ablate=uniform_refusal,variant=pad30",insider,text_only,960,gboost,latency,"0.515 [0.477, 0.551]","0.554 [0.482, 0.625]",0.000,0.507
"acl_prefilter=False,ablate=uniform_refusal,variant=pad30",insider,text_only,960,gboost,refusal,"0.526 [0.492, 0.561]","0.570 [0.500, 0.635]",0.000,0.518
"acl_prefilter=False,ablate=uniform_refusal,variant=pad30",insider,text_only,960,gboost,content,"0.502 [0.473, 0.529]","0.504 [0.475, 0.535]",0.000,0.501
"acl_prefilter=False,ablate=uniform_refusal,variant=pad30",insider,text_only,960,gboost,combined,"0.519 [0.481, 0.555]","0.577 [0.502, 0.649]",0.017,0.509
"acl_prefilter=False,ablate=uniform_refusal,variant=pad30",insider,with_sources,960,threshold,rules,"0.519 [0.497, 0.542]","0.571 [0.505, 0.635]",0.000,0.508
"acl_prefilter=False,ablate=uniform_refusal,variant=pad30",insider,with_sources,960,logreg,score,"0.656 [0.622, 0.689]","0.771 [0.722, 0.814]",0.233,0.614
"acl_prefilter=False,ablate=uniform_refusal,variant=pad30",insider,with_sources,960,logreg,reranker,"0.500 [0.500, 0.500]","0.500 [0.500, 0.500]",0.000,0.500
"acl_prefilter=False,ablate=uniform_refusal,variant=pad30",insider,with_sources,960,logreg,latency,"0.522 [0.488, 0.559]","0.560 [0.490, 0.632]",0.002,0.517
"acl_prefilter=False,ablate=uniform_refusal,variant=pad30",insider,with_sources,960,logreg,refusal,"0.526 [0.491, 0.561]","0.552 [0.489, 0.615]",0.000,0.518
"acl_prefilter=False,ablate=uniform_refusal,variant=pad30",insider,with_sources,960,logreg,content,"0.502 [0.465, 0.537]","0.504 [0.475, 0.535]",0.000,0.501
"acl_prefilter=False,ablate=uniform_refusal,variant=pad30",insider,with_sources,960,logreg,combined,"0.657 [0.622, 0.691]","0.796 [0.741, 0.846]",0.235,0.619
"acl_prefilter=False,ablate=uniform_refusal,variant=pad30",insider,with_sources,960,gboost,score,"0.657 [0.623, 0.690]","0.773 [0.725, 0.815]",0.233,0.613
"acl_prefilter=False,ablate=uniform_refusal,variant=pad30",insider,with_sources,960,gboost,reranker,"0.500 [0.500, 0.500]","0.500 [0.500, 0.500]",0.000,0.500
"acl_prefilter=False,ablate=uniform_refusal,variant=pad30",insider,with_sources,960,gboost,latency,"0.515 [0.477, 0.551]","0.554 [0.482, 0.625]",0.000,0.507
"acl_prefilter=False,ablate=uniform_refusal,variant=pad30",insider,with_sources,960,gboost,refusal,"0.526 [0.492, 0.561]","0.570 [0.500, 0.635]",0.000,0.518
"acl_prefilter=False,ablate=uniform_refusal,variant=pad30",insider,with_sources,960,gboost,content,"0.502 [0.473, 0.529]","0.504 [0.475, 0.535]",0.000,0.501
"acl_prefilter=False,ablate=uniform_refusal,variant=pad30",insider,with_sources,960,gboost,combined,"0.641 [0.607, 0.676]","0.777 [0.719, 0.833]",0.237,0.605
"acl_prefilter=False,ablate=uniform_refusal,variant=pad30",insider,with_reranker,960,threshold,rules,"0.519 [0.497, 0.542]","0.571 [0.505, 0.635]",0.000,0.508
"acl_prefilter=False,ablate=uniform_refusal,variant=pad30",insider,with_reranker,960,logreg,score,"0.656 [0.622, 0.689]","0.771 [0.722, 0.814]",0.233,0.614
"acl_prefilter=False,ablate=uniform_refusal,variant=pad30",insider,with_reranker,960,logreg,reranker,"0.786 [0.759, 0.812]","0.982 [0.963, 0.996]",0.000,0.696
"acl_prefilter=False,ablate=uniform_refusal,variant=pad30",insider,with_reranker,960,logreg,latency,"0.522 [0.488, 0.559]","0.560 [0.490, 0.632]",0.002,0.517
"acl_prefilter=False,ablate=uniform_refusal,variant=pad30",insider,with_reranker,960,logreg,refusal,"0.526 [0.491, 0.561]","0.552 [0.489, 0.615]",0.000,0.518
"acl_prefilter=False,ablate=uniform_refusal,variant=pad30",insider,with_reranker,960,logreg,content,"0.502 [0.465, 0.537]","0.504 [0.475, 0.535]",0.000,0.501
"acl_prefilter=False,ablate=uniform_refusal,variant=pad30",insider,with_reranker,960,logreg,combined,"0.856 [0.834, 0.877]","0.991 [0.979, 0.999]",0.375,0.738
"acl_prefilter=False,ablate=uniform_refusal,variant=pad30",insider,with_reranker,960,gboost,score,"0.657 [0.623, 0.690]","0.773 [0.725, 0.815]",0.233,0.613
"acl_prefilter=False,ablate=uniform_refusal,variant=pad30",insider,with_reranker,960,gboost,reranker,"0.790 [0.763, 0.816]","0.982 [0.963, 0.996]",0.000,0.702
"acl_prefilter=False,ablate=uniform_refusal,variant=pad30",insider,with_reranker,960,gboost,latency,"0.515 [0.477, 0.551]","0.554 [0.482, 0.625]",0.000,0.507
"acl_prefilter=False,ablate=uniform_refusal,variant=pad30",insider,with_reranker,960,gboost,refusal,"0.526 [0.492, 0.561]","0.570 [0.500, 0.635]",0.000,0.518
"acl_prefilter=False,ablate=uniform_refusal,variant=pad30",insider,with_reranker,960,gboost,content,"0.502 [0.473, 0.529]","0.504 [0.475, 0.535]",0.000,0.501
"acl_prefilter=False,ablate=uniform_refusal,variant=pad30",insider,with_reranker,960,gboost,combined,"0.850 [0.826, 0.872]","0.990 [0.980, 0.998]",0.338,0.733
"acl_prefilter=False,ablate=uniform_refusal,variant=pad30",outsider,text_only,960,threshold,rules,"0.506 [0.484, 0.526]","0.525 [0.469, 0.582]",0.000,0.506
"acl_prefilter=False,ablate=uniform_refusal,variant=pad30",outsider,text_only,960,logreg,score,"0.500 [0.500, 0.500]","0.500 [0.500, 0.500]",0.000,0.500
"acl_prefilter=False,ablate=uniform_refusal,variant=pad30",outsider,text_only,960,logreg,reranker,"0.500 [0.500, 0.500]","0.500 [0.500, 0.500]",0.000,0.500
"acl_prefilter=False,ablate=uniform_refusal,variant=pad30",outsider,text_only,960,logreg,latency,"0.510 [0.471, 0.548]","0.530 [0.457, 0.601]",0.010,0.506
"acl_prefilter=False,ablate=uniform_refusal,variant=pad30",outsider,text_only,960,logreg,refusal,"0.508 [0.475, 0.549]","0.518 [0.460, 0.576]",0.000,0.506
"acl_prefilter=False,ablate=uniform_refusal,variant=pad30",outsider,text_only,960,logreg,content,"0.499 [0.462, 0.535]","0.492 [0.455, 0.532]",0.006,0.500
"acl_prefilter=False,ablate=uniform_refusal,variant=pad30",outsider,text_only,960,logreg,combined,"0.511 [0.477, 0.547]","0.524 [0.453, 0.594]",0.002,0.515
"acl_prefilter=False,ablate=uniform_refusal,variant=pad30",outsider,text_only,960,gboost,score,"0.500 [0.500, 0.500]","0.500 [0.500, 0.500]",0.000,0.500
"acl_prefilter=False,ablate=uniform_refusal,variant=pad30",outsider,text_only,960,gboost,reranker,"0.500 [0.500, 0.500]","0.500 [0.500, 0.500]",0.000,0.500
"acl_prefilter=False,ablate=uniform_refusal,variant=pad30",outsider,text_only,960,gboost,latency,"0.522 [0.487, 0.558]","0.530 [0.457, 0.605]",0.019,0.520
"acl_prefilter=False,ablate=uniform_refusal,variant=pad30",outsider,text_only,960,gboost,refusal,"0.508 [0.475, 0.545]","0.519 [0.461, 0.579]",0.000,0.505
"acl_prefilter=False,ablate=uniform_refusal,variant=pad30",outsider,text_only,960,gboost,content,"0.504 [0.467, 0.538]","0.508 [0.470, 0.547]",0.004,0.502
"acl_prefilter=False,ablate=uniform_refusal,variant=pad30",outsider,text_only,960,gboost,combined,"0.523 [0.489, 0.559]","0.533 [0.459, 0.608]",0.023,0.530
"acl_prefilter=False,ablate=uniform_refusal,variant=pad30",outsider,with_sources,960,threshold,rules,"0.506 [0.484, 0.527]","0.519 [0.463, 0.574]",0.000,0.501
"acl_prefilter=False,ablate=uniform_refusal,variant=pad30",outsider,with_sources,960,logreg,score,"0.661 [0.628, 0.694]","0.776 [0.725, 0.820]",0.233,0.617
"acl_prefilter=False,ablate=uniform_refusal,variant=pad30",outsider,with_sources,960,logreg,reranker,"0.500 [0.500, 0.500]","0.500 [0.500, 0.500]",0.000,0.500
"acl_prefilter=False,ablate=uniform_refusal,variant=pad30",outsider,with_sources,960,logreg,latency,"0.510 [0.471, 0.548]","0.530 [0.457, 0.601]",0.010,0.506
"acl_prefilter=False,ablate=uniform_refusal,variant=pad30",outsider,with_sources,960,logreg,refusal,"0.508 [0.475, 0.549]","0.518 [0.460, 0.576]",0.000,0.506
"acl_prefilter=False,ablate=uniform_refusal,variant=pad30",outsider,with_sources,960,logreg,content,"0.499 [0.462, 0.535]","0.492 [0.455, 0.532]",0.006,0.500
"acl_prefilter=False,ablate=uniform_refusal,variant=pad30",outsider,with_sources,960,logreg,combined,"0.661 [0.626, 0.694]","0.792 [0.732, 0.844]",0.246,0.600
"acl_prefilter=False,ablate=uniform_refusal,variant=pad30",outsider,with_sources,960,gboost,score,"0.658 [0.624, 0.690]","0.780 [0.729, 0.827]",0.240,0.614
"acl_prefilter=False,ablate=uniform_refusal,variant=pad30",outsider,with_sources,960,gboost,reranker,"0.500 [0.500, 0.500]","0.500 [0.500, 0.500]",0.000,0.500
"acl_prefilter=False,ablate=uniform_refusal,variant=pad30",outsider,with_sources,960,gboost,latency,"0.522 [0.487, 0.558]","0.530 [0.457, 0.605]",0.019,0.520
"acl_prefilter=False,ablate=uniform_refusal,variant=pad30",outsider,with_sources,960,gboost,refusal,"0.508 [0.475, 0.545]","0.519 [0.461, 0.579]",0.000,0.505
"acl_prefilter=False,ablate=uniform_refusal,variant=pad30",outsider,with_sources,960,gboost,content,"0.504 [0.467, 0.538]","0.508 [0.470, 0.547]",0.004,0.502
"acl_prefilter=False,ablate=uniform_refusal,variant=pad30",outsider,with_sources,960,gboost,combined,"0.654 [0.618, 0.688]","0.763 [0.702, 0.820]",0.248,0.597
"acl_prefilter=False,ablate=uniform_refusal,variant=pad30",outsider,with_reranker,960,threshold,rules,"0.506 [0.484, 0.527]","0.519 [0.463, 0.574]",0.000,0.501
"acl_prefilter=False,ablate=uniform_refusal,variant=pad30",outsider,with_reranker,960,logreg,score,"0.661 [0.628, 0.694]","0.776 [0.725, 0.820]",0.233,0.617
"acl_prefilter=False,ablate=uniform_refusal,variant=pad30",outsider,with_reranker,960,logreg,reranker,"0.787 [0.759, 0.813]","0.982 [0.963, 0.996]",0.000,0.698
"acl_prefilter=False,ablate=uniform_refusal,variant=pad30",outsider,with_reranker,960,logreg,latency,"0.510 [0.471, 0.548]","0.530 [0.457, 0.601]",0.010,0.506
"acl_prefilter=False,ablate=uniform_refusal,variant=pad30",outsider,with_reranker,960,logreg,refusal,"0.508 [0.475, 0.549]","0.518 [0.460, 0.576]",0.000,0.506
"acl_prefilter=False,ablate=uniform_refusal,variant=pad30",outsider,with_reranker,960,logreg,content,"0.499 [0.462, 0.535]","0.492 [0.455, 0.532]",0.006,0.500
"acl_prefilter=False,ablate=uniform_refusal,variant=pad30",outsider,with_reranker,960,logreg,combined,"0.858 [0.834, 0.878]","0.994 [0.987, 0.999]",0.325,0.750
"acl_prefilter=False,ablate=uniform_refusal,variant=pad30",outsider,with_reranker,960,gboost,score,"0.658 [0.624, 0.690]","0.780 [0.729, 0.827]",0.240,0.614
"acl_prefilter=False,ablate=uniform_refusal,variant=pad30",outsider,with_reranker,960,gboost,reranker,"0.791 [0.763, 0.817]","0.982 [0.963, 0.996]",0.000,0.704
"acl_prefilter=False,ablate=uniform_refusal,variant=pad30",outsider,with_reranker,960,gboost,latency,"0.522 [0.487, 0.558]","0.530 [0.457, 0.605]",0.019,0.520
"acl_prefilter=False,ablate=uniform_refusal,variant=pad30",outsider,with_reranker,960,gboost,refusal,"0.508 [0.475, 0.545]","0.519 [0.461, 0.579]",0.000,0.505
"acl_prefilter=False,ablate=uniform_refusal,variant=pad30",outsider,with_reranker,960,gboost,content,"0.504 [0.467, 0.538]","0.508 [0.470, 0.547]",0.004,0.502
"acl_prefilter=False,ablate=uniform_refusal,variant=pad30",outsider,with_reranker,960,gboost,combined,"0.864 [0.841, 0.883]","0.993 [0.985, 0.998]",0.338,0.749
"acl_prefilter=False,ablate=uniform_refusal,variant=pad30",all,text_only,1920,threshold,rules,"0.512 [0.495, 0.528]","0.544 [0.496, 0.588]",0.000,0.512
"acl_prefilter=False,ablate=uniform_refusal,variant=pad30",all,text_only,1920,logreg,score,"0.500 [0.500, 0.500]","0.500 [0.500, 0.500]",0.000,0.500
"acl_prefilter=False,ablate=uniform_refusal,variant=pad30",all,text_only,1920,logreg,reranker,"0.500 [0.500, 0.500]","0.500 [0.500, 0.500]",0.000,0.500
"acl_prefilter=False,ablate=uniform_refusal,variant=pad30",all,text_only,1920,logreg,latency,"0.500 [0.473, 0.524]","0.501 [0.452, 0.551]",0.010,0.500
"acl_prefilter=False,ablate=uniform_refusal,variant=pad30",all,text_only,1920,logreg,refusal,"0.517 [0.490, 0.542]","0.534 [0.484, 0.578]",0.000,0.512
"acl_prefilter=False,ablate=uniform_refusal,variant=pad30",all,text_only,1920,logreg,content,"0.500 [0.473, 0.523]","0.494 [0.470, 0.521]",0.005,0.500
"acl_prefilter=False,ablate=uniform_refusal,variant=pad30",all,text_only,1920,logreg,combined,"0.520 [0.493, 0.546]","0.544 [0.492, 0.593]",0.008,0.514
"acl_prefilter=False,ablate=uniform_refusal,variant=pad30",all,text_only,1920,gboost,score,"0.500 [0.500, 0.500]","0.500 [0.500, 0.500]",0.000,0.500
"acl_prefilter=False,ablate=uniform_refusal,variant=pad30",all,text_only,1920,gboost,reranker,"0.500 [0.500, 0.500]","0.500 [0.500, 0.500]",0.000,0.500
"acl_prefilter=False,ablate=uniform_refusal,variant=pad30",all,text_only,1920,gboost,latency,"0.539 [0.513, 0.564]","0.562 [0.512, 0.613]",0.014,0.530
"acl_prefilter=False,ablate=uniform_refusal,variant=pad30",all,text_only,1920,gboost,refusal,"0.517 [0.490, 0.543]","0.542 [0.497, 0.585]",0.000,0.512
"acl_prefilter=False,ablate=uniform_refusal,variant=pad30",all,text_only,1920,gboost,content,"0.503 [0.477, 0.525]","0.506 [0.481, 0.530]",0.000,0.501
"acl_prefilter=False,ablate=uniform_refusal,variant=pad30",all,text_only,1920,gboost,combined,"0.544 [0.519, 0.569]","0.580 [0.532, 0.633]",0.011,0.531
"acl_prefilter=False,ablate=uniform_refusal,variant=pad30",all,with_sources,1920,threshold,rules,"0.512 [0.496, 0.528]","0.543 [0.496, 0.586]",0.000,0.505
"acl_prefilter=False,ablate=uniform_refusal,variant=pad30",all,with_sources,1920,logreg,score,"0.658 [0.633, 0.680]","0.771 [0.737, 0.804]",0.233,0.617
"acl_prefilter=False,ablate=uniform_refusal,variant=pad30",all,with_sources,1920,logreg,reranker,"0.500 [0.500, 0.500]","0.500 [0.500, 0.500]",0.000,0.500
"acl_prefilter=False,ablate=uniform_refusal,variant=pad30",all,with_sources,1920,logreg,latency,"0.500 [0.473, 0.524]","0.501 [0.452, 0.551]",0.010,0.500
"acl_prefilter=False,ablate=uniform_refusal,variant=pad30",all,with_sources,1920,logreg,refusal,"0.517 [0.490, 0.542]","0.534 [0.484, 0.578]",0.000,0.512
"acl_prefilter=False,ablate=uniform_refusal,variant=pad30",all,with_sources,1920,logreg,content,"0.500 [0.473, 0.523]","0.494 [0.470, 0.521]",0.005,0.500
"acl_prefilter=False,ablate=uniform_refusal,variant=pad30",all,with_sources,1920,logreg,combined,"0.655 [0.629, 0.677]","0.775 [0.732, 0.815]",0.235,0.615
"acl_prefilter=False,ablate=uniform_refusal,variant=pad30",all,with_sources,1920,gboost,score,"0.658 [0.634, 0.680]","0.776 [0.741, 0.809]",0.240,0.615
"acl_prefilter=False,ablate=uniform_refusal,variant=pad30",all,with_sources,1920,gboost,reranker,"0.500 [0.500, 0.500]","0.500 [0.500, 0.500]",0.000,0.500
"acl_prefilter=False,ablate=uniform_refusal,variant=pad30",all,with_sources,1920,gboost,latency,"0.539 [0.513, 0.564]","0.562 [0.512, 0.613]",0.014,0.530
"acl_prefilter=False,ablate=uniform_refusal,variant=pad30",all,with_sources,1920,gboost,refusal,"0.517 [0.490, 0.543]","0.542 [0.497, 0.585]",0.000,0.512
"acl_prefilter=False,ablate=uniform_refusal,variant=pad30",all,with_sources,1920,gboost,content,"0.503 [0.477, 0.525]","0.506 [0.481, 0.530]",0.000,0.501
"acl_prefilter=False,ablate=uniform_refusal,variant=pad30",all,with_sources,1920,gboost,combined,"0.659 [0.634, 0.682]","0.773 [0.733, 0.811]",0.245,0.599
"acl_prefilter=False,ablate=uniform_refusal,variant=pad30",all,with_reranker,1920,threshold,rules,"0.512 [0.496, 0.528]","0.543 [0.496, 0.586]",0.000,0.505
"acl_prefilter=False,ablate=uniform_refusal,variant=pad30",all,with_reranker,1920,logreg,score,"0.658 [0.633, 0.680]","0.771 [0.737, 0.804]",0.233,0.617
"acl_prefilter=False,ablate=uniform_refusal,variant=pad30",all,with_reranker,1920,logreg,reranker,"0.787 [0.767, 0.806]","0.982 [0.970, 0.993]",0.000,0.697
"acl_prefilter=False,ablate=uniform_refusal,variant=pad30",all,with_reranker,1920,logreg,latency,"0.500 [0.473, 0.524]","0.501 [0.452, 0.551]",0.010,0.500
"acl_prefilter=False,ablate=uniform_refusal,variant=pad30",all,with_reranker,1920,logreg,refusal,"0.517 [0.490, 0.542]","0.534 [0.484, 0.578]",0.000,0.512
"acl_prefilter=False,ablate=uniform_refusal,variant=pad30",all,with_reranker,1920,logreg,content,"0.500 [0.473, 0.523]","0.494 [0.470, 0.521]",0.005,0.500
"acl_prefilter=False,ablate=uniform_refusal,variant=pad30",all,with_reranker,1920,logreg,combined,"0.856 [0.839, 0.871]","0.992 [0.984, 0.997]",0.345,0.740
"acl_prefilter=False,ablate=uniform_refusal,variant=pad30",all,with_reranker,1920,gboost,score,"0.658 [0.634, 0.680]","0.776 [0.741, 0.809]",0.240,0.615
"acl_prefilter=False,ablate=uniform_refusal,variant=pad30",all,with_reranker,1920,gboost,reranker,"0.790 [0.769, 0.808]","0.982 [0.970, 0.993]",0.000,0.703
"acl_prefilter=False,ablate=uniform_refusal,variant=pad30",all,with_reranker,1920,gboost,latency,"0.539 [0.513, 0.564]","0.562 [0.512, 0.613]",0.014,0.530
"acl_prefilter=False,ablate=uniform_refusal,variant=pad30",all,with_reranker,1920,gboost,refusal,"0.517 [0.490, 0.543]","0.542 [0.497, 0.585]",0.000,0.512
"acl_prefilter=False,ablate=uniform_refusal,variant=pad30",all,with_reranker,1920,gboost,content,"0.503 [0.477, 0.525]","0.506 [0.481, 0.530]",0.000,0.501
"acl_prefilter=False,ablate=uniform_refusal,variant=pad30",all,with_reranker,1920,gboost,combined,"0.860 [0.843, 0.875]","0.990 [0.981, 0.996]",0.365,0.747
"acl_prefilter=False,ablate=uniform_refusal,variant=deadline2s",insider,text_only,960,threshold,rules,"0.518 [0.495, 0.541]","0.567 [0.500, 0.631]",0.000,0.518
"acl_prefilter=False,ablate=uniform_refusal,variant=deadline2s",insider,text_only,960,logreg,score,"0.500 [0.500, 0.500]","0.500 [0.500, 0.500]",0.000,0.500
"acl_prefilter=False,ablate=uniform_refusal,variant=deadline2s",insider,text_only,960,logreg,reranker,"0.500 [0.500, 0.500]","0.500 [0.500, 0.500]",0.000,0.500
"acl_prefilter=False,ablate=uniform_refusal,variant=deadline2s",insider,text_only,960,logreg,latency,"0.500 [0.500, 0.500]","0.500 [0.500, 0.500]",0.000,0.500
"acl_prefilter=False,ablate=uniform_refusal,variant=deadline2s",insider,text_only,960,logreg,refusal,"0.526 [0.491, 0.561]","0.552 [0.489, 0.615]",0.000,0.518
"acl_prefilter=False,ablate=uniform_refusal,variant=deadline2s",insider,text_only,960,logreg,content,"0.502 [0.465, 0.537]","0.504 [0.475, 0.535]",0.000,0.501
"acl_prefilter=False,ablate=uniform_refusal,variant=deadline2s",insider,text_only,960,logreg,combined,"0.526 [0.491, 0.561]","0.551 [0.483, 0.614]",0.000,0.518
"acl_prefilter=False,ablate=uniform_refusal,variant=deadline2s",insider,text_only,960,gboost,score,"0.500 [0.500, 0.500]","0.500 [0.500, 0.500]",0.000,0.500
"acl_prefilter=False,ablate=uniform_refusal,variant=deadline2s",insider,text_only,960,gboost,reranker,"0.500 [0.500, 0.500]","0.500 [0.500, 0.500]",0.000,0.500
"acl_prefilter=False,ablate=uniform_refusal,variant=deadline2s",insider,text_only,960,gboost,latency,"0.500 [0.500, 0.500]","0.500 [0.500, 0.500]",0.000,0.500
"acl_prefilter=False,ablate=uniform_refusal,variant=deadline2s",insider,text_only,960,gboost,refusal,"0.526 [0.492, 0.561]","0.570 [0.500, 0.635]",0.000,0.518
"acl_prefilter=False,ablate=uniform_refusal,variant=deadline2s",insider,text_only,960,gboost,content,"0.502 [0.473, 0.529]","0.504 [0.475, 0.535]",0.000,0.501
"acl_prefilter=False,ablate=uniform_refusal,variant=deadline2s",insider,text_only,960,gboost,combined,"0.526 [0.491, 0.562]","0.564 [0.494, 0.626]",0.000,0.518
"acl_prefilter=False,ablate=uniform_refusal,variant=deadline2s",insider,with_sources,960,threshold,rules,"0.519 [0.497, 0.542]","0.571 [0.505, 0.635]",0.000,0.508
"acl_prefilter=False,ablate=uniform_refusal,variant=deadline2s",insider,with_sources,960,logreg,score,"0.656 [0.622, 0.689]","0.771 [0.722, 0.814]",0.233,0.614
"acl_prefilter=False,ablate=uniform_refusal,variant=deadline2s",insider,with_sources,960,logreg,reranker,"0.500 [0.500, 0.500]","0.500 [0.500, 0.500]",0.000,0.500
"acl_prefilter=False,ablate=uniform_refusal,variant=deadline2s",insider,with_sources,960,logreg,latency,"0.500 [0.500, 0.500]","0.500 [0.500, 0.500]",0.000,0.500
"acl_prefilter=False,ablate=uniform_refusal,variant=deadline2s",insider,with_sources,960,logreg,refusal,"0.526 [0.491, 0.561]","0.552 [0.489, 0.615]",0.000,0.518
"acl_prefilter=False,ablate=uniform_refusal,variant=deadline2s",insider,with_sources,960,logreg,content,"0.502 [0.465, 0.537]","0.504 [0.475, 0.535]",0.000,0.501
"acl_prefilter=False,ablate=uniform_refusal,variant=deadline2s",insider,with_sources,960,logreg,combined,"0.656 [0.623, 0.690]","0.782 [0.726, 0.835]",0.233,0.614
"acl_prefilter=False,ablate=uniform_refusal,variant=deadline2s",insider,with_sources,960,gboost,score,"0.656 [0.623, 0.689]","0.767 [0.719, 0.812]",0.237,0.613
"acl_prefilter=False,ablate=uniform_refusal,variant=deadline2s",insider,with_sources,960,gboost,reranker,"0.500 [0.500, 0.500]","0.500 [0.500, 0.500]",0.000,0.500
"acl_prefilter=False,ablate=uniform_refusal,variant=deadline2s",insider,with_sources,960,gboost,latency,"0.500 [0.500, 0.500]","0.500 [0.500, 0.500]",0.000,0.500
"acl_prefilter=False,ablate=uniform_refusal,variant=deadline2s",insider,with_sources,960,gboost,refusal,"0.526 [0.492, 0.561]","0.570 [0.500, 0.635]",0.000,0.518
"acl_prefilter=False,ablate=uniform_refusal,variant=deadline2s",insider,with_sources,960,gboost,content,"0.502 [0.473, 0.529]","0.504 [0.475, 0.535]",0.000,0.501
"acl_prefilter=False,ablate=uniform_refusal,variant=deadline2s",insider,with_sources,960,gboost,combined,"0.658 [0.622, 0.690]","0.783 [0.726, 0.835]",0.237,0.619
"acl_prefilter=False,ablate=uniform_refusal,variant=deadline2s",insider,with_reranker,960,threshold,rules,"0.519 [0.497, 0.542]","0.571 [0.505, 0.635]",0.000,0.508
"acl_prefilter=False,ablate=uniform_refusal,variant=deadline2s",insider,with_reranker,960,logreg,score,"0.656 [0.622, 0.689]","0.771 [0.722, 0.814]",0.233,0.614
"acl_prefilter=False,ablate=uniform_refusal,variant=deadline2s",insider,with_reranker,960,logreg,reranker,"0.786 [0.759, 0.812]","0.982 [0.963, 0.996]",0.000,0.696
"acl_prefilter=False,ablate=uniform_refusal,variant=deadline2s",insider,with_reranker,960,logreg,latency,"0.500 [0.500, 0.500]","0.500 [0.500, 0.500]",0.000,0.500
"acl_prefilter=False,ablate=uniform_refusal,variant=deadline2s",insider,with_reranker,960,logreg,refusal,"0.526 [0.491, 0.561]","0.552 [0.489, 0.615]",0.000,0.518
"acl_prefilter=False,ablate=uniform_refusal,variant=deadline2s",insider,with_reranker,960,logreg,content,"0.502 [0.465, 0.537]","0.504 [0.475, 0.535]",0.000,0.501
"acl_prefilter=False,ablate=uniform_refusal,variant=deadline2s",insider,with_reranker,960,logreg,combined,"0.855 [0.833, 0.876]","0.991 [0.980, 0.999]",0.331,0.747
"acl_prefilter=False,ablate=uniform_refusal,variant=deadline2s",insider,with_reranker,960,gboost,score,"0.656 [0.623, 0.689]","0.767 [0.719, 0.812]",0.237,0.613
"acl_prefilter=False,ablate=uniform_refusal,variant=deadline2s",insider,with_reranker,960,gboost,reranker,"0.790 [0.763, 0.816]","0.982 [0.963, 0.996]",0.000,0.702
"acl_prefilter=False,ablate=uniform_refusal,variant=deadline2s",insider,with_reranker,960,gboost,latency,"0.500 [0.500, 0.500]","0.500 [0.500, 0.500]",0.000,0.500
"acl_prefilter=False,ablate=uniform_refusal,variant=deadline2s",insider,with_reranker,960,gboost,refusal,"0.526 [0.492, 0.561]","0.570 [0.500, 0.635]",0.000,0.518
"acl_prefilter=False,ablate=uniform_refusal,variant=deadline2s",insider,with_reranker,960,gboost,content,"0.502 [0.473, 0.529]","0.504 [0.475, 0.535]",0.000,0.501
"acl_prefilter=False,ablate=uniform_refusal,variant=deadline2s",insider,with_reranker,960,gboost,combined,"0.860 [0.838, 0.879]","0.986 [0.972, 0.997]",0.333,0.750
"acl_prefilter=False,ablate=uniform_refusal,variant=deadline2s",outsider,text_only,960,threshold,rules,"0.506 [0.484, 0.526]","0.525 [0.469, 0.582]",0.000,0.506
"acl_prefilter=False,ablate=uniform_refusal,variant=deadline2s",outsider,text_only,960,logreg,score,"0.500 [0.500, 0.500]","0.500 [0.500, 0.500]",0.000,0.500
"acl_prefilter=False,ablate=uniform_refusal,variant=deadline2s",outsider,text_only,960,logreg,reranker,"0.500 [0.500, 0.500]","0.500 [0.500, 0.500]",0.000,0.500
"acl_prefilter=False,ablate=uniform_refusal,variant=deadline2s",outsider,text_only,960,logreg,latency,"0.500 [0.500, 0.500]","0.500 [0.500, 0.500]",0.000,0.500
"acl_prefilter=False,ablate=uniform_refusal,variant=deadline2s",outsider,text_only,960,logreg,refusal,"0.508 [0.475, 0.549]","0.518 [0.460, 0.576]",0.000,0.506
"acl_prefilter=False,ablate=uniform_refusal,variant=deadline2s",outsider,text_only,960,logreg,content,"0.499 [0.462, 0.535]","0.492 [0.455, 0.532]",0.006,0.500
"acl_prefilter=False,ablate=uniform_refusal,variant=deadline2s",outsider,text_only,960,logreg,combined,"0.508 [0.475, 0.548]","0.519 [0.466, 0.574]",0.008,0.506
"acl_prefilter=False,ablate=uniform_refusal,variant=deadline2s",outsider,text_only,960,gboost,score,"0.500 [0.500, 0.500]","0.500 [0.500, 0.500]",0.000,0.500
"acl_prefilter=False,ablate=uniform_refusal,variant=deadline2s",outsider,text_only,960,gboost,reranker,"0.500 [0.500, 0.500]","0.500 [0.500, 0.500]",0.000,0.500
"acl_prefilter=False,ablate=uniform_refusal,variant=deadline2s",outsider,text_only,960,gboost,latency,"0.500 [0.500, 0.500]","0.500 [0.500, 0.500]",0.000,0.500
"acl_prefilter=False,ablate=uniform_refusal,variant=deadline2s",outsider,text_only,960,gboost,refusal,"0.508 [0.475, 0.545]","0.519 [0.461, 0.579]",0.000,0.505
"acl_prefilter=False,ablate=uniform_refusal,variant=deadline2s",outsider,text_only,960,gboost,content,"0.504 [0.467, 0.538]","0.508 [0.470, 0.547]",0.004,0.502
"acl_prefilter=False,ablate=uniform_refusal,variant=deadline2s",outsider,text_only,960,gboost,combined,"0.506 [0.472, 0.541]","0.514 [0.457, 0.569]",0.002,0.506
"acl_prefilter=False,ablate=uniform_refusal,variant=deadline2s",outsider,with_sources,960,threshold,rules,"0.506 [0.484, 0.527]","0.519 [0.463, 0.574]",0.000,0.501
"acl_prefilter=False,ablate=uniform_refusal,variant=deadline2s",outsider,with_sources,960,logreg,score,"0.661 [0.628, 0.694]","0.776 [0.725, 0.820]",0.233,0.617
"acl_prefilter=False,ablate=uniform_refusal,variant=deadline2s",outsider,with_sources,960,logreg,reranker,"0.500 [0.500, 0.500]","0.500 [0.500, 0.500]",0.000,0.500
"acl_prefilter=False,ablate=uniform_refusal,variant=deadline2s",outsider,with_sources,960,logreg,latency,"0.500 [0.500, 0.500]","0.500 [0.500, 0.500]",0.000,0.500
"acl_prefilter=False,ablate=uniform_refusal,variant=deadline2s",outsider,with_sources,960,logreg,refusal,"0.508 [0.475, 0.549]","0.518 [0.460, 0.576]",0.000,0.506
"acl_prefilter=False,ablate=uniform_refusal,variant=deadline2s",outsider,with_sources,960,logreg,content,"0.499 [0.462, 0.535]","0.492 [0.455, 0.532]",0.006,0.500
"acl_prefilter=False,ablate=uniform_refusal,variant=deadline2s",outsider,with_sources,960,logreg,combined,"0.659 [0.625, 0.692]","0.787 [0.735, 0.834]",0.242,0.614
"acl_prefilter=False,ablate=uniform_refusal,variant=deadline2s",outsider,with_sources,960,gboost,score,"0.658 [0.624, 0.690]","0.780 [0.729, 0.827]",0.240,0.614
"acl_prefilter=False,ablate=uniform_refusal,variant=deadline2s",outsider,with_sources,960,gboost,reranker,"0.500 [0.500, 0.500]","0.500 [0.500, 0.500]",0.000,0.500
"acl_prefilter=False,ablate=uniform_refusal,variant=deadline2s",outsider,with_sources,960,gboost,latency,"0.500 [0.500, 0.500]","0.500 [0.500, 0.500]",0.000,0.500
"acl_prefilter=False,ablate=uniform_refusal,variant=deadline2s",outsider,with_sources,960,gboost,refusal,"0.508 [0.475, 0.545]","0.519 [0.461, 0.579]",0.000,0.505
"acl_prefilter=False,ablate=uniform_refusal,variant=deadline2s",outsider,with_sources,960,gboost,content,"0.504 [0.467, 0.538]","0.508 [0.470, 0.547]",0.004,0.502
"acl_prefilter=False,ablate=uniform_refusal,variant=deadline2s",outsider,with_sources,960,gboost,combined,"0.658 [0.624, 0.690]","0.760 [0.704, 0.813]",0.233,0.616
"acl_prefilter=False,ablate=uniform_refusal,variant=deadline2s",outsider,with_reranker,960,threshold,rules,"0.506 [0.484, 0.527]","0.519 [0.463, 0.574]",0.000,0.501
"acl_prefilter=False,ablate=uniform_refusal,variant=deadline2s",outsider,with_reranker,960,logreg,score,"0.661 [0.628, 0.694]","0.776 [0.725, 0.820]",0.233,0.617
"acl_prefilter=False,ablate=uniform_refusal,variant=deadline2s",outsider,with_reranker,960,logreg,reranker,"0.787 [0.759, 0.813]","0.982 [0.963, 0.996]",0.000,0.698
"acl_prefilter=False,ablate=uniform_refusal,variant=deadline2s",outsider,with_reranker,960,logreg,latency,"0.500 [0.500, 0.500]","0.500 [0.500, 0.500]",0.000,0.500
"acl_prefilter=False,ablate=uniform_refusal,variant=deadline2s",outsider,with_reranker,960,logreg,refusal,"0.508 [0.475, 0.549]","0.518 [0.460, 0.576]",0.000,0.506
"acl_prefilter=False,ablate=uniform_refusal,variant=deadline2s",outsider,with_reranker,960,logreg,content,"0.499 [0.462, 0.535]","0.492 [0.455, 0.532]",0.006,0.500
"acl_prefilter=False,ablate=uniform_refusal,variant=deadline2s",outsider,with_reranker,960,logreg,combined,"0.855 [0.833, 0.876]","0.994 [0.986, 0.999]",0.283,0.734
"acl_prefilter=False,ablate=uniform_refusal,variant=deadline2s",outsider,with_reranker,960,gboost,score,"0.658 [0.624, 0.690]","0.780 [0.729, 0.827]",0.240,0.614
"acl_prefilter=False,ablate=uniform_refusal,variant=deadline2s",outsider,with_reranker,960,gboost,reranker,"0.791 [0.763, 0.817]","0.982 [0.963, 0.996]",0.000,0.704
"acl_prefilter=False,ablate=uniform_refusal,variant=deadline2s",outsider,with_reranker,960,gboost,latency,"0.500 [0.500, 0.500]","0.500 [0.500, 0.500]",0.000,0.500
"acl_prefilter=False,ablate=uniform_refusal,variant=deadline2s",outsider,with_reranker,960,gboost,refusal,"0.508 [0.475, 0.545]","0.519 [0.461, 0.579]",0.000,0.505
"acl_prefilter=False,ablate=uniform_refusal,variant=deadline2s",outsider,with_reranker,960,gboost,content,"0.504 [0.467, 0.538]","0.508 [0.470, 0.547]",0.004,0.502
"acl_prefilter=False,ablate=uniform_refusal,variant=deadline2s",outsider,with_reranker,960,gboost,combined,"0.865 [0.844, 0.884]","0.990 [0.979, 0.998]",0.279,0.752
"acl_prefilter=False,ablate=uniform_refusal,variant=deadline2s",all,text_only,1920,threshold,rules,"0.512 [0.495, 0.528]","0.544 [0.496, 0.588]",0.000,0.512
"acl_prefilter=False,ablate=uniform_refusal,variant=deadline2s",all,text_only,1920,logreg,score,"0.500 [0.500, 0.500]","0.500 [0.500, 0.500]",0.000,0.500
"acl_prefilter=False,ablate=uniform_refusal,variant=deadline2s",all,text_only,1920,logreg,reranker,"0.500 [0.500, 0.500]","0.500 [0.500, 0.500]",0.000,0.500
"acl_prefilter=False,ablate=uniform_refusal,variant=deadline2s",all,text_only,1920,logreg,latency,"0.500 [0.500, 0.500]","0.500 [0.500, 0.500]",0.000,0.500
"acl_prefilter=False,ablate=uniform_refusal,variant=deadline2s",all,text_only,1920,logreg,refusal,"0.517 [0.490, 0.542]","0.534 [0.484, 0.578]",0.000,0.512
"acl_prefilter=False,ablate=uniform_refusal,variant=deadline2s",all,text_only,1920,logreg,content,"0.500 [0.473, 0.523]","0.494 [0.470, 0.521]",0.005,0.500
"acl_prefilter=False,ablate=uniform_refusal,variant=deadline2s",all,text_only,1920,logreg,combined,"0.517 [0.489, 0.542]","0.537 [0.489, 0.584]",0.004,0.512
"acl_prefilter=False,ablate=uniform_refusal,variant=deadline2s",all,text_only,1920,gboost,score,"0.500 [0.500, 0.500]","0.500 [0.500, 0.500]",0.000,0.500
"acl_prefilter=False,ablate=uniform_refusal,variant=deadline2s",all,text_only,1920,gboost,reranker,"0.500 [0.500, 0.500]","0.500 [0.500, 0.500]",0.000,0.500
"acl_prefilter=False,ablate=uniform_refusal,variant=deadline2s",all,text_only,1920,gboost,latency,"0.500 [0.500, 0.500]","0.500 [0.500, 0.500]",0.000,0.500
"acl_prefilter=False,ablate=uniform_refusal,variant=deadline2s",all,text_only,1920,gboost,refusal,"0.517 [0.490, 0.543]","0.542 [0.497, 0.585]",0.000,0.512
"acl_prefilter=False,ablate=uniform_refusal,variant=deadline2s",all,text_only,1920,gboost,content,"0.503 [0.477, 0.525]","0.506 [0.481, 0.530]",0.000,0.501
"acl_prefilter=False,ablate=uniform_refusal,variant=deadline2s",all,text_only,1920,gboost,combined,"0.518 [0.491, 0.542]","0.544 [0.499, 0.587]",0.001,0.513
"acl_prefilter=False,ablate=uniform_refusal,variant=deadline2s",all,with_sources,1920,threshold,rules,"0.512 [0.496, 0.528]","0.543 [0.496, 0.586]",0.000,0.505
"acl_prefilter=False,ablate=uniform_refusal,variant=deadline2s",all,with_sources,1920,logreg,score,"0.658 [0.633, 0.680]","0.771 [0.737, 0.804]",0.233,0.617
"acl_prefilter=False,ablate=uniform_refusal,variant=deadline2s",all,with_sources,1920,logreg,reranker,"0.500 [0.500, 0.500]","0.500 [0.500, 0.500]",0.000,0.500
"acl_prefilter=False,ablate=uniform_refusal,variant=deadline2s",all,with_sources,1920,logreg,latency,"0.500 [0.500, 0.500]","0.500 [0.500, 0.500]",0.000,0.500
"acl_prefilter=False,ablate=uniform_refusal,variant=deadline2s",all,with_sources,1920,logreg,refusal,"0.517 [0.490, 0.542]","0.534 [0.484, 0.578]",0.000,0.512
"acl_prefilter=False,ablate=uniform_refusal,variant=deadline2s",all,with_sources,1920,logreg,content,"0.500 [0.473, 0.523]","0.494 [0.470, 0.521]",0.005,0.500
"acl_prefilter=False,ablate=uniform_refusal,variant=deadline2s",all,with_sources,1920,logreg,combined,"0.657 [0.631, 0.679]","0.773 [0.732, 0.811]",0.235,0.615
"acl_prefilter=False,ablate=uniform_refusal,variant=deadline2s",all,with_sources,1920,gboost,score,"0.658 [0.634, 0.680]","0.776 [0.741, 0.809]",0.240,0.616
"acl_prefilter=False,ablate=uniform_refusal,variant=deadline2s",all,with_sources,1920,gboost,reranker,"0.500 [0.500, 0.500]","0.500 [0.500, 0.500]",0.000,0.500
"acl_prefilter=False,ablate=uniform_refusal,variant=deadline2s",all,with_sources,1920,gboost,latency,"0.500 [0.500, 0.500]","0.500 [0.500, 0.500]",0.000,0.500
"acl_prefilter=False,ablate=uniform_refusal,variant=deadline2s",all,with_sources,1920,gboost,refusal,"0.517 [0.490, 0.543]","0.542 [0.497, 0.585]",0.000,0.512
"acl_prefilter=False,ablate=uniform_refusal,variant=deadline2s",all,with_sources,1920,gboost,content,"0.503 [0.477, 0.525]","0.506 [0.481, 0.530]",0.000,0.501
"acl_prefilter=False,ablate=uniform_refusal,variant=deadline2s",all,with_sources,1920,gboost,combined,"0.660 [0.636, 0.681]","0.764 [0.724, 0.802]",0.242,0.617
"acl_prefilter=False,ablate=uniform_refusal,variant=deadline2s",all,with_reranker,1920,threshold,rules,"0.512 [0.496, 0.528]","0.543 [0.496, 0.586]",0.000,0.505
"acl_prefilter=False,ablate=uniform_refusal,variant=deadline2s",all,with_reranker,1920,logreg,score,"0.658 [0.633, 0.680]","0.771 [0.737, 0.804]",0.233,0.617
"acl_prefilter=False,ablate=uniform_refusal,variant=deadline2s",all,with_reranker,1920,logreg,reranker,"0.787 [0.767, 0.806]","0.982 [0.970, 0.993]",0.000,0.697
"acl_prefilter=False,ablate=uniform_refusal,variant=deadline2s",all,with_reranker,1920,logreg,latency,"0.500 [0.500, 0.500]","0.500 [0.500, 0.500]",0.000,0.500
"acl_prefilter=False,ablate=uniform_refusal,variant=deadline2s",all,with_reranker,1920,logreg,refusal,"0.517 [0.490, 0.542]","0.534 [0.484, 0.578]",0.000,0.512
"acl_prefilter=False,ablate=uniform_refusal,variant=deadline2s",all,with_reranker,1920,logreg,content,"0.500 [0.473, 0.523]","0.494 [0.470, 0.521]",0.005,0.500
"acl_prefilter=False,ablate=uniform_refusal,variant=deadline2s",all,with_reranker,1920,logreg,combined,"0.855 [0.839, 0.870]","0.992 [0.985, 0.998]",0.307,0.735
"acl_prefilter=False,ablate=uniform_refusal,variant=deadline2s",all,with_reranker,1920,gboost,score,"0.658 [0.634, 0.680]","0.776 [0.741, 0.809]",0.240,0.616
"acl_prefilter=False,ablate=uniform_refusal,variant=deadline2s",all,with_reranker,1920,gboost,reranker,"0.790 [0.769, 0.808]","0.982 [0.970, 0.993]",0.000,0.703
"acl_prefilter=False,ablate=uniform_refusal,variant=deadline2s",all,with_reranker,1920,gboost,latency,"0.500 [0.500, 0.500]","0.500 [0.500, 0.500]",0.000,0.500
"acl_prefilter=False,ablate=uniform_refusal,variant=deadline2s",all,with_reranker,1920,gboost,refusal,"0.517 [0.490, 0.543]","0.542 [0.497, 0.585]",0.000,0.512
"acl_prefilter=False,ablate=uniform_refusal,variant=deadline2s",all,with_reranker,1920,gboost,content,"0.503 [0.477, 0.525]","0.506 [0.481, 0.530]",0.000,0.501
"acl_prefilter=False,ablate=uniform_refusal,variant=deadline2s",all,with_reranker,1920,gboost,combined,"0.863 [0.847, 0.877]","0.988 [0.978, 0.995]",0.309,0.752
"acl_prefilter=False,ablate=latency_pad,variant=as_is",insider,text_only,960,threshold,rules,"0.500 [0.500, 0.500]","0.500 [0.500, 0.500]",0.000,0.500
"acl_prefilter=False,ablate=latency_pad,variant=as_is",insider,text_only,960,logreg,score,"0.500 [0.500, 0.500]","0.500 [0.500, 0.500]",0.000,0.500
"acl_prefilter=False,ablate=latency_pad,variant=as_is",insider,text_only,960,logreg,reranker,"0.500 [0.500, 0.500]","0.500 [0.500, 0.500]",0.000,0.500
"acl_prefilter=False,ablate=latency_pad,variant=as_is",insider,text_only,960,logreg,latency,"0.517 [0.482, 0.553]","0.548 [0.478, 0.618]",0.004,0.512
"acl_prefilter=False,ablate=latency_pad,variant=as_is",insider,text_only,960,logreg,refusal,"0.502 [0.473, 0.530]","0.504 [0.475, 0.536]",0.000,0.501
"acl_prefilter=False,ablate=latency_pad,variant=as_is",insider,text_only,960,logreg,content,"0.502 [0.465, 0.537]","0.504 [0.475, 0.535]",0.000,0.501
"acl_prefilter=False,ablate=latency_pad,variant=as_is",insider,text_only,960,logreg,combined,"0.517 [0.484, 0.552]","0.524 [0.453, 0.594]",0.002,0.514
"acl_prefilter=False,ablate=latency_pad,variant=as_is",insider,text_only,960,gboost,score,"0.500 [0.500, 0.500]","0.500 [0.500, 0.500]",0.000,0.500
"acl_prefilter=False,ablate=latency_pad,variant=as_is",insider,text_only,960,gboost,reranker,"0.500 [0.500, 0.500]","0.500 [0.500, 0.500]",0.000,0.500
"acl_prefilter=False,ablate=latency_pad,variant=as_is",insider,text_only,960,gboost,latency,"0.521 [0.484, 0.558]","0.569 [0.493, 0.638]",0.019,0.508
"acl_prefilter=False,ablate=latency_pad,variant=as_is",insider,text_only,960,gboost,refusal,"0.502 [0.473, 0.530]","0.504 [0.476, 0.536]",0.000,0.501
"acl_prefilter=False,ablate=latency_pad,variant=as_is",insider,text_only,960,gboost,content,"0.502 [0.473, 0.529]","0.504 [0.475, 0.535]",0.000,0.501
"acl_prefilter=False,ablate=latency_pad,variant=as_is",insider,text_only,960,gboost,combined,"0.514 [0.475, 0.552]","0.566 [0.490, 0.634]",0.023,0.505
"acl_prefilter=False,ablate=latency_pad,variant=as_is",insider,with_sources,960,threshold,rules,"0.634 [0.616, 0.653]","0.768 [0.722, 0.810]",0.233,0.524
"acl_prefilter=False,ablate=latency_pad,variant=as_is",insider,with_sources,960,logreg,score,"0.656 [0.622, 0.689]","0.771 [0.722, 0.814]",0.233,0.614
"acl_prefilter=False,ablate=latency_pad,variant=as_is",insider,with_sources,960,logreg,reranker,"0.500 [0.500, 0.500]","0.500 [0.500, 0.500]",0.000,0.500
"acl_prefilter=False,ablate=latency_pad,variant=as_is",insider,with_sources,960,logreg,latency,"0.517 [0.482, 0.553]","0.548 [0.478, 0.618]",0.004,0.512
"acl_prefilter=False,ablate=latency_pad,variant=as_is",insider,with_sources,960,logreg,refusal,"0.502 [0.473, 0.530]","0.504 [0.475, 0.536]",0.000,0.501
"acl_prefilter=False,ablate=latency_pad,variant=as_is",insider,with_sources,960,logreg,content,"0.502 [0.465, 0.537]","0.504 [0.475, 0.535]",0.000,0.501
"acl_prefilter=False,ablate=latency_pad,variant=as_is",insider,with_sources,960,logreg,combined,"0.656 [0.621, 0.690]","0.793 [0.738, 0.845]",0.235,0.615
"acl_prefilter=False,ablate=latency_pad,variant=as_is",insider,with_sources,960,gboost,score,"0.656 [0.623, 0.689]","0.767 [0.719, 0.812]",0.237,0.613
"acl_prefilter=False,ablate=latency_pad,variant=as_is",insider,with_sources,960,gboost,reranker,"0.500 [0.500, 0.500]","0.500 [0.500, 0.500]",0.000,0.500
"acl_prefilter=False,ablate=latency_pad,variant=as_is",insider,with_sources,960,gboost,latency,"0.521 [0.484, 0.558]","0.569 [0.493, 0.638]",0.019,0.508
"acl_prefilter=False,ablate=latency_pad,variant=as_is",insider,with_sources,960,gboost,refusal,"0.502 [0.473, 0.530]","0.504 [0.476, 0.536]",0.000,0.501
"acl_prefilter=False,ablate=latency_pad,variant=as_is",insider,with_sources,960,gboost,content,"0.502 [0.473, 0.529]","0.504 [0.475, 0.535]",0.000,0.501
"acl_prefilter=False,ablate=latency_pad,variant=as_is",insider,with_sources,960,gboost,combined,"0.643 [0.608, 0.678]","0.767 [0.704, 0.821]",0.242,0.581
"acl_prefilter=False,ablate=latency_pad,variant=as_is",insider,with_reranker,960,threshold,rules,"0.634 [0.616, 0.653]","0.768 [0.722, 0.810]",0.233,0.524
"acl_prefilter=False,ablate=latency_pad,variant=as_is",insider,with_reranker,960,logreg,score,"0.656 [0.622, 0.689]","0.771 [0.722, 0.814]",0.233,0.614
"acl_prefilter=False,ablate=latency_pad,variant=as_is",insider,with_reranker,960,logreg,reranker,"0.786 [0.759, 0.812]","0.982 [0.963, 0.996]",0.000,0.696
"acl_prefilter=False,ablate=latency_pad,variant=as_is",insider,with_reranker,960,logreg,latency,"0.517 [0.482, 0.553]","0.548 [0.478, 0.618]",0.004,0.512
"acl_prefilter=False,ablate=latency_pad,variant=as_is",insider,with_reranker,960,logreg,refusal,"0.502 [0.473, 0.530]","0.504 [0.475, 0.536]",0.000,0.501
"acl_prefilter=False,ablate=latency_pad,variant=as_is",insider,with_reranker,960,logreg,content,"0.502 [0.465, 0.537]","0.504 [0.475, 0.535]",0.000,0.501
"acl_prefilter=False,ablate=latency_pad,variant=as_is",insider,with_reranker,960,logreg,combined,"0.855 [0.833, 0.876]","0.992 [0.981, 0.999]",0.417,0.743
"acl_prefilter=False,ablate=latency_pad,variant=as_is",insider,with_reranker,960,gboost,score,"0.656 [0.623, 0.689]","0.767 [0.719, 0.812]",0.237,0.613
"acl_prefilter=False,ablate=latency_pad,variant=as_is",insider,with_reranker,960,gboost,reranker,"0.790 [0.763, 0.816]","0.982 [0.963, 0.996]",0.000,0.702
"acl_prefilter=False,ablate=latency_pad,variant=as_is",insider,with_reranker,960,gboost,latency,"0.521 [0.484, 0.558]","0.569 [0.493, 0.638]",0.019,0.508
"acl_prefilter=False,ablate=latency_pad,variant=as_is",insider,with_reranker,960,gboost,refusal,"0.502 [0.473, 0.530]","0.504 [0.476, 0.536]",0.000,0.501
"acl_prefilter=False,ablate=latency_pad,variant=as_is",insider,with_reranker,960,gboost,content,"0.502 [0.473, 0.529]","0.504 [0.475, 0.535]",0.000,0.501
"acl_prefilter=False,ablate=latency_pad,variant=as_is",insider,with_reranker,960,gboost,combined,"0.854 [0.831, 0.876]","0.992 [0.983, 0.999]",0.302,0.745
"acl_prefilter=False,ablate=latency_pad,variant=as_is",outsider,text_only,960,threshold,rules,"0.500 [0.485, 0.513]","0.500 [0.469, 0.531]",0.000,0.500
"acl_prefilter=False,ablate=latency_pad,variant=as_is",outsider,text_only,960,logreg,score,"0.500 [0.500, 0.500]","0.500 [0.500, 0.500]",0.000,0.500
"acl_prefilter=False,ablate=latency_pad,variant=as_is",outsider,text_only,960,logreg,reranker,"0.500 [0.500, 0.500]","0.500 [0.500, 0.500]",0.000,0.500
"acl_prefilter=False,ablate=latency_pad,variant=as_is",outsider,text_only,960,logreg,latency,"0.511 [0.473, 0.550]","0.530 [0.460, 0.604]",0.019,0.510
"acl_prefilter=False,ablate=latency_pad,variant=as_is",outsider,text_only,960,logreg,refusal,"0.504 [0.467, 0.541]","0.508 [0.469, 0.544]",0.000,0.502
"acl_prefilter=False,ablate=latency_pad,variant=as_is",outsider,text_only,960,logreg,content,"0.499 [0.462, 0.535]","0.492 [0.455, 0.532]",0.006,0.500
"acl_prefilter=False,ablate=latency_pad,variant=as_is",outsider,text_only,960,logreg,combined,"0.512 [0.475, 0.550]","0.532 [0.459, 0.605]",0.002,0.520
"acl_prefilter=False,ablate=latency_pad,variant=as_is",outsider,text_only,960,gboost,score,"0.500 [0.500, 0.500]","0.500 [0.500, 0.500]",0.000,0.500
"acl_prefilter=False,ablate=latency_pad,variant=as_is",outsider,text_only,960,gboost,reranker,"0.500 [0.500, 0.500]","0.500 [0.500, 0.500]",0.000,0.500
"acl_prefilter=False,ablate=latency_pad,variant=as_is",outsider,text_only,960,gboost,latency,"0.519 [0.483, 0.555]","0.526 [0.461, 0.602]",0.010,0.508
"acl_prefilter=False,ablate=latency_pad,variant=as_is",outsider,text_only,960,gboost,refusal,"0.504 [0.471, 0.540]","0.508 [0.470, 0.544]",0.000,0.501
"acl_prefilter=False,ablate=latency_pad,variant=as_is",outsider,text_only,960,gboost,content,"0.504 [0.467, 0.538]","0.508 [0.470, 0.547]",0.004,0.502
"acl_prefilter=False,ablate=latency_pad,variant=as_is",outsider,text_only,960,gboost,combined,"0.523 [0.487, 0.559]","0.533 [0.468, 0.606]",0.004,0.516
"acl_prefilter=False,ablate=latency_pad,variant=as_is",outsider,with_sources,960,threshold,rules,"0.619 [0.596, 0.642]","0.736 [0.680, 0.786]",0.000,0.524
"acl_prefilter=False,ablate=latency_pad,variant=as_is",outsider,with_sources,960,logreg,score,"0.661 [0.628, 0.694]","0.776 [0.725, 0.820]",0.233,0.617
"acl_prefilter=False,ablate=latency_pad,variant=as_is",outsider,with_sources,960,logreg,reranker,"0.500 [0.500, 0.500]","0.500 [0.500, 0.500]",0.000,0.500
"acl_prefilter=False,ablate=latency_pad,variant=as_is",outsider,with_sources,960,logreg,latency,"0.511 [0.473, 0.550]","0.530 [0.460, 0.604]",0.019,0.510
"acl_prefilter=False,ablate=latency_pad,variant=as_is",outsider,with_sources,960,logreg,refusal,"0.504 [0.467, 0.541]","0.508 [0.469, 0.544]",0.000,0.502
"acl_prefilter=False,ablate=latency_pad,variant=as_is",outsider,with_sources,960,logreg,content,"0.499 [0.462, 0.535]","0.492 [0.455, 0.532]",0.006,0.500
"acl_prefilter=False,ablate=latency_pad,variant=as_is",outsider,with_sources,960,logreg,combined,"0.663 [0.629, 0.696]","0.779 [0.717, 0.833]",0.246,0.613
"acl_prefilter=False,ablate=latency_pad,variant=as_is",outsider,with_sources,960,gboost,score,"0.658 [0.624, 0.690]","0.780 [0.729, 0.827]",0.240,0.614
"acl_prefilter=False,ablate=latency_pad,variant=as_is",outsider,with_sources,960,gboost,reranker,"0.500 [0.500, 0.500]","0.500 [0.500, 0.500]",0.000,0.500
"acl_prefilter=False,ablate=latency_pad,variant=as_is",outsider,with_sources,960,gboost,latency,"0.519 [0.483, 0.555]","0.526 [0.461, 0.602]",0.010,0.508
"acl_prefilter=False,ablate=latency_pad,variant=as_is",outsider,with_sources,960,gboost,refusal,"0.504 [0.471, 0.540]","0.508 [0.470, 0.544]",0.000,0.501
"acl_prefilter=False,ablate=latency_pad,variant=as_is",outsider,with_sources,960,gboost,content,"0.504 [0.467, 0.538]","0.508 [0.470, 0.547]",0.004,0.502
"acl_prefilter=False,ablate=latency_pad,variant=as_is",outsider,with_sources,960,gboost,combined,"0.646 [0.612, 0.679]","0.761 [0.698, 0.815]",0.242,0.597
"acl_prefilter=False,ablate=latency_pad,variant=as_is",outsider,with_reranker,960,threshold,rules,"0.619 [0.596, 0.642]","0.736 [0.680, 0.786]",0.000,0.524
"acl_prefilter=False,ablate=latency_pad,variant=as_is",outsider,with_reranker,960,logreg,score,"0.661 [0.628, 0.694]","0.776 [0.725, 0.820]",0.233,0.617
"acl_prefilter=False,ablate=latency_pad,variant=as_is",outsider,with_reranker,960,logreg,reranker,"0.787 [0.759, 0.813]","0.982 [0.963, 0.996]",0.000,0.698
"acl_prefilter=False,ablate=latency_pad,variant=as_is",outsider,with_reranker,960,logreg,latency,"0.511 [0.473, 0.550]","0.530 [0.460, 0.604]",0.019,0.510
"acl_prefilter=False,ablate=latency_pad,variant=as_is",outsider,with_reranker,960,logreg,refusal,"0.504 [0.467, 0.541]","0.508 [0.469, 0.544]",0.000,0.502
"acl_prefilter=False,ablate=latency_pad,variant=as_is",outsider,with_reranker,960,logreg,content,"0.499 [0.462, 0.535]","0.492 [0.455, 0.532]",0.006,0.500
"acl_prefilter=False,ablate=latency_pad,variant=as_is",outsider,with_reranker,960,logreg,combined,"0.857 [0.833, 0.878]","0.992 [0.984, 0.999]",0.302,0.748
"acl_prefilter=False,ablate=latency_pad,variant=as_is",outsider,with_reranker,960,gboost,score,"0.658 [0.624, 0.690]","0.780 [0.729, 0.827]",0.240,0.614
"acl_prefilter=False,ablate=latency_pad,variant=as_is",outsider,with_reranker,960,gboost,reranker,"0.791 [0.763, 0.817]","0.982 [0.963, 0.996]",0.000,0.704
"acl_prefilter=False,ablate=latency_pad,variant=as_is",outsider,with_reranker,960,gboost,latency,"0.519 [0.483, 0.555]","0.526 [0.461, 0.602]",0.010,0.508
"acl_prefilter=False,ablate=latency_pad,variant=as_is",outsider,with_reranker,960,gboost,refusal,"0.504 [0.471, 0.540]","0.508 [0.470, 0.544]",0.000,0.501
"acl_prefilter=False,ablate=latency_pad,variant=as_is",outsider,with_reranker,960,gboost,content,"0.504 [0.467, 0.538]","0.508 [0.470, 0.547]",0.004,0.502
"acl_prefilter=False,ablate=latency_pad,variant=as_is",outsider,with_reranker,960,gboost,combined,"0.848 [0.826, 0.870]","0.991 [0.983, 0.997]",0.419,0.720
"acl_prefilter=False,ablate=latency_pad,variant=as_is",all,text_only,1920,threshold,rules,"0.500 [0.493, 0.508]","0.500 [0.483, 0.516]",0.000,0.500
"acl_prefilter=False,ablate=latency_pad,variant=as_is",all,text_only,1920,logreg,score,"0.500 [0.500, 0.500]","0.500 [0.500, 0.500]",0.000,0.500
"acl_prefilter=False,ablate=latency_pad,variant=as_is",all,text_only,1920,logreg,reranker,"0.500 [0.500, 0.500]","0.500 [0.500, 0.500]",0.000,0.500
"acl_prefilter=False,ablate=latency_pad,variant=as_is",all,text_only,1920,logreg,latency,"0.501 [0.475, 0.526]","0.505 [0.457, 0.557]",0.013,0.507
"acl_prefilter=False,ablate=latency_pad,variant=as_is",all,text_only,1920,logreg,refusal,"0.503 [0.477, 0.525]","0.506 [0.482, 0.530]",0.000,0.502
"acl_prefilter=False,ablate=latency_pad,variant=as_is",all,text_only,1920,logreg,content,"0.500 [0.473, 0.523]","0.494 [0.470, 0.521]",0.005,0.500
"acl_prefilter=False,ablate=latency_pad,variant=as_is",all,text_only,1920,logreg,combined,"0.505 [0.480, 0.529]","0.507 [0.458, 0.557]",0.010,0.502
"acl_prefilter=False,ablate=latency_pad,variant=as_is",all,text_only,1920,gboost,score,"0.500 [0.500, 0.500]","0.500 [0.500, 0.500]",0.000,0.500
"acl_prefilter=False,ablate=latency_pad,variant=as_is",all,text_only,1920,gboost,reranker,"0.500 [0.500, 0.500]","0.500 [0.500, 0.500]",0.000,0.500
"acl_prefilter=False,ablate=latency_pad,variant=as_is",all,text_only,1920,gboost,latency,"0.516 [0.491, 0.542]","0.526 [0.475, 0.577]",0.015,0.513
"acl_prefilter=False,ablate=latency_pad,variant=as_is",all,text_only,1920,gboost,refusal,"0.503 [0.477, 0.526]","0.506 [0.481, 0.530]",0.000,0.502
"acl_prefilter=False,ablate=latency_pad,variant=as_is",all,text_only,1920,gboost,content,"0.503 [0.477, 0.525]","0.506 [0.481, 0.530]",0.000,0.501
"acl_prefilter=False,ablate=latency_pad,variant=as_is",all,text_only,1920,gboost,combined,"0.514 [0.489, 0.539]","0.515 [0.464, 0.568]",0.004,0.512
"acl_prefilter=False,ablate=latency_pad,variant=as_is",all,with_sources,1920,threshold,rules,"0.626 [0.611, 0.641]","0.751 [0.714, 0.786]",0.000,0.524
"acl_prefilter=False,ablate=latency_pad,variant=as_is",all,with_sources,1920,logreg,score,"0.658 [0.633, 0.680]","0.771 [0.737, 0.804]",0.233,0.617
"acl_prefilter=False,ablate=latency_pad,variant=as_is",all,with_sources,1920,logreg,reranker,"0.500 [0.500, 0.500]","0.500 [0.500, 0.500]",0.000,0.500
"acl_prefilter=False,ablate=latency_pad,variant=as_is",all,with_sources,1920,logreg,latency,"0.501 [0.475, 0.526]","0.505 [0.457, 0.557]",0.013,0.507
"acl_prefilter=False,ablate=latency_pad,variant=as_is",all,with_sources,1920,logreg,refusal,"0.503 [0.477, 0.525]","0.506 [0.482, 0.530]",0.000,0.502
"acl_prefilter=False,ablate=latency_pad,variant=as_is",all,with_sources,1920,logreg,content,"0.500 [0.473, 0.523]","0.494 [0.470, 0.521]",0.005,0.500
"acl_prefilter=False,ablate=latency_pad,variant=as_is",all,with_sources,1920,logreg,combined,"0.655 [0.629, 0.677]","0.774 [0.731, 0.814]",0.239,0.619
"acl_prefilter=False,ablate=latency_pad,variant=as_is",all,with_sources,1920,gboost,score,"0.658 [0.634, 0.680]","0.776 [0.741, 0.809]",0.240,0.616
"acl_prefilter=False,ablate=latency_pad,variant=as_is",all,with_sources,1920,gboost,reranker,"0.500 [0.500, 0.500]","0.500 [0.500, 0.500]",0.000,0.500
"acl_prefilter=False,ablate=latency_pad,variant=as_is",all,with_sources,1920,gboost,latency,"0.516 [0.491, 0.542]","0.526 [0.475, 0.577]",0.015,0.513
"acl_prefilter=False,ablate=latency_pad,variant=as_is",all,with_sources,1920,gboost,refusal,"0.503 [0.477, 0.526]","0.506 [0.481, 0.530]",0.000,0.502
"acl_prefilter=False,ablate=latency_pad,variant=as_is",all,with_sources,1920,gboost,content,"0.503 [0.477, 0.525]","0.506 [0.481, 0.530]",0.000,0.501
"acl_prefilter=False,ablate=latency_pad,variant=as_is",all,with_sources,1920,gboost,combined,"0.657 [0.631, 0.682]","0.779 [0.738, 0.817]",0.242,0.606
"acl_prefilter=False,ablate=latency_pad,variant=as_is",all,with_reranker,1920,threshold,rules,"0.626 [0.611, 0.641]","0.751 [0.714, 0.786]",0.000,0.524
"acl_prefilter=False,ablate=latency_pad,variant=as_is",all,with_reranker,1920,logreg,score,"0.658 [0.633, 0.680]","0.771 [0.737, 0.804]",0.233,0.617
"acl_prefilter=False,ablate=latency_pad,variant=as_is",all,with_reranker,1920,logreg,reranker,"0.787 [0.767, 0.806]","0.982 [0.970, 0.993]",0.000,0.697
"acl_prefilter=False,ablate=latency_pad,variant=as_is",all,with_reranker,1920,logreg,latency,"0.501 [0.475, 0.526]","0.505 [0.457, 0.557]",0.013,0.507
"acl_prefilter=False,ablate=latency_pad,variant=as_is",all,with_reranker,1920,logreg,refusal,"0.503 [0.477, 0.525]","0.506 [0.482, 0.530]",0.000,0.502
"acl_prefilter=False,ablate=latency_pad,variant=as_is",all,with_reranker,1920,logreg,content,"0.500 [0.473, 0.523]","0.494 [0.470, 0.521]",0.005,0.500
"acl_prefilter=False,ablate=latency_pad,variant=as_is",all,with_reranker,1920,logreg,combined,"0.854 [0.837, 0.869]","0.991 [0.983, 0.998]",0.357,0.747
"acl_prefilter=False,ablate=latency_pad,variant=as_is",all,with_reranker,1920,gboost,score,"0.658 [0.634, 0.680]","0.776 [0.741, 0.809]",0.240,0.616
"acl_prefilter=False,ablate=latency_pad,variant=as_is",all,with_reranker,1920,gboost,reranker,"0.790 [0.769, 0.808]","0.982 [0.970, 0.993]",0.000,0.703
"acl_prefilter=False,ablate=latency_pad,variant=as_is",all,with_reranker,1920,gboost,latency,"0.516 [0.491, 0.542]","0.526 [0.475, 0.577]",0.015,0.513
"acl_prefilter=False,ablate=latency_pad,variant=as_is",all,with_reranker,1920,gboost,refusal,"0.503 [0.477, 0.526]","0.506 [0.481, 0.530]",0.000,0.502
"acl_prefilter=False,ablate=latency_pad,variant=as_is",all,with_reranker,1920,gboost,content,"0.503 [0.477, 0.525]","0.506 [0.481, 0.530]",0.000,0.501
"acl_prefilter=False,ablate=latency_pad,variant=as_is",all,with_reranker,1920,gboost,combined,"0.854 [0.837, 0.869]","0.993 [0.986, 0.998]",0.360,0.740
"acl_prefilter=False,ablate=latency_pad,variant=fast_refusal",insider,text_only,960,threshold,rules,"0.518 [0.495, 0.541]","0.561 [0.496, 0.625]",0.000,0.518
"acl_prefilter=False,ablate=latency_pad,variant=fast_refusal",insider,text_only,960,logreg,score,"0.500 [0.500, 0.500]","0.500 [0.500, 0.500]",0.000,0.500
"acl_prefilter=False,ablate=latency_pad,variant=fast_refusal",insider,text_only,960,logreg,reranker,"0.500 [0.500, 0.500]","0.500 [0.500, 0.500]",0.000,0.500
"acl_prefilter=False,ablate=latency_pad,variant=fast_refusal",insider,text_only,960,logreg,latency,"0.538 [0.499, 0.576]","0.583 [0.513, 0.656]",0.013,0.548
"acl_prefilter=False,ablate=latency_pad,variant=fast_refusal",insider,text_only,960,logreg,refusal,"0.502 [0.473, 0.530]","0.504 [0.475, 0.536]",0.000,0.501
"acl_prefilter=False,ablate=latency_pad,variant=fast_refusal",insider,text_only,960,logreg,content,"0.502 [0.465, 0.537]","0.504 [0.475, 0.535]",0.000,0.501
"acl_prefilter=False,ablate=latency_pad,variant=fast_refusal",insider,text_only,960,logreg,combined,"0.546 [0.511, 0.585]","0.570 [0.497, 0.642]",0.015,0.552
"acl_prefilter=False,ablate=latency_pad,variant=fast_refusal",insider,text_only,960,gboost,score,"0.500 [0.500, 0.500]","0.500 [0.500, 0.500]",0.000,0.500
"acl_prefilter=False,ablate=latency_pad,variant=fast_refusal",insider,text_only,960,gboost,reranker,"0.500 [0.500, 0.500]","0.500 [0.500, 0.500]",0.000,0.500
"acl_prefilter=False,ablate=latency_pad,variant=fast_refusal",insider,text_only,960,gboost,latency,"0.566 [0.532, 0.602]","0.640 [0.568, 0.707]",0.010,0.554
"acl_prefilter=False,ablate=latency_pad,variant=fast_refusal",insider,text_only,960,gboost,refusal,"0.502 [0.473, 0.530]","0.504 [0.476, 0.536]",0.000,0.501
"acl_prefilter=False,ablate=latency_pad,variant=fast_refusal",insider,text_only,960,gboost,content,"0.502 [0.473, 0.529]","0.504 [0.475, 0.535]",0.000,0.501
"acl_prefilter=False,ablate=latency_pad,variant=fast_refusal",insider,text_only,960,gboost,combined,"0.572 [0.538, 0.606]","0.643 [0.572, 0.707]",0.008,0.559
"acl_prefilter=False,ablate=latency_pad,variant=fast_refusal",insider,with_sources,960,threshold,rules,"0.634 [0.616, 0.653]","0.768 [0.722, 0.810]",0.233,0.508
"acl_prefilter=False,ablate=latency_pad,variant=fast_refusal",insider,with_sources,960,logreg,score,"0.656 [0.622, 0.689]","0.771 [0.722, 0.814]",0.233,0.614
"acl_prefilter=False,ablate=latency_pad,variant=fast_refusal",insider,with_sources,960,logreg,reranker,"0.500 [0.500, 0.500]","0.500 [0.500, 0.500]",0.000,0.500
"acl_prefilter=False,ablate=latency_pad,variant=fast_refusal",insider,with_sources,960,logreg,latency,"0.538 [0.499, 0.576]","0.583 [0.513, 0.656]",0.013,0.548
"acl_prefilter=False,ablate=latency_pad,variant=fast_refusal",insider,with_sources,960,logreg,refusal,"0.502 [0.473, 0.530]","0.504 [0.475, 0.536]",0.000,0.501
"acl_prefilter=False,ablate=latency_pad,variant=fast_refusal",insider,with_sources,960,logreg,content,"0.502 [0.465, 0.537]","0.504 [0.475, 0.535]",0.000,0.501
"acl_prefilter=False,ablate=latency_pad,variant=fast_refusal",insider,with_sources,960,logreg,combined,"0.699 [0.667, 0.731]","0.845 [0.796, 0.890]",0.248,0.628
"acl_prefilter=False,ablate=latency_pad,variant=fast_refusal",insider,with_sources,960,gboost,score,"0.656 [0.623, 0.689]","0.767 [0.719, 0.812]",0.237,0.613
"acl_prefilter=False,ablate=latency_pad,variant=fast_refusal",insider,with_sources,960,gboost,reranker,"0.500 [0.500, 0.500]","0.500 [0.500, 0.500]",0.000,0.500
"acl_prefilter=False,ablate=latency_pad,variant=fast_refusal",insider,with_sources,960,gboost,latency,"0.566 [0.532, 0.602]","0.640 [0.568, 0.707]",0.010,0.554
"acl_prefilter=False,ablate=latency_pad,variant=fast_refusal",insider,with_sources,960,gboost,refusal,"0.502 [0.473, 0.530]","0.504 [0.476, 0.536]",0.000,0.501
"acl_prefilter=False,ablate=latency_pad,variant=fast_refusal",insider,with_sources,960,gboost,content,"0.502 [0.473, 0.529]","0.504 [0.475, 0.535]",0.000,0.501
"acl_prefilter=False,ablate=latency_pad,variant=fast_refusal",insider,with_sources,960,gboost,combined,"0.741 [0.712, 0.770]","0.896 [0.854, 0.932]",0.240,0.653
"acl_prefilter=False,ablate=latency_pad,variant=fast_refusal",insider,with_reranker,960,threshold,rules,"0.634 [0.616, 0.653]","0.768 [0.722, 0.810]",0.233,0.508
"acl_prefilter=False,ablate=latency_pad,variant=fast_refusal",insider,with_reranker,960,logreg,score,"0.656 [0.622, 0.689]","0.771 [0.722, 0.814]",0.233,0.614
"acl_prefilter=False,ablate=latency_pad,variant=fast_refusal",insider,with_reranker,960,logreg,reranker,"0.786 [0.759, 0.812]","0.982 [0.963, 0.996]",0.000,0.696
"acl_prefilter=False,ablate=latency_pad,variant=fast_refusal",insider,with_reranker,960,logreg,latency,"0.538 [0.499, 0.576]","0.583 [0.513, 0.656]",0.013,0.548
"acl_prefilter=False,ablate=latency_pad,variant=fast_refusal",insider,with_reranker,960,logreg,refusal,"0.502 [0.473, 0.530]","0.504 [0.475, 0.536]",0.000,0.501
"acl_prefilter=False,ablate=latency_pad,variant=fast_refusal",insider,with_reranker,960,logreg,content,"0.502 [0.465, 0.537]","0.504 [0.475, 0.535]",0.000,0.501
"acl_prefilter=False,ablate=latency_pad,variant=fast_refusal",insider,with_reranker,960,logreg,combined,"0.871 [0.848, 0.890]","0.989 [0.975, 0.999]",0.369,0.766
"acl_prefilter=False,ablate=latency_pad,variant=fast_refusal",insider,with_reranker,960,gboost,score,"0.656 [0.623, 0.689]","0.767 [0.719, 0.812]",0.237,0.613
"acl_prefilter=False,ablate=latency_pad,variant=fast_refusal",insider,with_reranker,960,gboost,reranker,"0.790 [0.763, 0.816]","0.982 [0.963, 0.996]",0.000,0.702
"acl_prefilter=False,ablate=latency_pad,variant=fast_refusal",insider,with_reranker,960,gboost,latency,"0.566 [0.532, 0.602]","0.640 [0.568, 0.707]",0.010,0.554
"acl_prefilter=False,ablate=latency_pad,variant=fast_refusal",insider,with_reranker,960,gboost,refusal,"0.502 [0.473, 0.530]","0.504 [0.476, 0.536]",0.000,0.501
"acl_prefilter=False,ablate=latency_pad,variant=fast_refusal",insider,with_reranker,960,gboost,content,"0.502 [0.473, 0.529]","0.504 [0.475, 0.535]",0.000,0.501
"acl_prefilter=False,ablate=latency_pad,variant=fast_refusal",insider,with_reranker,960,gboost,combined,"0.893 [0.875, 0.910]","0.992 [0.982, 1.000]",0.367,0.783
"acl_prefilter=False,ablate=latency_pad,variant=fast_refusal",outsider,text_only,960,threshold,rules,"0.505 [0.484, 0.526]","0.518 [0.460, 0.573]",0.000,0.506
"acl_prefilter=False,ablate=latency_pad,variant=fast_refusal",outsider,text_only,960,logreg,score,"0.500 [0.500, 0.500]","0.500 [0.500, 0.500]",0.000,0.500
"acl_prefilter=False,ablate=latency_pad,variant=fast_refusal",outsider,text_only,960,logreg,reranker,"0.500 [0.500, 0.500]","0.500 [0.500, 0.500]",0.000,0.500
"acl_prefilter=False,ablate=latency_pad,variant=fast_refusal",outsider,text_only,960,logreg,latency,"0.535 [0.501, 0.573]","0.560 [0.486, 0.633]",0.002,0.507
"acl_prefilter=False,ablate=latency_pad,variant=fast_refusal",outsider,text_only,960,logreg,refusal,"0.505 [0.470, 0.540]","0.508 [0.470, 0.546]",0.000,0.503
"acl_prefilter=False,ablate=latency_pad,variant=fast_refusal",outsider,text_only,960,logreg,content,"0.502 [0.466, 0.537]","0.508 [0.470, 0.544]",0.000,0.503
"acl_prefilter=False,ablate=latency_pad,variant=fast_refusal",outsider,text_only,960,logreg,combined,"0.560 [0.523, 0.598]","0.572 [0.496, 0.646]",0.008,0.544
"acl_prefilter=False,ablate=latency_pad,variant=fast_refusal",outsider,text_only,960,gboost,score,"0.500 [0.500, 0.500]","0.500 [0.500, 0.500]",0.000,0.500
"acl_prefilter=False,ablate=latency_pad,variant=fast_refusal",outsider,text_only,960,gboost,reranker,"0.500 [0.500, 0.500]","0.500 [0.500, 0.500]",0.000,0.500
"acl_prefilter=False,ablate=latency_pad,variant=fast_refusal",outsider,text_only,960,gboost,latency,"0.581 [0.543, 0.616]","0.636 [0.567, 0.709]",0.015,0.575
"acl_prefilter=False,ablate=latency_pad,variant=fast_refusal",outsider,text_only,960,gboost,refusal,"0.505 [0.472, 0.541]","0.509 [0.469, 0.546]",0.004,0.503
"acl_prefilter=False,ablate=latency_pad,variant=fast_refusal",outsider,text_only,960,gboost,content,"0.505 [0.471, 0.541]","0.509 [0.468, 0.550]",0.004,0.503
"acl_prefilter=False,ablate=latency_pad,variant=fast_refusal",outsider,text_only,960,gboost,combined,"0.582 [0.545, 0.617]","0.638 [0.568, 0.707]",0.017,0.566
"acl_prefilter=False,ablate=latency_pad,variant=fast_refusal",outsider,with_sources,960,threshold,rules,"0.620 [0.598, 0.642]","0.739 [0.685, 0.789]",0.000,0.501
"acl_prefilter=False,ablate=latency_pad,variant=fast_refusal",outsider,with_sources,960,logreg,score,"0.661 [0.628, 0.694]","0.776 [0.725, 0.820]",0.233,0.617
"acl_prefilter=False,ablate=latency_pad,variant=fast_refusal",outsider,with_sources,960,logreg,reranker,"0.500 [0.500, 0.500]","0.500 [0.500, 0.500]",0.000,0.500
"acl_prefilter=False,ablate=latency_pad,variant=fast_refusal",outsider,with_sources,960,logreg,latency,"0.535 [0.501, 0.573]","0.560 [0.486, 0.633]",0.002,0.507
"acl_prefilter=False,ablate=latency_pad,variant=fast_refusal",outsider,with_sources,960,logreg,refusal,"0.505 [0.470, 0.540]","0.508 [0.470, 0.546]",0.000,0.503
"acl_prefilter=False,ablate=latency_pad,variant=fast_refusal",outsider,with_sources,960,logreg,content,"0.502 [0.466, 0.537]","0.508 [0.470, 0.544]",0.000,0.503
"acl_prefilter=False,ablate=latency_pad,variant=fast_refusal",outsider,with_sources,960,logreg,combined,"0.696 [0.663, 0.726]","0.877 [0.832, 0.918]",0.244,0.623
"acl_prefilter=False,ablate=latency_pad,variant=fast_refusal",outsider,with_sources,960,gboost,score,"0.658 [0.624, 0.690]","0.780 [0.729, 0.827]",0.240,0.614
"acl_prefilter=False,ablate=latency_pad,variant=fast_refusal",outsider,with_sources,960,gboost,reranker,"0.500 [0.500, 0.500]","0.500 [0.500, 0.500]",0.000,0.500
"acl_prefilter=False,ablate=latency_pad,variant=fast_refusal",outsider,with_sources,960,gboost,latency,"0.581 [0.543, 0.616]","0.636 [0.567, 0.709]",0.015,0.575
"acl_prefilter=False,ablate=latency_pad,variant=fast_refusal",outsider,with_sources,960,gboost,refusal,"0.505 [0.472, 0.541]","0.509 [0.469, 0.546]",0.004,0.503
"acl_prefilter=False,ablate=latency_pad,variant=fast_refusal",outsider,with_sources,960,gboost,content,"0.505 [0.471, 0.541]","0.509 [0.468, 0.550]",0.004,0.503
"acl_prefilter=False,ablate=latency_pad,variant=fast_refusal",outsider,with_sources,960,gboost,combined,"0.738 [0.707, 0.766]","0.892 [0.849, 0.929]",0.246,0.642
"acl_prefilter=False,ablate=latency_pad,variant=fast_refusal",outsider,with_reranker,960,threshold,rules,"0.620 [0.598, 0.642]","0.739 [0.685, 0.789]",0.000,0.501
"acl_prefilter=False,ablate=latency_pad,variant=fast_refusal",outsider,with_reranker,960,logreg,score,"0.661 [0.628, 0.694]","0.776 [0.725, 0.820]",0.233,0.617
"acl_prefilter=False,ablate=latency_pad,variant=fast_refusal",outsider,with_reranker,960,logreg,reranker,"0.787 [0.759, 0.813]","0.982 [0.963, 0.996]",0.000,0.698
"acl_prefilter=False,ablate=latency_pad,variant=fast_refusal",outsider,with_reranker,960,logreg,latency,"0.535 [0.501, 0.573]","0.560 [0.486, 0.633]",0.002,0.507
"acl_prefilter=False,ablate=latency_pad,variant=fast_refusal",outsider,with_reranker,960,logreg,refusal,"0.505 [0.470, 0.540]","0.508 [0.470, 0.546]",0.000,0.503
"acl_prefilter=False,ablate=latency_pad,variant=fast_refusal",outsider,with_reranker,960,logreg,content,"0.502 [0.466, 0.537]","0.508 [0.470, 0.544]",0.000,0.503
"acl_prefilter=False,ablate=latency_pad,variant=fast_refusal",outsider,with_reranker,960,logreg,combined,"0.873 [0.851, 0.892]","0.994 [0.986, 1.000]",0.335,0.768
"acl_prefilter=False,ablate=latency_pad,variant=fast_refusal",outsider,with_reranker,960,gboost,score,"0.658 [0.624, 0.690]","0.780 [0.729, 0.827]",0.240,0.614
"acl_prefilter=False,ablate=latency_pad,variant=fast_refusal",outsider,with_reranker,960,gboost,reranker,"0.791 [0.763, 0.817]","0.982 [0.963, 0.996]",0.000,0.704
"acl_prefilter=False,ablate=latency_pad,variant=fast_refusal",outsider,with_reranker,960,gboost,latency,"0.581 [0.543, 0.616]","0.636 [0.567, 0.709]",0.015,0.575
"acl_prefilter=False,ablate=latency_pad,variant=fast_refusal",outsider,with_reranker,960,gboost,refusal,"0.505 [0.472, 0.541]","0.509 [0.469, 0.546]",0.004,0.503
"acl_prefilter=False,ablate=latency_pad,variant=fast_refusal",outsider,with_reranker,960,gboost,content,"0.505 [0.471, 0.541]","0.509 [0.468, 0.550]",0.004,0.503
"acl_prefilter=False,ablate=latency_pad,variant=fast_refusal",outsider,with_reranker,960,gboost,combined,"0.897 [0.879, 0.914]","0.995 [0.986, 1.000]",0.319,0.782
"acl_prefilter=False,ablate=latency_pad,variant=fast_refusal",all,text_only,1920,threshold,rules,"0.511 [0.494, 0.527]","0.538 [0.490, 0.583]",0.000,0.512
"acl_prefilter=False,ablate=latency_pad,variant=fast_refusal",all,text_only,1920,logreg,score,"0.500 [0.500, 0.500]","0.500 [0.500, 0.500]",0.000,0.500
"acl_prefilter=False,ablate=latency_pad,variant=fast_refusal",all,text_only,1920,logreg,reranker,"0.500 [0.500, 0.500]","0.500 [0.500, 0.500]",0.000,0.500
"acl_prefilter=False,ablate=latency_pad,variant=fast_refusal",all,text_only,1920,logreg,latency,"0.541 [0.514, 0.566]","0.575 [0.521, 0.624]",0.015,0.535
"acl_prefilter=False,ablate=latency_pad,variant=fast_refusal",all,text_only,1920,logreg,refusal,"0.504 [0.479, 0.527]","0.506 [0.482, 0.530]",0.000,0.502
"acl_prefilter=False,ablate=latency_pad,variant=fast_refusal",all,text_only,1920,logreg,content,"0.504 [0.476, 0.528]","0.506 [0.482, 0.530]",0.000,0.502
"acl_prefilter=False,ablate=latency_pad,variant=fast_refusal",all,text_only,1920,logreg,combined,"0.554 [0.528, 0.579]","0.575 [0.525, 0.624]",0.011,0.562
"acl_prefilter=False,ablate=latency_pad,variant=fast_refusal",all,text_only,1920,gboost,score,"0.500 [0.500, 0.500]","0.500 [0.500, 0.500]",0.000,0.500
"acl_prefilter=False,ablate=latency_pad,variant=fast_refusal",all,text_only,1920,gboost,reranker,"0.500 [0.500, 0.500]","0.500 [0.500, 0.500]",0.000,0.500
"acl_prefilter=False,ablate=latency_pad,variant=fast_refusal",all,text_only,1920,gboost,latency,"0.584 [0.559, 0.610]","0.639 [0.590, 0.689]",0.008,0.561
"acl_prefilter=False,ablate=latency_pad,variant=fast_refusal",all,text_only,1920,gboost,refusal,"0.504 [0.479, 0.526]","0.506 [0.481, 0.530]",0.000,0.502
"acl_prefilter=False,ablate=latency_pad,variant=fast_refusal",all,text_only,1920,gboost,content,"0.503 [0.477, 0.525]","0.506 [0.483, 0.529]",0.002,0.501
"acl_prefilter=False,ablate=latency_pad,variant=fast_refusal",all,text_only,1920,gboost,combined,"0.586 [0.561, 0.613]","0.642 [0.593, 0.692]",0.005,0.563
"acl_prefilter=False,ablate=latency_pad,variant=fast_refusal",all,with_sources,1920,threshold,rules,"0.627 [0.612, 0.641]","0.753 [0.718, 0.788]",0.000,0.505
"acl_prefilter=False,ablate=latency_pad,variant=fast_refusal",all,with_sources,1920,logreg,score,"0.658 [0.633, 0.680]","0.771 [0.737, 0.804]",0.233,0.617
"acl_prefilter=False,ablate=latency_pad,variant=fast_refusal",all,with_sources,1920,logreg,reranker,"0.500 [0.500, 0.500]","0.500 [0.500, 0.500]",0.000,0.500
"acl_prefilter=False,ablate=latency_pad,variant=fast_refusal",all,with_sources,1920,logreg,latency,"0.541 [0.514, 0.566]","0.575 [0.521, 0.624]",0.015,0.535
"acl_prefilter=False,ablate=latency_pad,variant=fast_refusal",all,with_sources,1920,logreg,refusal,"0.504 [0.479, 0.527]","0.506 [0.482, 0.530]",0.000,0.502
"acl_prefilter=False,ablate=latency_pad,variant=fast_refusal",all,with_sources,1920,logreg,content,"0.504 [0.476, 0.528]","0.506 [0.482, 0.530]",0.000,0.502
"acl_prefilter=False,ablate=latency_pad,variant=fast_refusal",all,with_sources,1920,logreg,combined,"0.704 [0.679, 0.725]","0.859 [0.823, 0.890]",0.244,0.624
"acl_prefilter=False,ablate=latency_pad,variant=fast_refusal",all,with_sources,1920,gboost,score,"0.658 [0.634, 0.680]","0.776 [0.741, 0.809]",0.240,0.616
"acl_prefilter=False,ablate=latency_pad,variant=fast_refusal",all,with_sources,1920,gboost,reranker,"0.500 [0.500, 0.500]","0.500 [0.500, 0.500]",0.000,0.500
"acl_prefilter=False,ablate=latency_pad,variant=fast_refusal",all,with_sources,1920,gboost,latency,"0.584 [0.559, 0.610]","0.639 [0.590, 0.689]",0.008,0.561
"acl_prefilter=False,ablate=latency_pad,variant=fast_refusal",all,with_sources,1920,gboost,refusal,"0.504 [0.479, 0.526]","0.506 [0.481, 0.530]",0.000,0.502
"acl_prefilter=False,ablate=latency_pad,variant=fast_refusal",all,with_sources,1920,gboost,content,"0.503 [0.477, 0.525]","0.506 [0.483, 0.529]",0.002,0.501
"acl_prefilter=False,ablate=latency_pad,variant=fast_refusal",all,with_sources,1920,gboost,combined,"0.737 [0.714, 0.757]","0.887 [0.857, 0.913]",0.242,0.645
"acl_prefilter=False,ablate=latency_pad,variant=fast_refusal",all,with_reranker,1920,threshold,rules,"0.627 [0.612, 0.641]","0.753 [0.718, 0.788]",0.000,0.505
"acl_prefilter=False,ablate=latency_pad,variant=fast_refusal",all,with_reranker,1920,logreg,score,"0.658 [0.633, 0.680]","0.771 [0.737, 0.804]",0.233,0.617
"acl_prefilter=False,ablate=latency_pad,variant=fast_refusal",all,with_reranker,1920,logreg,reranker,"0.787 [0.767, 0.806]","0.982 [0.970, 0.993]",0.000,0.697
"acl_prefilter=False,ablate=latency_pad,variant=fast_refusal",all,with_reranker,1920,logreg,latency,"0.541 [0.514, 0.566]","0.575 [0.521, 0.624]",0.015,0.535
"acl_prefilter=False,ablate=latency_pad,variant=fast_refusal",all,with_reranker,1920,logreg,refusal,"0.504 [0.479, 0.527]","0.506 [0.482, 0.530]",0.000,0.502
"acl_prefilter=False,ablate=latency_pad,variant=fast_refusal",all,with_reranker,1920,logreg,content,"0.504 [0.476, 0.528]","0.506 [0.482, 0.530]",0.000,0.502
"acl_prefilter=False,ablate=latency_pad,variant=fast_refusal",all,with_reranker,1920,logreg,combined,"0.872 [0.856, 0.886]","0.991 [0.983, 0.998]",0.353,0.765
"acl_prefilter=False,ablate=latency_pad,variant=fast_refusal",all,with_reranker,1920,gboost,score,"0.658 [0.634, 0.680]","0.776 [0.741, 0.809]",0.240,0.616
"acl_prefilter=False,ablate=latency_pad,variant=fast_refusal",all,with_reranker,1920,gboost,reranker,"0.790 [0.769, 0.808]","0.982 [0.970, 0.993]",0.000,0.703
"acl_prefilter=False,ablate=latency_pad,variant=fast_refusal",all,with_reranker,1920,gboost,latency,"0.584 [0.559, 0.610]","0.639 [0.590, 0.689]",0.008,0.561
"acl_prefilter=False,ablate=latency_pad,variant=fast_refusal",all,with_reranker,1920,gboost,refusal,"0.504 [0.479, 0.526]","0.506 [0.481, 0.530]",0.000,0.502
"acl_prefilter=False,ablate=latency_pad,variant=fast_refusal",all,with_reranker,1920,gboost,content,"0.503 [0.477, 0.525]","0.506 [0.483, 0.529]",0.002,0.501
"acl_prefilter=False,ablate=latency_pad,variant=fast_refusal",all,with_reranker,1920,gboost,combined,"0.897 [0.885, 0.910]","0.994 [0.987, 0.999]",0.345,0.782
"acl_prefilter=False,ablate=latency_pad,variant=pad30",insider,text_only,960,threshold,rules,"0.500 [0.500, 0.500]","0.500 [0.500, 0.500]",0.000,0.500
"acl_prefilter=False,ablate=latency_pad,variant=pad30",insider,text_only,960,logreg,score,"0.500 [0.500, 0.500]","0.500 [0.500, 0.500]",0.000,0.500
"acl_prefilter=False,ablate=latency_pad,variant=pad30",insider,text_only,960,logreg,reranker,"0.500 [0.500, 0.500]","0.500 [0.500, 0.500]",0.000,0.500
"acl_prefilter=False,ablate=latency_pad,variant=pad30",insider,text_only,960,logreg,latency,"0.517 [0.482, 0.553]","0.549 [0.478, 0.620]",0.004,0.515
"acl_prefilter=False,ablate=latency_pad,variant=pad30",insider,text_only,960,logreg,refusal,"0.502 [0.473, 0.530]","0.504 [0.475, 0.536]",0.000,0.501
"acl_prefilter=False,ablate=latency_pad,variant=pad30",insider,text_only,960,logreg,content,"0.502 [0.465, 0.537]","0.504 [0.475, 0.535]",0.000,0.501
"acl_prefilter=False,ablate=latency_pad,variant=pad30",insider,text_only,960,logreg,combined,"0.517 [0.483, 0.552]","0.524 [0.453, 0.593]",0.002,0.514
"acl_prefilter=False,ablate=latency_pad,variant=pad30",insider,text_only,960,gboost,score,"0.500 [0.500, 0.500]","0.500 [0.500, 0.500]",0.000,0.500
"acl_prefilter=False,ablate=latency_pad,variant=pad30",insider,text_only,960,gboost,reranker,"0.500 [0.500, 0.500]","0.500 [0.500, 0.500]",0.000,0.500
"acl_prefilter=False,ablate=latency_pad,variant=pad30",insider,text_only,960,gboost,latency,"0.519 [0.482, 0.554]","0.540 [0.465, 0.607]",0.006,0.521
"acl_prefilter=False,ablate=latency_pad,variant=pad30",insider,text_only,960,gboost,refusal,"0.502 [0.473, 0.530]","0.504 [0.476, 0.536]",0.000,0.501
"acl_prefilter=False,ablate=latency_pad,variant=pad30",insider,text_only,960,gboost,content,"0.502 [0.473, 0.529]","0.504 [0.475, 0.535]",0.000,0.501
"acl_prefilter=False,ablate=latency_pad,variant=pad30",insider,text_only,960,gboost,combined,"0.521 [0.484, 0.558]","0.549 [0.474, 0.618]",0.008,0.525
"acl_prefilter=False,ablate=latency_pad,variant=pad30",insider,with_sources,960,threshold,rules,"0.634 [0.616, 0.653]","0.768 [0.722, 0.810]",0.233,0.524
"acl_prefilter=False,ablate=latency_pad,variant=pad30",insider,with_sources,960,logreg,score,"0.656 [0.622, 0.689]","0.771 [0.722, 0.814]",0.233,0.614
"acl_prefilter=False,ablate=latency_pad,variant=pad30",insider,with_sources,960,logreg,reranker,"0.500 [0.500, 0.500]","0.500 [0.500, 0.500]",0.000,0.500
"acl_prefilter=False,ablate=latency_pad,variant=pad30",insider,with_sources,960,logreg,latency,"0.517 [0.482, 0.553]","0.549 [0.478, 0.620]",0.004,0.515
"acl_prefilter=False,ablate=latency_pad,variant=pad30",insider,with_sources,960,logreg,refusal,"0.502 [0.473, 0.530]","0.504 [0.475, 0.536]",0.000,0.501
"acl_prefilter=False,ablate=latency_pad,variant=pad30",insider,with_sources,960,logreg,content,"0.502 [0.465, 0.537]","0.504 [0.475, 0.535]",0.000,0.501
"acl_prefilter=False,ablate=latency_pad,variant=pad30",insider,with_sources,960,logreg,combined,"0.656 [0.621, 0.690]","0.793 [0.738, 0.844]",0.235,0.615
"acl_prefilter=False,ablate=latency_pad,variant=pad30",insider,with_sources,960,gboost,score,"0.656 [0.623, 0.689]","0.767 [0.719, 0.812]",0.237,0.613
"acl_prefilter=False,ablate=latency_pad,variant=pad30",insider,with_sources,960,gboost,reranker,"0.500 [0.500, 0.500]","0.500 [0.500, 0.500]",0.000,0.500
"acl_prefilter=False,ablate=latency_pad,variant=pad30",insider,with_sources,960,gboost,latency,"0.519 [0.482, 0.554]","0.540 [0.465, 0.607]",0.006,0.521
"acl_prefilter=False,ablate=latency_pad,variant=pad30",insider,with_sources,960,gboost,refusal,"0.502 [0.473, 0.530]","0.504 [0.476, 0.536]",0.000,0.501
"acl_prefilter=False,ablate=latency_pad,variant=pad30",insider,with_sources,960,gboost,content,"0.502 [0.473, 0.529]","0.504 [0.475, 0.535]",0.000,0.501
"acl_prefilter=False,ablate=latency_pad,variant=pad30",insider,with_sources,960,gboost,combined,"0.658 [0.624, 0.692]","0.768 [0.706, 0.826]",0.235,0.612
"acl_prefilter=False,ablate=latency_pad,variant=pad30",insider,with_reranker,960,threshold,rules,"0.634 [0.616, 0.653]","0.768 [0.722, 0.810]",0.233,0.524
"acl_prefilter=False,ablate=latency_pad,variant=pad30",insider,with_reranker,960,logreg,score,"0.656 [0.622, 0.689]","0.771 [0.722, 0.814]",0.233,0.614
"acl_prefilter=False,ablate=latency_pad,variant=pad30",insider,with_reranker,960,logreg,reranker,"0.786 [0.759, 0.812]","0.982 [0.963, 0.996]",0.000,0.696
"acl_prefilter=False,ablate=latency_pad,variant=pad30",insider,with_reranker,960,logreg,latency,"0.517 [0.482, 0.553]","0.549 [0.478, 0.620]",0.004,0.515
"acl_prefilter=False,ablate=latency_pad,variant=pad30",insider,with_reranker,960,logreg,refusal,"0.502 [0.473, 0.530]","0.504 [0.475, 0.536]",0.000,0.501
"acl_prefilter=False,ablate=latency_pad,variant=pad30",insider,with_reranker,960,logreg,content,"0.502 [0.465, 0.537]","0.504 [0.475, 0.535]",0.000,0.501
"acl_prefilter=False,ablate=latency_pad,variant=pad30",insider,with_reranker,960,logreg,combined,"0.855 [0.833, 0.876]","0.992 [0.981, 0.999]",0.417,0.743
"acl_prefilter=False,ablate=latency_pad,variant=pad30",insider,with_reranker,960,gboost,score,"0.656 [0.623, 0.689]","0.767 [0.719, 0.812]",0.237,0.613
"acl_prefilter=False,ablate=latency_pad,variant=pad30",insider,with_reranker,960,gboost,reranker,"0.790 [0.763, 0.816]","0.982 [0.963, 0.996]",0.000,0.702
"acl_prefilter=False,ablate=latency_pad,variant=pad30",insider,with_reranker,960,gboost,latency,"0.519 [0.482, 0.554]","0.540 [0.465, 0.607]",0.006,0.521
"acl_prefilter=False,ablate=latency_pad,variant=pad30",insider,with_reranker,960,gboost,refusal,"0.502 [0.473, 0.530]","0.504 [0.476, 0.536]",0.000,0.501
"acl_prefilter=False,ablate=latency_pad,variant=pad30",insider,with_reranker,960,gboost,content,"0.502 [0.473, 0.529]","0.504 [0.475, 0.535]",0.000,0.501
"acl_prefilter=False,ablate=latency_pad,variant=pad30",insider,with_reranker,960,gboost,combined,"0.856 [0.833, 0.878]","0.989 [0.976, 0.999]",0.321,0.750
"acl_prefilter=False,ablate=latency_pad,variant=pad30",outsider,text_only,960,threshold,rules,"0.500 [0.485, 0.513]","0.500 [0.469, 0.531]",0.000,0.500
"acl_prefilter=False,ablate=latency_pad,variant=pad30",outsider,text_only,960,logreg,score,"0.500 [0.500, 0.500]","0.500 [0.500, 0.500]",0.000,0.500
"acl_prefilter=False,ablate=latency_pad,variant=pad30",outsider,text_only,960,logreg,reranker,"0.500 [0.500, 0.500]","0.500 [0.500, 0.500]",0.000,0.500
"acl_prefilter=False,ablate=latency_pad,variant=pad30",outsider,text_only,960,logreg,latency,"0.511 [0.473, 0.551]","0.530 [0.460, 0.604]",0.019,0.512
"acl_prefilter=False,ablate=latency_pad,variant=pad30",outsider,text_only,960,logreg,refusal,"0.504 [0.467, 0.541]","0.508 [0.469, 0.544]",0.000,0.502
"acl_prefilter=False,ablate=latency_pad,variant=pad30",outsider,text_only,960,logreg,content,"0.499 [0.462, 0.535]","0.492 [0.455, 0.532]",0.006,0.500
"acl_prefilter=False,ablate=latency_pad,variant=pad30",outsider,text_only,960,logreg,combined,"0.513 [0.476, 0.550]","0.532 [0.460, 0.605]",0.002,0.521
"acl_prefilter=False,ablate=latency_pad,variant=pad30",outsider,text_only,960,gboost,score,"0.500 [0.500, 0.500]","0.500 [0.500, 0.500]",0.000,0.500
"acl_prefilter=False,ablate=latency_pad,variant=pad30",outsider,text_only,960,gboost,reranker,"0.500 [0.500, 0.500]","0.500 [0.500, 0.500]",0.000,0.500
"acl_prefilter=False,ablate=latency_pad,variant=pad30",outsider,text_only,960,gboost,latency,"0.499 [0.462, 0.537]","0.510 [0.440, 0.580]",0.006,0.497
"acl_prefilter=False,ablate=latency_pad,variant=pad30",outsider,text_only,960,gboost,refusal,"0.504 [0.471, 0.540]","0.508 [0.470, 0.544]",0.000,0.501
"acl_prefilter=False,ablate=latency_pad,variant=pad30",outsider,text_only,960,gboost,content,"0.504 [0.467, 0.538]","0.508 [0.470, 0.547]",0.004,0.502
"acl_prefilter=False,ablate=latency_pad,variant=pad30",outsider,text_only,960,gboost,combined,"0.510 [0.473, 0.546]","0.510 [0.439, 0.578]",0.002,0.506
"acl_prefilter=False,ablate=latency_pad,variant=pad30",outsider,with_sources,960,threshold,rules,"0.619 [0.596, 0.642]","0.736 [0.680, 0.786]",0.000,0.524
"acl_prefilter=False,ablate=latency_pad,variant=pad30",outsider,with_sources,960,logreg,score,"0.661 [0.628, 0.694]","0.776 [0.725, 0.820]",0.233,0.617
"acl_prefilter=False,ablate=latency_pad,variant=pad30",outsider,with_sources,960,logreg,reranker,"0.500 [0.500, 0.500]","0.500 [0.500, 0.500]",0.000,0.500
"acl_prefilter=False,ablate=latency_pad,variant=pad30",outsider,with_sources,960,logreg,latency,"0.511 [0.473, 0.551]","0.530 [0.460, 0.604]",0.019,0.512
"acl_prefilter=False,ablate=latency_pad,variant=pad30",outsider,with_sources,960,logreg,refusal,"0.504 [0.467, 0.541]","0.508 [0.469, 0.544]",0.000,0.502
"acl_prefilter=False,ablate=latency_pad,variant=pad30",outsider,with_sources,960,logreg,content,"0.499 [0.462, 0.535]","0.492 [0.455, 0.532]",0.006,0.500
"acl_prefilter=False,ablate=latency_pad,variant=pad30",outsider,with_sources,960,logreg,combined,"0.663 [0.629, 0.696]","0.779 [0.717, 0.834]",0.246,0.614
"acl_prefilter=False,ablate=latency_pad,variant=pad30",outsider,with_sources,960,gboost,score,"0.658 [0.624, 0.690]","0.780 [0.729, 0.827]",0.240,0.614
"acl_prefilter=False,ablate=latency_pad,variant=pad30",outsider,with_sources,960,gboost,reranker,"0.500 [0.500, 0.500]","0.500 [0.500, 0.500]",0.000,0.500
"acl_prefilter=False,ablate=latency_pad,variant=pad30",outsider,with_sources,960,gboost,latency,"0.499 [0.462, 0.537]","0.510 [0.440, 0.580]",0.006,0.497
"acl_prefilter=False,ablate=latency_pad,variant=pad30",outsider,with_sources,960,gboost,refusal,"0.504 [0.471, 0.540]","0.508 [0.470, 0.544]",0.000,0.501
"acl_prefilter=False,ablate=latency_pad,variant=pad30",outsider,with_sources,960,gboost,content,"0.504 [0.467, 0.538]","0.508 [0.470, 0.547]",0.004,0.502
"acl_prefilter=False,ablate=latency_pad,variant=pad30",outsider,with_sources,960,gboost,combined,"0.639 [0.606, 0.674]","0.755 [0.692, 0.810]",0.250,0.600
"acl_prefilter=False,ablate=latency_pad,variant=pad30",outsider,with_reranker,960,threshold,rules,"0.619 [0.596, 0.642]","0.736 [0.680, 0.786]",0.000,0.524
"acl_prefilter=False,ablate=latency_pad,variant=pad30",outsider,with_reranker,960,logreg,score,"0.661 [0.628, 0.694]","0.776 [0.725, 0.820]",0.233,0.617
"acl_prefilter=False,ablate=latency_pad,variant=pad30",outsider,with_reranker,960,logreg,reranker,"0.787 [0.759, 0.813]","0.982 [0.963, 0.996]",0.000,0.698
"acl_prefilter=False,ablate=latency_pad,variant=pad30",outsider,with_reranker,960,logreg,latency,"0.511 [0.473, 0.551]","0.530 [0.460, 0.604]",0.019,0.512
"acl_prefilter=False,ablate=latency_pad,variant=pad30",outsider,with_reranker,960,logreg,refusal,"0.504 [0.467, 0.541]","0.508 [0.469, 0.544]",0.000,0.502
"acl_prefilter=False,ablate=latency_pad,variant=pad30",outsider,with_reranker,960,logreg,content,"0.499 [0.462, 0.535]","0.492 [0.455, 0.532]",0.006,0.500
"acl_prefilter=False,ablate=latency_pad,variant=pad30",outsider,with_reranker,960,logreg,combined,"0.857 [0.833, 0.878]","0.992 [0.984, 0.999]",0.302,0.748
"acl_prefilter=False,ablate=latency_pad,variant=pad30",outsider,with_reranker,960,gboost,score,"0.658 [0.624, 0.690]","0.780 [0.729, 0.827]",0.240,0.614
"acl_prefilter=False,ablate=latency_pad,variant=pad30",outsider,with_reranker,960,gboost,reranker,"0.791 [0.763, 0.817]","0.982 [0.963, 0.996]",0.000,0.704
"acl_prefilter=False,ablate=latency_pad,variant=pad30",outsider,with_reranker,960,gboost,latency,"0.499 [0.462, 0.537]","0.510 [0.440, 0.580]",0.006,0.497
"acl_prefilter=False,ablate=latency_pad,variant=pad30",outsider,with_reranker,960,gboost,refusal,"0.504 [0.471, 0.540]","0.508 [0.470, 0.544]",0.000,0.501
"acl_prefilter=False,ablate=latency_pad,variant=pad30",outsider,with_reranker,960,gboost,content,"0.504 [0.467, 0.538]","0.508 [0.470, 0.547]",0.004,0.502
"acl_prefilter=False,ablate=latency_pad,variant=pad30",outsider,with_reranker,960,gboost,combined,"0.852 [0.830, 0.874]","0.991 [0.982, 0.999]",0.402,0.733
"acl_prefilter=False,ablate=latency_pad,variant=pad30",all,text_only,1920,threshold,rules,"0.500 [0.493, 0.508]","0.500 [0.483, 0.516]",0.000,0.500
"acl_prefilter=False,ablate=latency_pad,variant=pad30",all,text_only,1920,logreg,score,"0.500 [0.500, 0.500]","0.500 [0.500, 0.500]",0.000,0.500
"acl_prefilter=False,ablate=latency_pad,variant=pad30",all,text_only,1920,logreg,reranker,"0.500 [0.500, 0.500]","0.500 [0.500, 0.500]",0.000,0.500
"acl_prefilter=False,ablate=latency_pad,variant=pad30",all,text_only,1920,logreg,latency,"0.501 [0.475, 0.526]","0.506 [0.457, 0.557]",0.013,0.510
"acl_prefilter=False,ablate=latency_pad,variant=pad30",all,text_only,1920,logreg,refusal,"0.503 [0.477, 0.525]","0.506 [0.482, 0.530]",0.000,0.502
"acl_prefilter=False,ablate=latency_pad,variant=pad30",all,text_only,1920,logreg,content,"0.500 [0.473, 0.523]","0.494 [0.470, 0.521]",0.005,0.500
"acl_prefilter=False,ablate=latency_pad,variant=pad30",all,text_only,1920,logreg,combined,"0.505 [0.480, 0.529]","0.506 [0.457, 0.556]",0.010,0.501
"acl_prefilter=False,ablate=latency_pad,variant=pad30",all,text_only,1920,gboost,score,"0.500 [0.500, 0.500]","0.500 [0.500, 0.500]",0.000,0.500
"acl_prefilter=False,ablate=latency_pad,variant=pad30",all,text_only,1920,gboost,reranker,"0.500 [0.500, 0.500]","0.500 [0.500, 0.500]",0.000,0.500
"acl_prefilter=False,ablate=latency_pad,variant=pad30",all,text_only,1920,gboost,latency,"0.518 [0.493, 0.544]","0.521 [0.470, 0.573]",0.017,0.523
"acl_prefilter=False,ablate=latency_pad,variant=pad30",all,text_only,1920,gboost,refusal,"0.503 [0.477, 0.526]","0.506 [0.481, 0.530]",0.000,0.502
"acl_prefilter=False,ablate=latency_pad,variant=pad30",all,text_only,1920,gboost,content,"0.503 [0.477, 0.525]","0.506 [0.481, 0.530]",0.000,0.501
"acl_prefilter=False,ablate=latency_pad,variant=pad30",all,text_only,1920,gboost,combined,"0.517 [0.491, 0.543]","0.528 [0.478, 0.582]",0.013,0.518
"acl_prefilter=False,ablate=latency_pad,variant=pad30",all,with_sources,1920,threshold,rules,"0.626 [0.611, 0.641]","0.751 [0.714, 0.786]",0.000,0.524
"acl_prefilter=False,ablate=latency_pad,variant=pad30",all,with_sources,1920,logreg,score,"0.658 [0.633, 0.680]","0.771 [0.737, 0.804]",0.233,0.617
"acl_prefilter=False,ablate=latency_pad,variant=pad30",all,with_sources,1920,logreg,reranker,"0.500 [0.500, 0.500]","0.500 [0.500, 0.500]",0.000,0.500
"acl_prefilter=False,ablate=latency_pad,variant=pad30",all,with_sources,1920,logreg,latency,"0.501 [0.475, 0.526]","0.506 [0.457, 0.557]",0.013,0.510
"acl_prefilter=False,ablate=latency_pad,variant=pad30",all,with_sources,1920,logreg,refusal,"0.503 [0.477, 0.525]","0.506 [0.482, 0.530]",0.000,0.502
"acl_prefilter=False,ablate=latency_pad,variant=pad30",all,with_sources,1920,logreg,content,"0.500 [0.473, 0.523]","0.494 [0.470, 0.521]",0.005,0.500
"acl_prefilter=False,ablate=latency_pad,variant=pad30",all,with_sources,1920,logreg,combined,"0.655 [0.629, 0.677]","0.774 [0.731, 0.814]",0.239,0.619
"acl_prefilter=False,ablate=latency_pad,variant=pad30",all,with_sources,1920,gboost,score,"0.658 [0.634, 0.680]","0.776 [0.741, 0.809]",0.240,0.616
"acl_prefilter=False,ablate=latency_pad,variant=pad30",all,with_sources,1920,gboost,reranker,"0.500 [0.500, 0.500]","0.500 [0.500, 0.500]",0.000,0.500
"acl_prefilter=False,ablate=latency_pad,variant=pad30",all,with_sources,1920,gboost,latency,"0.518 [0.493, 0.544]","0.521 [0.470, 0.573]",0.017,0.523
"acl_prefilter=False,ablate=latency_pad,variant=pad30",all,with_sources,1920,gboost,refusal,"0.503 [0.477, 0.526]","0.506 [0.481, 0.530]",0.000,0.502
"acl_prefilter=False,ablate=latency_pad,variant=pad30",all,with_sources,1920,gboost,content,"0.503 [0.477, 0.525]","0.506 [0.481, 0.530]",0.000,0.501
"acl_prefilter=False,ablate=latency_pad,variant=pad30",all,with_sources,1920,gboost,combined,"0.659 [0.634, 0.682]","0.774 [0.731, 0.814]",0.247,0.612
"acl_prefilter=False,ablate=latency_pad,variant=pad30",all,with_reranker,1920,threshold,rules,"0.626 [0.611, 0.641]","0.751 [0.714, 0.786]",0.000,0.524
"acl_prefilter=False,ablate=latency_pad,variant=pad30",all,with_reranker,1920,logreg,score,"0.658 [0.633, 0.680]","0.771 [0.737, 0.804]",0.233,0.617
"acl_prefilter=False,ablate=latency_pad,variant=pad30",all,with_reranker,1920,logreg,reranker,"0.787 [0.767, 0.806]","0.982 [0.970, 0.993]",0.000,0.697
"acl_prefilter=False,ablate=latency_pad,variant=pad30",all,with_reranker,1920,logreg,latency,"0.501 [0.475, 0.526]","0.506 [0.457, 0.557]",0.013,0.510
"acl_prefilter=False,ablate=latency_pad,variant=pad30",all,with_reranker,1920,logreg,refusal,"0.503 [0.477, 0.525]","0.506 [0.482, 0.530]",0.000,0.502
"acl_prefilter=False,ablate=latency_pad,variant=pad30",all,with_reranker,1920,logreg,content,"0.500 [0.473, 0.523]","0.494 [0.470, 0.521]",0.005,0.500
"acl_prefilter=False,ablate=latency_pad,variant=pad30",all,with_reranker,1920,logreg,combined,"0.854 [0.837, 0.869]","0.991 [0.983, 0.998]",0.360,0.747
"acl_prefilter=False,ablate=latency_pad,variant=pad30",all,with_reranker,1920,gboost,score,"0.658 [0.634, 0.680]","0.776 [0.741, 0.809]",0.240,0.616
"acl_prefilter=False,ablate=latency_pad,variant=pad30",all,with_reranker,1920,gboost,reranker,"0.790 [0.769, 0.808]","0.982 [0.970, 0.993]",0.000,0.703
"acl_prefilter=False,ablate=latency_pad,variant=pad30",all,with_reranker,1920,gboost,latency,"0.518 [0.493, 0.544]","0.521 [0.470, 0.573]",0.017,0.523
"acl_prefilter=False,ablate=latency_pad,variant=pad30",all,with_reranker,1920,gboost,refusal,"0.503 [0.477, 0.526]","0.506 [0.481, 0.530]",0.000,0.502
"acl_prefilter=False,ablate=latency_pad,variant=pad30",all,with_reranker,1920,gboost,content,"0.503 [0.477, 0.525]","0.506 [0.481, 0.530]",0.000,0.501
"acl_prefilter=False,ablate=latency_pad,variant=pad30",all,with_reranker,1920,gboost,combined,"0.855 [0.838, 0.869]","0.990 [0.981, 0.996]",0.372,0.733
"acl_prefilter=False,ablate=latency_pad,variant=deadline2s",insider,text_only,960,threshold,rules,"0.500 [0.500, 0.500]","0.500 [0.500, 0.500]",0.000,0.500
"acl_prefilter=False,ablate=latency_pad,variant=deadline2s",insider,text_only,960,logreg,score,"0.500 [0.500, 0.500]","0.500 [0.500, 0.500]",0.000,0.500
"acl_prefilter=False,ablate=latency_pad,variant=deadline2s",insider,text_only,960,logreg,reranker,"0.500 [0.500, 0.500]","0.500 [0.500, 0.500]",0.000,0.500
"acl_prefilter=False,ablate=latency_pad,variant=deadline2s",insider,text_only,960,logreg,latency,"0.516 [0.481, 0.552]","0.548 [0.476, 0.620]",0.004,0.510
"acl_prefilter=False,ablate=latency_pad,variant=deadline2s",insider,text_only,960,logreg,refusal,"0.502 [0.473, 0.530]","0.504 [0.475, 0.536]",0.000,0.501
"acl_prefilter=False,ablate=latency_pad,variant=deadline2s",insider,text_only,960,logreg,content,"0.502 [0.465, 0.537]","0.504 [0.475, 0.535]",0.000,0.501
"acl_prefilter=False,ablate=latency_pad,variant=deadline2s",insider,text_only,960,logreg,combined,"0.517 [0.483, 0.552]","0.525 [0.453, 0.594]",0.002,0.511
"acl_prefilter=False,ablate=latency_pad,variant=deadline2s",insider,text_only,960,gboost,score,"0.500 [0.500, 0.500]","0.500 [0.500, 0.500]",0.000,0.500
"acl_prefilter=False,ablate=latency_pad,variant=deadline2s",insider,text_only,960,gboost,reranker,"0.500 [0.500, 0.500]","0.500 [0.500, 0.500]",0.000,0.500
"acl_prefilter=False,ablate=latency_pad,variant=deadline2s",insider,text_only,960,gboost,latency,"0.501 [0.467, 0.536]","0.504 [0.427, 0.575]",0.006,0.501
"acl_prefilter=False,ablate=latency_pad,variant=deadline2s",insider,text_only,960,gboost,refusal,"0.502 [0.473, 0.530]","0.504 [0.476, 0.536]",0.000,0.501
"acl_prefilter=False,ablate=latency_pad,variant=deadline2s",insider,text_only,960,gboost,content,"0.502 [0.473, 0.529]","0.504 [0.475, 0.535]",0.000,0.501
"acl_prefilter=False,ablate=latency_pad,variant=deadline2s",insider,text_only,960,gboost,combined,"0.499 [0.464, 0.535]","0.520 [0.443, 0.589]",0.013,0.499
"acl_prefilter=False,ablate=latency_pad,variant=deadline2s",insider,with_sources,960,threshold,rules,"0.634 [0.616, 0.653]","0.768 [0.722, 0.810]",0.233,0.524
"acl_prefilter=False,ablate=latency_pad,variant=deadline2s",insider,with_sources,960,logreg,score,"0.656 [0.622, 0.689]","0.771 [0.722, 0.814]",0.233,0.614
"acl_prefilter=False,ablate=latency_pad,variant=deadline2s",insider,with_sources,960,logreg,reranker,"0.500 [0.500, 0.500]","0.500 [0.500, 0.500]",0.000,0.500
"acl_prefilter=False,ablate=latency_pad,variant=deadline2s",insider,with_sources,960,logreg,latency,"0.516 [0.481, 0.552]","0.548 [0.476, 0.620]",0.004,0.510
"acl_prefilter=False,ablate=latency_pad,variant=deadline2s",insider,with_sources,960,logreg,refusal,"0.502 [0.473, 0.530]","0.504 [0.475, 0.536]",0.000,0.501
"acl_prefilter=False,ablate=latency_pad,variant=deadline2s",insider,with_sources,960,logreg,content,"0.502 [0.465, 0.537]","0.504 [0.475, 0.535]",0.000,0.501
"acl_prefilter=False,ablate=latency_pad,variant=deadline2s",insider,with_sources,960,logreg,combined,"0.656 [0.620, 0.690]","0.793 [0.738, 0.845]",0.235,0.615
"acl_prefilter=False,ablate=latency_pad,variant=deadline2s",insider,with_sources,960,gboost,score,"0.657 [0.623, 0.690]","0.773 [0.725, 0.815]",0.233,0.613
"acl_prefilter=False,ablate=latency_pad,variant=deadline2s",insider,with_sources,960,gboost,reranker,"0.500 [0.500, 0.500]","0.500 [0.500, 0.500]",0.000,0.500
"acl_prefilter=False,ablate=latency_pad,variant=deadline2s",insider,with_sources,960,gboost,latency,"0.501 [0.467, 0.536]","0.504 [0.427, 0.575]",0.006,0.501
"acl_prefilter=False,ablate=latency_pad,variant=deadline2s",insider,with_sources,960,gboost,refusal,"0.502 [0.473, 0.530]","0.504 [0.476, 0.536]",0.000,0.501
"acl_prefilter=False,ablate=latency_pad,variant=deadline2s",insider,with_sources,960,gboost,content,"0.502 [0.473, 0.529]","0.504 [0.475, 0.535]",0.000,0.501
"acl_prefilter=False,ablate=latency_pad,variant=deadline2s",insider,with_sources,960,gboost,combined,"0.642 [0.606, 0.674]","0.763 [0.700, 0.821]",0.242,0.596
"acl_prefilter=False,ablate=latency_pad,variant=deadline2s",insider,with_reranker,960,threshold,rules,"0.634 [0.616, 0.653]","0.768 [0.722, 0.810]",0.233,0.524
"acl_prefilter=False,ablate=latency_pad,variant=deadline2s",insider,with_reranker,960,logreg,score,"0.656 [0.622, 0.689]","0.771 [0.722, 0.814]",0.233,0.614
"acl_prefilter=False,ablate=latency_pad,variant=deadline2s",insider,with_reranker,960,logreg,reranker,"0.786 [0.759, 0.812]","0.982 [0.963, 0.996]",0.000,0.696
"acl_prefilter=False,ablate=latency_pad,variant=deadline2s",insider,with_reranker,960,logreg,latency,"0.516 [0.481, 0.552]","0.548 [0.476, 0.620]",0.004,0.510
"acl_prefilter=False,ablate=latency_pad,variant=deadline2s",insider,with_reranker,960,logreg,refusal,"0.502 [0.473, 0.530]","0.504 [0.475, 0.536]",0.000,0.501
"acl_prefilter=False,ablate=latency_pad,variant=deadline2s",insider,with_reranker,960,logreg,content,"0.502 [0.465, 0.537]","0.504 [0.475, 0.535]",0.000,0.501
"acl_prefilter=False,ablate=latency_pad,variant=deadline2s",insider,with_reranker,960,logreg,combined,"0.855 [0.833, 0.876]","0.992 [0.981, 0.999]",0.417,0.744
"acl_prefilter=False,ablate=latency_pad,variant=deadline2s",insider,with_reranker,960,gboost,score,"0.657 [0.623, 0.690]","0.773 [0.725, 0.815]",0.233,0.613
"acl_prefilter=False,ablate=latency_pad,variant=deadline2s",insider,with_reranker,960,gboost,reranker,"0.790 [0.763, 0.816]","0.982 [0.963, 0.996]",0.000,0.702
"acl_prefilter=False,ablate=latency_pad,variant=deadline2s",insider,with_reranker,960,gboost,latency,"0.501 [0.467, 0.536]","0.504 [0.427, 0.575]",0.006,0.501
"acl_prefilter=False,ablate=latency_pad,variant=deadline2s",insider,with_reranker,960,gboost,refusal,"0.502 [0.473, 0.530]","0.504 [0.476, 0.536]",0.000,0.501
"acl_prefilter=False,ablate=latency_pad,variant=deadline2s",insider,with_reranker,960,gboost,content,"0.502 [0.473, 0.529]","0.504 [0.475, 0.535]",0.000,0.501
"acl_prefilter=False,ablate=latency_pad,variant=deadline2s",insider,with_reranker,960,gboost,combined,"0.847 [0.823, 0.869]","0.990 [0.979, 0.998]",0.377,0.728
"acl_prefilter=False,ablate=latency_pad,variant=deadline2s",outsider,text_only,960,threshold,rules,"0.500 [0.485, 0.513]","0.500 [0.469, 0.531]",0.000,0.500
"acl_prefilter=False,ablate=latency_pad,variant=deadline2s",outsider,text_only,960,logreg,score,"0.500 [0.500, 0.500]","0.500 [0.500, 0.500]",0.000,0.500
"acl_prefilter=False,ablate=latency_pad,variant=deadline2s",outsider,text_only,960,logreg,reranker,"0.500 [0.500, 0.500]","0.500 [0.500, 0.500]",0.000,0.500
"acl_prefilter=False,ablate=latency_pad,variant=deadline2s",outsider,text_only,960,logreg,latency,"0.511 [0.473, 0.550]","0.530 [0.460, 0.603]",0.021,0.507
"acl_prefilter=False,ablate=latency_pad,variant=deadline2s",outsider,text_only,960,logreg,refusal,"0.504 [0.467, 0.541]","0.508 [0.469, 0.544]",0.000,0.502
"acl_prefilter=False,ablate=latency_pad,variant=deadline2s",outsider,text_only,960,logreg,content,"0.499 [0.462, 0.535]","0.492 [0.455, 0.532]",0.006,0.500
"acl_prefilter=False,ablate=latency_pad,variant=deadline2s",outsider,text_only,960,logreg,combined,"0.514 [0.477, 0.551]","0.533 [0.461, 0.606]",0.002,0.519
"acl_prefilter=False,ablate=latency_pad,variant=deadline2s",outsider,text_only,960,gboost,score,"0.500 [0.500, 0.500]","0.500 [0.500, 0.500]",0.000,0.500
"acl_prefilter=False,ablate=latency_pad,variant=deadline2s",outsider,text_only,960,gboost,reranker,"0.500 [0.500, 0.500]","0.500 [0.500, 0.500]",0.000,0.500
"acl_prefilter=False,ablate=latency_pad,variant=deadline2s",outsider,text_only,960,gboost,latency,"0.522 [0.489, 0.557]","0.538 [0.470, 0.610]",0.031,0.522
"acl_prefilter=False,ablate=latency_pad,variant=deadline2s",outsider,text_only,960,gboost,refusal,"0.504 [0.471, 0.540]","0.508 [0.470, 0.544]",0.000,0.501
"acl_prefilter=False,ablate=latency_pad,variant=deadline2s",outsider,text_only,960,gboost,content,"0.504 [0.467, 0.538]","0.508 [0.470, 0.547]",0.004,0.502
"acl_prefilter=False,ablate=latency_pad,variant=deadline2s",outsider,text_only,960,gboost,combined,"0.520 [0.485, 0.554]","0.537 [0.464, 0.612]",0.006,0.525
"acl_prefilter=False,ablate=latency_pad,variant=deadline2s",outsider,with_sources,960,threshold,rules,"0.619 [0.596, 0.642]","0.736 [0.680, 0.786]",0.000,0.524
"acl_prefilter=False,ablate=latency_pad,variant=deadline2s",outsider,with_sources,960,logreg,score,"0.661 [0.628, 0.694]","0.776 [0.725, 0.820]",0.233,0.617
"acl_prefilter=False,ablate=latency_pad,variant=deadline2s",outsider,with_sources,960,logreg,reranker,"0.500 [0.500, 0.500]","0.500 [0.500, 0.500]",0.000,0.500
"acl_prefilter=False,ablate=latency_pad,variant=deadline2s",outsider,with_sources,960,logreg,latency,"0.511 [0.473, 0.550]","0.530 [0.460, 0.603]",0.021,0.507
"acl_prefilter=False,ablate=latency_pad,variant=deadline2s",outsider,with_sources,960,logreg,refusal,"0.504 [0.467, 0.541]","0.508 [0.469, 0.544]",0.000,0.502
"acl_prefilter=False,ablate=latency_pad,variant=deadline2s",outsider,with_sources,960,logreg,content,"0.499 [0.462, 0.535]","0.492 [0.455, 0.532]",0.006,0.500
"acl_prefilter=False,ablate=latency_pad,variant=deadline2s",outsider,with_sources,960,logreg,combined,"0.663 [0.629, 0.697]","0.780 [0.718, 0.834]",0.244,0.614
"acl_prefilter=False,ablate=latency_pad,variant=deadline2s",outsider,with_sources,960,gboost,score,"0.658 [0.624, 0.690]","0.780 [0.729, 0.827]",0.240,0.614
"acl_prefilter=False,ablate=latency_pad,variant=deadline2s",outsider,with_sources,960,gboost,reranker,"0.500 [0.500, 0.500]","0.500 [0.500, 0.500]",0.000,0.500
"acl_prefilter=False,ablate=latency_pad,variant=deadline2s",outsider,with_sources,960,gboost,latency,"0.522 [0.489, 0.557]","0.538 [0.470, 0.610]",0.031,0.522
"acl_prefilter=False,ablate=latency_pad,variant=deadline2s",outsider,with_sources,960,gboost,refusal,"0.504 [0.471, 0.540]","0.508 [0.470, 0.544]",0.000,0.501
"acl_prefilter=False,ablate=latency_pad,variant=deadline2s",outsider,with_sources,960,gboost,content,"0.504 [0.467, 0.538]","0.508 [0.470, 0.547]",0.004,0.502
"acl_prefilter=False,ablate=latency_pad,variant=deadline2s",outsider,with_sources,960,gboost,combined,"0.647 [0.615, 0.680]","0.757 [0.690, 0.812]",0.246,0.601
"acl_prefilter=False,ablate=latency_pad,variant=deadline2s",outsider,with_reranker,960,threshold,rules,"0.619 [0.596, 0.642]","0.736 [0.680, 0.786]",0.000,0.524
"acl_prefilter=False,ablate=latency_pad,variant=deadline2s",outsider,with_reranker,960,logreg,score,"0.661 [0.628, 0.694]","0.776 [0.725, 0.820]",0.233,0.617
"acl_prefilter=False,ablate=latency_pad,variant=deadline2s",outsider,with_reranker,960,logreg,reranker,"0.787 [0.759, 0.813]","0.982 [0.963, 0.996]",0.000,0.698
"acl_prefilter=False,ablate=latency_pad,variant=deadline2s",outsider,with_reranker,960,logreg,latency,"0.511 [0.473, 0.550]","0.530 [0.460, 0.603]",0.021,0.507
"acl_prefilter=False,ablate=latency_pad,variant=deadline2s",outsider,with_reranker,960,logreg,refusal,"0.504 [0.467, 0.541]","0.508 [0.469, 0.544]",0.000,0.502
"acl_prefilter=False,ablate=latency_pad,variant=deadline2s",outsider,with_reranker,960,logreg,content,"0.499 [0.462, 0.535]","0.492 [0.455, 0.532]",0.006,0.500
"acl_prefilter=False,ablate=latency_pad,variant=deadline2s",outsider,with_reranker,960,logreg,combined,"0.857 [0.833, 0.878]","0.992 [0.984, 0.999]",0.302,0.749
"acl_prefilter=False,ablate=latency_pad,variant=deadline2s",outsider,with_reranker,960,gboost,score,"0.658 [0.624, 0.690]","0.780 [0.729, 0.827]",0.240,0.614
"acl_prefilter=False,ablate=latency_pad,variant=deadline2s",outsider,with_reranker,960,gboost,reranker,"0.791 [0.763, 0.817]","0.982 [0.963, 0.996]",0.000,0.704
"acl_prefilter=False,ablate=latency_pad,variant=deadline2s",outsider,with_reranker,960,gboost,latency,"0.522 [0.489, 0.557]","0.538 [0.470, 0.610]",0.031,0.522
"acl_prefilter=False,ablate=latency_pad,variant=deadline2s",outsider,with_reranker,960,gboost,refusal,"0.504 [0.471, 0.540]","0.508 [0.470, 0.544]",0.000,0.501
"acl_prefilter=False,ablate=latency_pad,variant=deadline2s",outsider,with_reranker,960,gboost,content,"0.504 [0.467, 0.538]","0.508 [0.470, 0.547]",0.004,0.502
"acl_prefilter=False,ablate=latency_pad,variant=deadline2s",outsider,with_reranker,960,gboost,combined,"0.845 [0.821, 0.866]","0.990 [0.981, 0.997]",0.365,0.722
"acl_prefilter=False,ablate=latency_pad,variant=deadline2s",all,text_only,1920,threshold,rules,"0.500 [0.493, 0.508]","0.500 [0.483, 0.516]",0.000,0.500
"acl_prefilter=False,ablate=latency_pad,variant=deadline2s",all,text_only,1920,logreg,score,"0.500 [0.500, 0.500]","0.500 [0.500, 0.500]",0.000,0.500
"acl_prefilter=False,ablate=latency_pad,variant=deadline2s",all,text_only,1920,logreg,reranker,"0.500 [0.500, 0.500]","0.500 [0.500, 0.500]",0.000,0.500
"acl_prefilter=False,ablate=latency_pad,variant=deadline2s",all,text_only,1920,logreg,latency,"0.501 [0.475, 0.526]","0.506 [0.457, 0.557]",0.013,0.506
"acl_prefilter=False,ablate=latency_pad,variant=deadline2s",all,text_only,1920,logreg,refusal,"0.503 [0.477, 0.525]","0.506 [0.482, 0.530]",0.000,0.502
"acl_prefilter=False,ablate=latency_pad,variant=deadline2s",all,text_only,1920,logreg,content,"0.500 [0.473, 0.523]","0.494 [0.470, 0.521]",0.005,0.500
"acl_prefilter=False,ablate=latency_pad,variant=deadline2s",all,text_only,1920,logreg,combined,"0.505 [0.480, 0.530]","0.508 [0.460, 0.558]",0.010,0.506
"acl_prefilter=False,ablate=latency_pad,variant=deadline2s",all,text_only,1920,gboost,score,"0.500 [0.500, 0.500]","0.500 [0.500, 0.500]",0.000,0.500
"acl_prefilter=False,ablate=latency_pad,variant=deadline2s",all,text_only,1920,gboost,reranker,"0.500 [0.500, 0.500]","0.500 [0.500, 0.500]",0.000,0.500
"acl_prefilter=False,ablate=latency_pad,variant=deadline2s",all,text_only,1920,gboost,latency,"0.504 [0.478, 0.530]","0.496 [0.443, 0.551]",0.010,0.514
"acl_prefilter=False,ablate=latency_pad,variant=deadline2s",all,text_only,1920,gboost,refusal,"0.503 [0.477, 0.526]","0.506 [0.481, 0.530]",0.000,0.502
"acl_prefilter=False,ablate=latency_pad,variant=deadline2s",all,text_only,1920,gboost,content,"0.503 [0.477, 0.525]","0.506 [0.481, 0.530]",0.000,0.501
"acl_prefilter=False,ablate=latency_pad,variant=deadline2s",all,text_only,1920,gboost,combined,"0.509 [0.484, 0.536]","0.507 [0.453, 0.559]",0.007,0.517
"acl_prefilter=False,ablate=latency_pad,variant=deadline2s",all,with_sources,1920,threshold,rules,"0.626 [0.611, 0.641]","0.751 [0.714, 0.786]",0.000,0.524
"acl_prefilter=False,ablate=latency_pad,variant=deadline2s",all,with_sources,1920,logreg,score,"0.658 [0.633, 0.680]","0.771 [0.737, 0.804]",0.233,0.617
"acl_prefilter=False,ablate=latency_pad,variant=deadline2s",all,with_sources,1920,logreg,reranker,"0.500 [0.500, 0.500]","0.500 [0.500, 0.500]",0.000,0.500
"acl_prefilter=False,ablate=latency_pad,variant=deadline2s",all,with_sources,1920,logreg,latency,"0.501 [0.475, 0.526]","0.506 [0.457, 0.557]",0.013,0.506
"acl_prefilter=False,ablate=latency_pad,variant=deadline2s",all,with_sources,1920,logreg,refusal,"0.503 [0.477, 0.525]","0.506 [0.482, 0.530]",0.000,0.502
"acl_prefilter=False,ablate=latency_pad,variant=deadline2s",all,with_sources,1920,logreg,content,"0.500 [0.473, 0.523]","0.494 [0.470, 0.521]",0.005,0.500
"acl_prefilter=False,ablate=latency_pad,variant=deadline2s",all,with_sources,1920,logreg,combined,"0.655 [0.629, 0.677]","0.774 [0.731, 0.814]",0.237,0.618
"acl_prefilter=False,ablate=latency_pad,variant=deadline2s",all,with_sources,1920,gboost,score,"0.658 [0.634, 0.680]","0.776 [0.741, 0.809]",0.240,0.615
"acl_prefilter=False,ablate=latency_pad,variant=deadline2s",all,with_sources,1920,gboost,reranker,"0.500 [0.500, 0.500]","0.500 [0.500, 0.500]",0.000,0.500
"acl_prefilter=False,ablate=latency_pad,variant=deadline2s",all,with_sources,1920,gboost,latency,"0.504 [0.478, 0.530]","0.496 [0.443, 0.551]",0.010,0.514
"acl_prefilter=False,ablate=latency_pad,variant=deadline2s",all,with_sources,1920,gboost,refusal,"0.503 [0.477, 0.526]","0.506 [0.481, 0.530]",0.000,0.502
"acl_prefilter=False,ablate=latency_pad,variant=deadline2s",all,with_sources,1920,gboost,content,"0.503 [0.477, 0.525]","0.506 [0.481, 0.530]",0.000,0.501
"acl_prefilter=False,ablate=latency_pad,variant=deadline2s",all,with_sources,1920,gboost,combined,"0.666 [0.641, 0.690]","0.785 [0.744, 0.826]",0.242,0.619
"acl_prefilter=False,ablate=latency_pad,variant=deadline2s",all,with_reranker,1920,threshold,rules,"0.626 [0.611, 0.641]","0.751 [0.714, 0.786]",0.000,0.524
"acl_prefilter=False,ablate=latency_pad,variant=deadline2s",all,with_reranker,1920,logreg,score,"0.658 [0.633, 0.680]","0.771 [0.737, 0.804]",0.233,0.617
"acl_prefilter=False,ablate=latency_pad,variant=deadline2s",all,with_reranker,1920,logreg,reranker,"0.787 [0.767, 0.806]","0.982 [0.970, 0.993]",0.000,0.697
"acl_prefilter=False,ablate=latency_pad,variant=deadline2s",all,with_reranker,1920,logreg,latency,"0.501 [0.475, 0.526]","0.506 [0.457, 0.557]",0.013,0.506
"acl_prefilter=False,ablate=latency_pad,variant=deadline2s",all,with_reranker,1920,logreg,refusal,"0.503 [0.477, 0.525]","0.506 [0.482, 0.530]",0.000,0.502
"acl_prefilter=False,ablate=latency_pad,variant=deadline2s",all,with_reranker,1920,logreg,content,"0.500 [0.473, 0.523]","0.494 [0.470, 0.521]",0.005,0.500
"acl_prefilter=False,ablate=latency_pad,variant=deadline2s",all,with_reranker,1920,logreg,combined,"0.854 [0.837, 0.869]","0.991 [0.983, 0.998]",0.401,0.747
"acl_prefilter=False,ablate=latency_pad,variant=deadline2s",all,with_reranker,1920,gboost,score,"0.658 [0.634, 0.680]","0.776 [0.741, 0.809]",0.240,0.615
"acl_prefilter=False,ablate=latency_pad,variant=deadline2s",all,with_reranker,1920,gboost,reranker,"0.790 [0.769, 0.808]","0.982 [0.970, 0.993]",0.000,0.703
"acl_prefilter=False,ablate=latency_pad,variant=deadline2s",all,with_reranker,1920,gboost,latency,"0.504 [0.478, 0.530]","0.496 [0.443, 0.551]",0.010,0.514
"acl_prefilter=False,ablate=latency_pad,variant=deadline2s",all,with_reranker,1920,gboost,refusal,"0.503 [0.477, 0.526]","0.506 [0.481, 0.530]",0.000,0.502
"acl_prefilter=False,ablate=latency_pad,variant=deadline2s",all,with_reranker,1920,gboost,content,"0.503 [0.477, 0.525]","0.506 [0.481, 0.530]",0.000,0.501
"acl_prefilter=False,ablate=latency_pad,variant=deadline2s",all,with_reranker,1920,gboost,combined,"0.857 [0.841, 0.872]","0.993 [0.986, 0.998]",0.389,0.744
"acl_prefilter=False,ablate=cache_lazy_check,variant=as_is",insider,text_only,960,threshold,rules,"0.518 [0.503, 0.533]","0.571 [0.519, 0.624]",0.000,0.518
"acl_prefilter=False,ablate=cache_lazy_check,variant=as_is",insider,text_only,960,logreg,score,"0.500 [0.500, 0.500]","0.500 [0.500, 0.500]",0.000,0.500
"acl_prefilter=False,ablate=cache_lazy_check,variant=as_is",insider,text_only,960,logreg,reranker,"0.500 [0.500, 0.500]","0.500 [0.500, 0.500]",0.000,0.500
"acl_prefilter=False,ablate=cache_lazy_check,variant=as_is",insider,text_only,960,logreg,latency,"0.541 [0.504, 0.576]","0.591 [0.529, 0.656]",0.027,0.524
"acl_prefilter=False,ablate=cache_lazy_check,variant=as_is",insider,text_only,960,logreg,refusal,"0.529 [0.493, 0.566]","0.561 [0.504, 0.620]",0.000,0.517
"acl_prefilter=False,ablate=cache_lazy_check,variant=as_is",insider,text_only,960,logreg,content,"0.530 [0.496, 0.565]","0.579 [0.521, 0.638]",0.058,0.517
"acl_prefilter=False,ablate=cache_lazy_check,variant=as_is",insider,text_only,960,logreg,combined,"0.526 [0.491, 0.561]","0.578 [0.511, 0.646]",0.044,0.509
"acl_prefilter=False,ablate=cache_lazy_check,variant=as_is",insider,text_only,960,gboost,score,"0.500 [0.500, 0.500]","0.500 [0.500, 0.500]",0.000,0.500
"acl_prefilter=False,ablate=cache_lazy_check,variant=as_is",insider,text_only,960,gboost,reranker,"0.500 [0.500, 0.500]","0.500 [0.500, 0.500]",0.000,0.500
"acl_prefilter=False,ablate=cache_lazy_check,variant=as_is",insider,text_only,960,gboost,latency,"0.528 [0.490, 0.562]","0.573 [0.510, 0.642]",0.013,0.515
"acl_prefilter=False,ablate=cache_lazy_check,variant=as_is",insider,text_only,960,gboost,refusal,"0.531 [0.494, 0.563]","0.581 [0.525, 0.638]",0.013,0.519
"acl_prefilter=False,ablate=cache_lazy_check,variant=as_is",insider,text_only,960,gboost,content,"0.574 [0.540, 0.605]","0.721 [0.679, 0.766]",0.079,0.541
"acl_prefilter=False,ablate=cache_lazy_check,variant=as_is",insider,text_only,960,gboost,combined,"0.569 [0.531, 0.601]","0.718 [0.666, 0.768]",0.096,0.536
"acl_prefilter=False,ablate=cache_lazy_check,variant=as_is",insider,with_sources,960,threshold,rules,"0.633 [0.610, 0.656]","0.767 [0.715, 0.819]",0.000,0.524
"acl_prefilter=False,ablate=cache_lazy_check,variant=as_is",insider,with_sources,960,logreg,score,"0.660 [0.626, 0.692]","0.787 [0.736, 0.836]",0.237,0.619
"acl_prefilter=False,ablate=cache_lazy_check,variant=as_is",insider,with_sources,960,logreg,reranker,"0.500 [0.500, 0.500]","0.500 [0.500, 0.500]",0.000,0.500
"acl_prefilter=False,ablate=cache_lazy_check,variant=as_is",insider,with_sources,960,logreg,latency,"0.541 [0.504, 0.576]","0.591 [0.529, 0.656]",0.027,0.524
"acl_prefilter=False,ablate=cache_lazy_check,variant=as_is",insider,with_sources,960,logreg,refusal,"0.529 [0.493, 0.566]","0.561 [0.504, 0.620]",0.000,0.517
"acl_prefilter=False,ablate=cache_lazy_check,variant=as_is",insider,with_sources,960,logreg,content,"0.530 [0.496, 0.565]","0.579 [0.521, 0.638]",0.058,0.517
"acl_prefilter=False,ablate=cache_lazy_check,variant=as_is",insider,with_sources,960,logreg,combined,"0.662 [0.629, 0.696]","0.790 [0.737, 0.840]",0.246,0.629
"acl_prefilter=False,ablate=cache_lazy_check,variant=as_is",insider,with_sources,960,gboost,score,"0.667 [0.634, 0.700]","0.790 [0.740, 0.838]",0.233,0.617
"acl_prefilter=False,ablate=cache_lazy_check,variant=as_is",insider,with_sources,960,gboost,reranker,"0.500 [0.500, 0.500]","0.500 [0.500, 0.500]",0.000,0.500
"acl_prefilter=False,ablate=cache_lazy_check,variant=as_is",insider,with_sources,960,gboost,latency,"0.528 [0.490, 0.562]","0.573 [0.510, 0.642]",0.013,0.515
"acl_prefilter=False,ablate=cache_lazy_check,variant=as_is",insider,with_sources,960,gboost,refusal,"0.531 [0.494, 0.563]","0.581 [0.525, 0.638]",0.013,0.519
"acl_prefilter=False,ablate=cache_lazy_check,variant=as_is",insider,with_sources,960,gboost,content,"0.574 [0.540, 0.605]","0.721 [0.679, 0.766]",0.079,0.541
"acl_prefilter=False,ablate=cache_lazy_check,variant=as_is",insider,with_sources,960,gboost,combined,"0.698 [0.665, 0.727]","0.861 [0.819, 0.898]",0.294,0.630
"acl_prefilter=False,ablate=cache_lazy_check,variant=as_is",insider,with_reranker,960,threshold,rules,"0.633 [0.610, 0.656]","0.767 [0.715, 0.819]",0.000,0.524
"acl_prefilter=False,ablate=cache_lazy_check,variant=as_is",insider,with_reranker,960,logreg,score,"0.660 [0.626, 0.692]","0.787 [0.736, 0.836]",0.237,0.619
"acl_prefilter=False,ablate=cache_lazy_check,variant=as_is",insider,with_reranker,960,logreg,reranker,"0.786 [0.759, 0.812]","0.982 [0.963, 0.996]",0.000,0.696
"acl_prefilter=False,ablate=cache_lazy_check,variant=as_is",insider,with_reranker,960,logreg,latency,"0.541 [0.504, 0.576]","0.591 [0.529, 0.656]",0.027,0.524
"acl_prefilter=False,ablate=cache_lazy_check,variant=as_is",insider,with_reranker,960,logreg,refusal,"0.529 [0.493, 0.566]","0.561 [0.504, 0.620]",0.000,0.517
"acl_prefilter=False,ablate=cache_lazy_check,variant=as_is",insider,with_reranker,960,logreg,content,"0.530 [0.496, 0.565]","0.579 [0.521, 0.638]",0.058,0.517
"acl_prefilter=False,ablate=cache_lazy_check,variant=as_is",insider,with_reranker,960,logreg,combined,"0.852 [0.828, 0.874]","0.986 [0.971, 0.998]",0.240,0.745
"acl_prefilter=False,ablate=cache_lazy_check,variant=as_is",insider,with_reranker,960,gboost,score,"0.667 [0.634, 0.700]","0.790 [0.740, 0.838]",0.233,0.617
"acl_prefilter=False,ablate=cache_lazy_check,variant=as_is",insider,with_reranker,960,gboost,reranker,"0.790 [0.763, 0.816]","0.982 [0.963, 0.996]",0.000,0.702
"acl_prefilter=False,ablate=cache_lazy_check,variant=as_is",insider,with_reranker,960,gboost,latency,"0.528 [0.490, 0.562]","0.573 [0.510, 0.642]",0.013,0.515
"acl_prefilter=False,ablate=cache_lazy_check,variant=as_is",insider,with_reranker,960,gboost,refusal,"0.531 [0.494, 0.563]","0.581 [0.525, 0.638]",0.013,0.519
"acl_prefilter=False,ablate=cache_lazy_check,variant=as_is",insider,with_reranker,960,gboost,content,"0.574 [0.540, 0.605]","0.721 [0.679, 0.766]",0.079,0.541
"acl_prefilter=False,ablate=cache_lazy_check,variant=as_is",insider,with_reranker,960,gboost,combined,"0.882 [0.862, 0.901]","0.992 [0.982, 1.000]",0.294,0.770
"acl_prefilter=False,ablate=cache_lazy_check,variant=as_is",outsider,text_only,960,threshold,rules,"0.500 [0.485, 0.513]","0.500 [0.469, 0.531]",0.000,0.500
"acl_prefilter=False,ablate=cache_lazy_check,variant=as_is",outsider,text_only,960,logreg,score,"0.500 [0.500, 0.500]","0.500 [0.500, 0.500]",0.000,0.500
"acl_prefilter=False,ablate=cache_lazy_check,variant=as_is",outsider,text_only,960,logreg,reranker,"0.500 [0.500, 0.500]","0.500 [0.500, 0.500]",0.000,0.500
"acl_prefilter=False,ablate=cache_lazy_check,variant=as_is",outsider,text_only,960,logreg,latency,"0.498 [0.462, 0.533]","0.480 [0.424, 0.538]",0.010,0.496
"acl_prefilter=False,ablate=cache_lazy_check,variant=as_is",outsider,text_only,960,logreg,refusal,"0.504 [0.467, 0.541]","0.508 [0.469, 0.544]",0.000,0.502
"acl_prefilter=False,ablate=cache_lazy_check,variant=as_is",outsider,text_only,960,logreg,content,"0.499 [0.462, 0.535]","0.492 [0.455, 0.532]",0.006,0.500
"acl_prefilter=False,ablate=cache_lazy_check,variant=as_is",outsider,text_only,960,logreg,combined,"0.493 [0.456, 0.529]","0.481 [0.421, 0.536]",0.006,0.494
"acl_prefilter=False,ablate=cache_lazy_check,variant=as_is",outsider,text_only,960,gboost,score,"0.500 [0.500, 0.500]","0.500 [0.500, 0.500]",0.000,0.500
"acl_prefilter=False,ablate=cache_lazy_check,variant=as_is",outsider,text_only,960,gboost,reranker,"0.500 [0.500, 0.500]","0.500 [0.500, 0.500]",0.000,0.500
"acl_prefilter=False,ablate=cache_lazy_check,variant=as_is",outsider,text_only,960,gboost,latency,"0.505 [0.468, 0.540]","0.511 [0.453, 0.567]",0.004,0.496
"acl_prefilter=False,ablate=cache_lazy_check,variant=as_is",outsider,text_only,960,gboost,refusal,"0.504 [0.471, 0.540]","0.508 [0.470, 0.544]",0.000,0.501
"acl_prefilter=False,ablate=cache_lazy_check,variant=as_is",outsider,text_only,960,gboost,content,"0.504 [0.467, 0.538]","0.508 [0.470, 0.547]",0.004,0.502
"acl_prefilter=False,ablate=cache_lazy_check,variant=as_is",outsider,text_only,960,gboost,combined,"0.506 [0.469, 0.542]","0.525 [0.466, 0.578]",0.004,0.500
"acl_prefilter=False,ablate=cache_lazy_check,variant=as_is",outsider,with_sources,960,threshold,rules,"0.619 [0.596, 0.642]","0.736 [0.680, 0.786]",0.000,0.524
"acl_prefilter=False,ablate=cache_lazy_check,variant=as_is",outsider,with_sources,960,logreg,score,"0.661 [0.628, 0.694]","0.776 [0.725, 0.820]",0.233,0.617
"acl_prefilter=False,ablate=cache_lazy_check,variant=as_is",outsider,with_sources,960,logreg,reranker,"0.500 [0.500, 0.500]","0.500 [0.500, 0.500]",0.000,0.500
"acl_prefilter=False,ablate=cache_lazy_check,variant=as_is",outsider,with_sources,960,logreg,latency,"0.498 [0.462, 0.533]","0.480 [0.424, 0.538]",0.010,0.496
"acl_prefilter=False,ablate=cache_lazy_check,variant=as_is",outsider,with_sources,960,logreg,refusal,"0.504 [0.467, 0.541]","0.508 [0.469, 0.544]",0.000,0.502
"acl_prefilter=False,ablate=cache_lazy_check,variant=as_is",outsider,with_sources,960,logreg,content,"0.499 [0.462, 0.535]","0.492 [0.455, 0.532]",0.006,0.500
"acl_prefilter=False,ablate=cache_lazy_check,variant=as_is",outsider,with_sources,960,logreg,combined,"0.656 [0.622, 0.688]","0.770 [0.715, 0.821]",0.242,0.614
"acl_prefilter=False,ablate=cache_lazy_check,variant=as_is",outsider,with_sources,960,gboost,score,"0.658 [0.624, 0.690]","0.780 [0.729, 0.827]",0.240,0.614
"acl_prefilter=False,ablate=cache_lazy_check,variant=as_is",outsider,with_sources,960,gboost,reranker,"0.500 [0.500, 0.500]","0.500 [0.500, 0.500]",0.000,0.500
"acl_prefilter=False,ablate=cache_lazy_check,variant=as_is",outsider,with_sources,960,gboost,latency,"0.505 [0.468, 0.540]","0.511 [0.453, 0.567]",0.004,0.496
"acl_prefilter=False,ablate=cache_lazy_check,variant=as_is",outsider,with_sources,960,gboost,refusal,"0.504 [0.471, 0.540]","0.508 [0.470, 0.544]",0.000,0.501
"acl_prefilter=False,ablate=cache_lazy_check,variant=as_is",outsider,with_sources,960,gboost,content,"0.504 [0.467, 0.538]","0.508 [0.470, 0.547]",0.004,0.502
"acl_prefilter=False,ablate=cache_lazy_check,variant=as_is",outsider,with_sources,960,gboost,combined,"0.655 [0.619, 0.685]","0.782 [0.731, 0.831]",0.237,0.611
"acl_prefilter=False,ablate=cache_lazy_check,variant=as_is",outsider,with_reranker,960,threshold,rules,"0.619 [0.596, 0.642]","0.736 [0.680, 0.786]",0.000,0.524
"acl_prefilter=False,ablate=cache_lazy_check,variant=as_is",outsider,with_reranker,960,logreg,score,"0.661 [0.628, 0.694]","0.776 [0.725, 0.820]",0.233,0.617
"acl_prefilter=False,ablate=cache_lazy_check,variant=as_is",outsider,with_reranker,960,logreg,reranker,"0.787 [0.759, 0.813]","0.982 [0.963, 0.996]",0.000,0.698
"acl_prefilter=False,ablate=cache_lazy_check,variant=as_is",outsider,with_reranker,960,logreg,latency,"0.498 [0.462, 0.533]","0.480 [0.424, 0.538]",0.010,0.496
"acl_prefilter=False,ablate=cache_lazy_check,variant=as_is",outsider,with_reranker,960,logreg,refusal,"0.504 [0.467, 0.541]","0.508 [0.469, 0.544]",0.000,0.502
"acl_prefilter=False,ablate=cache_lazy_check,variant=as_is",outsider,with_reranker,960,logreg,content,"0.499 [0.462, 0.535]","0.492 [0.455, 0.532]",0.006,0.500
"acl_prefilter=False,ablate=cache_lazy_check,variant=as_is",outsider,with_reranker,960,logreg,combined,"0.854 [0.831, 0.877]","0.986 [0.972, 0.997]",0.267,0.745
"acl_prefilter=False,ablate=cache_lazy_check,variant=as_is",outsider,with_reranker,960,gboost,score,"0.658 [0.624, 0.690]","0.780 [0.729, 0.827]",0.240,0.614
"acl_prefilter=False,ablate=cache_lazy_check,variant=as_is",outsider,with_reranker,960,gboost,reranker,"0.791 [0.763, 0.817]","0.982 [0.963, 0.996]",0.000,0.704
"acl_prefilter=False,ablate=cache_lazy_check,variant=as_is",outsider,with_reranker,960,gboost,latency,"0.505 [0.468, 0.540]","0.511 [0.453, 0.567]",0.004,0.496
"acl_prefilter=False,ablate=cache_lazy_check,variant=as_is",outsider,with_reranker,960,gboost,refusal,"0.504 [0.471, 0.540]","0.508 [0.470, 0.544]",0.000,0.501
"acl_prefilter=False,ablate=cache_lazy_check,variant=as_is",outsider,with_reranker,960,gboost,content,"0.504 [0.467, 0.538]","0.508 [0.470, 0.547]",0.004,0.502
"acl_prefilter=False,ablate=cache_lazy_check,variant=as_is",outsider,with_reranker,960,gboost,combined,"0.860 [0.838, 0.881]","0.986 [0.972, 0.998]",0.248,0.748
"acl_prefilter=False,ablate=cache_lazy_check,variant=as_is",all,text_only,1920,threshold,rules,"0.509 [0.499, 0.520]","0.534 [0.501, 0.566]",0.000,0.509
"acl_prefilter=False,ablate=cache_lazy_check,variant=as_is",all,text_only,1920,logreg,score,"0.500 [0.500, 0.500]","0.500 [0.500, 0.500]",0.000,0.500
"acl_prefilter=False,ablate=cache_lazy_check,variant=as_is",all,text_only,1920,logreg,reranker,"0.500 [0.500, 0.500]","0.500 [0.500, 0.500]",0.000,0.500
"acl_prefilter=False,ablate=cache_lazy_check,variant=as_is",all,text_only,1920,logreg,latency,"0.525 [0.498, 0.550]","0.559 [0.519, 0.603]",0.000,0.517
"acl_prefilter=False,ablate=cache_lazy_check,variant=as_is",all,text_only,1920,logreg,refusal,"0.508 [0.484, 0.534]","0.526 [0.491, 0.561]",0.010,0.507
"acl_prefilter=False,ablate=cache_lazy_check,variant=as_is",all,text_only,1920,logreg,content,"0.514 [0.491, 0.540]","0.531 [0.495, 0.566]",0.031,0.507
"acl_prefilter=False,ablate=cache_lazy_check,variant=as_is",all,text_only,1920,logreg,combined,"0.519 [0.494, 0.544]","0.542 [0.501, 0.584]",0.023,0.512
"acl_prefilter=False,ablate=cache_lazy_check,variant=as_is",all,text_only,1920,gboost,score,"0.500 [0.500, 0.500]","0.500 [0.500, 0.500]",0.000,0.500
"acl_prefilter=False,ablate=cache_lazy_check,variant=as_is",all,text_only,1920,gboost,reranker,"0.500 [0.500, 0.500]","0.500 [0.500, 0.500]",0.000,0.500
"acl_prefilter=False,ablate=cache_lazy_check,variant=as_is",all,text_only,1920,gboost,latency,"0.510 [0.485, 0.535]","0.533 [0.489, 0.578]",0.002,0.505
"acl_prefilter=False,ablate=cache_lazy_check,variant=as_is",all,text_only,1920,gboost,refusal,"0.514 [0.490, 0.537]","0.533 [0.497, 0.569]",0.006,0.510
"acl_prefilter=False,ablate=cache_lazy_check,variant=as_is",all,text_only,1920,gboost,content,"0.537 [0.512, 0.559]","0.613 [0.580, 0.645]",0.044,0.520
"acl_prefilter=False,ablate=cache_lazy_check,variant=as_is",all,text_only,1920,gboost,combined,"0.529 [0.505, 0.555]","0.612 [0.572, 0.653]",0.049,0.515
"acl_prefilter=False,ablate=cache_lazy_check,variant=as_is",all,with_sources,1920,threshold,rules,"0.626 [0.609, 0.642]","0.750 [0.713, 0.787]",0.000,0.524
"acl_prefilter=False,ablate=cache_lazy_check,variant=as_is",all,with_sources,1920,logreg,score,"0.656 [0.631, 0.677]","0.776 [0.741, 0.812]",0.236,0.615
"acl_prefilter=False,ablate=cache_lazy_check,variant=as_is",all,with_sources,1920,logreg,reranker,"0.500 [0.500, 0.500]","0.500 [0.500, 0.500]",0.000,0.500
"acl_prefilter=False,ablate=cache_lazy_check,variant=as_is",all,with_sources,1920,logreg,latency,"0.525 [0.498, 0.550]","0.559 [0.519, 0.603]",0.000,0.517
"acl_prefilter=False,ablate=cache_lazy_check,variant=as_is",all,with_sources,1920,logreg,refusal,"0.508 [0.484, 0.534]","0.526 [0.491, 0.561]",0.010,0.507
"acl_prefilter=False,ablate=cache_lazy_check,variant=as_is",all,with_sources,1920,logreg,content,"0.514 [0.491, 0.540]","0.531 [0.495, 0.566]",0.031,0.507
"acl_prefilter=False,ablate=cache_lazy_check,variant=as_is",all,with_sources,1920,logreg,combined,"0.661 [0.635, 0.682]","0.773 [0.734, 0.810]",0.244,0.624
"acl_prefilter=False,ablate=cache_lazy_check,variant=as_is",all,with_sources,1920,gboost,score,"0.663 [0.638, 0.684]","0.781 [0.745, 0.816]",0.233,0.616
"acl_prefilter=False,ablate=cache_lazy_check,variant=as_is",all,with_sources,1920,gboost,reranker,"0.500 [0.500, 0.500]","0.500 [0.500, 0.500]",0.000,0.500
"acl_prefilter=False,ablate=cache_lazy_check,variant=as_is",all,with_sources,1920,gboost,latency,"0.510 [0.485, 0.535]","0.533 [0.489, 0.578]",0.002,0.505
"acl_prefilter=False,ablate=cache_lazy_check,variant=as_is",all,with_sources,1920,gboost,refusal,"0.514 [0.490, 0.537]","0.533 [0.497, 0.569]",0.006,0.510
"acl_prefilter=False,ablate=cache_lazy_check,variant=as_is",all,with_sources,1920,gboost,content,"0.537 [0.512, 0.559]","0.613 [0.580, 0.645]",0.044,0.520
"acl_prefilter=False,ablate=cache_lazy_check,variant=as_is",all,with_sources,1920,gboost,combined,"0.678 [0.654, 0.700]","0.817 [0.783, 0.851]",0.269,0.630
"acl_prefilter=False,ablate=cache_lazy_check,variant=as_is",all,with_reranker,1920,threshold,rules,"0.626 [0.609, 0.642]","0.750 [0.713, 0.787]",0.000,0.524
"acl_prefilter=False,ablate=cache_lazy_check,variant=as_is",all,with_reranker,1920,logreg,score,"0.656 [0.631, 0.677]","0.776 [0.741, 0.812]",0.236,0.615
"acl_prefilter=False,ablate=cache_lazy_check,variant=as_is",all,with_reranker,1920,logreg,reranker,"0.787 [0.767, 0.806]","0.982 [0.970, 0.993]",0.000,0.697
"acl_prefilter=False,ablate=cache_lazy_check,variant=as_is",all,with_reranker,1920,logreg,latency,"0.525 [0.498, 0.550]","0.559 [0.519, 0.603]",0.000,0.517
"acl_prefilter=False,ablate=cache_lazy_check,variant=as_is",all,with_reranker,1920,logreg,refusal,"0.508 [0.484, 0.534]","0.526 [0.491, 0.561]",0.010,0.507
"acl_prefilter=False,ablate=cache_lazy_check,variant=as_is",all,with_reranker,1920,logreg,content,"0.514 [0.491, 0.540]","0.531 [0.495, 0.566]",0.031,0.507
"acl_prefilter=False,ablate=cache_lazy_check,variant=as_is",all,with_reranker,1920,logreg,combined,"0.855 [0.838, 0.869]","0.988 [0.978, 0.996]",0.260,0.746
"acl_prefilter=False,ablate=cache_lazy_check,variant=as_is",all,with_reranker,1920,gboost,score,"0.663 [0.638, 0.684]","0.781 [0.745, 0.816]",0.233,0.616
"acl_prefilter=False,ablate=cache_lazy_check,variant=as_is",all,with_reranker,1920,gboost,reranker,"0.790 [0.769, 0.808]","0.982 [0.970, 0.993]",0.000,0.703
"acl_prefilter=False,ablate=cache_lazy_check,variant=as_is",all,with_reranker,1920,gboost,latency,"0.510 [0.485, 0.535]","0.533 [0.489, 0.578]",0.002,0.505
"acl_prefilter=False,ablate=cache_lazy_check,variant=as_is",all,with_reranker,1920,gboost,refusal,"0.514 [0.490, 0.537]","0.533 [0.497, 0.569]",0.006,0.510
"acl_prefilter=False,ablate=cache_lazy_check,variant=as_is",all,with_reranker,1920,gboost,content,"0.537 [0.512, 0.559]","0.613 [0.580, 0.645]",0.044,0.520
"acl_prefilter=False,ablate=cache_lazy_check,variant=as_is",all,with_reranker,1920,gboost,combined,"0.871 [0.856, 0.883]","0.990 [0.983, 0.997]",0.272,0.762
"acl_prefilter=False,ablate=cache_lazy_check,variant=fast_refusal",insider,text_only,960,threshold,rules,"0.518 [0.503, 0.533]","0.571 [0.519, 0.624]",0.000,0.518
"acl_prefilter=False,ablate=cache_lazy_check,variant=fast_refusal",insider,text_only,960,logreg,score,"0.500 [0.500, 0.500]","0.500 [0.500, 0.500]",0.000,0.500
"acl_prefilter=False,ablate=cache_lazy_check,variant=fast_refusal",insider,text_only,960,logreg,reranker,"0.500 [0.500, 0.500]","0.500 [0.500, 0.500]",0.000,0.500
"acl_prefilter=False,ablate=cache_lazy_check,variant=fast_refusal",insider,text_only,960,logreg,latency,"0.526 [0.492, 0.560]","0.551 [0.489, 0.617]",0.000,0.518
"acl_prefilter=False,ablate=cache_lazy_check,variant=fast_refusal",insider,text_only,960,logreg,refusal,"0.529 [0.493, 0.566]","0.561 [0.504, 0.620]",0.000,0.517
"acl_prefilter=False,ablate=cache_lazy_check,variant=fast_refusal",insider,text_only,960,logreg,content,"0.530 [0.496, 0.565]","0.579 [0.521, 0.638]",0.058,0.517
"acl_prefilter=False,ablate=cache_lazy_check,variant=fast_refusal",insider,text_only,960,logreg,combined,"0.548 [0.510, 0.582]","0.611 [0.541, 0.674]",0.046,0.529
"acl_prefilter=False,ablate=cache_lazy_check,variant=fast_refusal",insider,text_only,960,gboost,score,"0.500 [0.500, 0.500]","0.500 [0.500, 0.500]",0.000,0.500
"acl_prefilter=False,ablate=cache_lazy_check,variant=fast_refusal",insider,text_only,960,gboost,reranker,"0.500 [0.500, 0.500]","0.500 [0.500, 0.500]",0.000,0.500
"acl_prefilter=False,ablate=cache_lazy_check,variant=fast_refusal",insider,text_only,960,gboost,latency,"0.526 [0.493, 0.560]","0.563 [0.501, 0.629]",0.000,0.518
"acl_prefilter=False,ablate=cache_lazy_check,variant=fast_refusal",insider,text_only,960,gboost,refusal,"0.531 [0.494, 0.563]","0.581 [0.525, 0.638]",0.013,0.519
"acl_prefilter=False,ablate=cache_lazy_check,variant=fast_refusal",insider,text_only,960,gboost,content,"0.574 [0.540, 0.605]","0.721 [0.679, 0.766]",0.079,0.541
"acl_prefilter=False,ablate=cache_lazy_check,variant=fast_refusal",insider,text_only,960,gboost,combined,"0.582 [0.546, 0.617]","0.745 [0.686, 0.799]",0.081,0.549
"acl_prefilter=False,ablate=cache_lazy_check,variant=fast_refusal",insider,with_sources,960,threshold,rules,"0.633 [0.610, 0.656]","0.767 [0.715, 0.819]",0.000,0.524
"acl_prefilter=False,ablate=cache_lazy_check,variant=fast_refusal",insider,with_sources,960,logreg,score,"0.660 [0.626, 0.692]","0.787 [0.736, 0.836]",0.237,0.619
"acl_prefilter=False,ablate=cache_lazy_check,variant=fast_refusal",insider,with_sources,960,logreg,reranker,"0.500 [0.500, 0.500]","0.500 [0.500, 0.500]",0.000,0.500
"acl_prefilter=False,ablate=cache_lazy_check,variant=fast_refusal",insider,with_sources,960,logreg,latency,"0.526 [0.492, 0.560]","0.551 [0.489, 0.617]",0.000,0.518
"acl_prefilter=False,ablate=cache_lazy_check,variant=fast_refusal",insider,with_sources,960,logreg,refusal,"0.529 [0.493, 0.566]","0.561 [0.504, 0.620]",0.000,0.517
"acl_prefilter=False,ablate=cache_lazy_check,variant=fast_refusal",insider,with_sources,960,logreg,content,"0.530 [0.496, 0.565]","0.579 [0.521, 0.638]",0.058,0.517
"acl_prefilter=False,ablate=cache_lazy_check,variant=fast_refusal",insider,with_sources,960,logreg,combined,"0.660 [0.625, 0.693]","0.788 [0.732, 0.840]",0.246,0.622
"acl_prefilter=False,ablate=cache_lazy_check,variant=fast_refusal",insider,with_sources,960,gboost,score,"0.667 [0.634, 0.700]","0.790 [0.740, 0.838]",0.233,0.617
"acl_prefilter=False,ablate=cache_lazy_check,variant=fast_refusal",insider,with_sources,960,gboost,reranker,"0.500 [0.500, 0.500]","0.500 [0.500, 0.500]",0.000,0.500
"acl_prefilter=False,ablate=cache_lazy_check,variant=fast_refusal",insider,with_sources,960,gboost,latency,"0.526 [0.493, 0.560]","0.563 [0.501, 0.629]",0.000,0.518
"acl_prefilter=False,ablate=cache_lazy_check,variant=fast_refusal",insider,with_sources,960,gboost,refusal,"0.531 [0.494, 0.563]","0.581 [0.525, 0.638]",0.013,0.519
"acl_prefilter=False,ablate=cache_lazy_check,variant=fast_refusal",insider,with_sources,960,gboost,content,"0.574 [0.540, 0.605]","0.721 [0.679, 0.766]",0.079,0.541
"acl_prefilter=False,ablate=cache_lazy_check,variant=fast_refusal",insider,with_sources,960,gboost,combined,"0.702 [0.669, 0.734]","0.873 [0.832, 0.911]",0.287,0.646
"acl_prefilter=False,ablate=cache_lazy_check,variant=fast_refusal",insider,with_reranker,960,threshold,rules,"0.633 [0.610, 0.656]","0.767 [0.715, 0.819]",0.000,0.524
"acl_prefilter=False,ablate=cache_lazy_check,variant=fast_refusal",insider,with_reranker,960,logreg,score,"0.660 [0.626, 0.692]","0.787 [0.736, 0.836]",0.237,0.619
"acl_prefilter=False,ablate=cache_lazy_check,variant=fast_refusal",insider,with_reranker,960,logreg,reranker,"0.786 [0.759, 0.812]","0.982 [0.963, 0.996]",0.000,0.696
"acl_prefilter=False,ablate=cache_lazy_check,variant=fast_refusal",insider,with_reranker,960,logreg,latency,"0.526 [0.492, 0.560]","0.551 [0.489, 0.617]",0.000,0.518
"acl_prefilter=False,ablate=cache_lazy_check,variant=fast_refusal",insider,with_reranker,960,logreg,refusal,"0.529 [0.493, 0.566]","0.561 [0.504, 0.620]",0.000,0.517
"acl_prefilter=False,ablate=cache_lazy_check,variant=fast_refusal",insider,with_reranker,960,logreg,content,"0.530 [0.496, 0.565]","0.579 [0.521, 0.638]",0.058,0.517
"acl_prefilter=False,ablate=cache_lazy_check,variant=fast_refusal",insider,with_reranker,960,logreg,combined,"0.851 [0.828, 0.873]","0.983 [0.967, 0.996]",0.237,0.745
"acl_prefilter=False,ablate=cache_lazy_check,variant=fast_refusal",insider,with_reranker,960,gboost,score,"0.667 [0.634, 0.700]","0.790 [0.740, 0.838]",0.233,0.617
"acl_prefilter=False,ablate=cache_lazy_check,variant=fast_refusal",insider,with_reranker,960,gboost,reranker,"0.790 [0.763, 0.816]","0.982 [0.963, 0.996]",0.000,0.702
"acl_prefilter=False,ablate=cache_lazy_check,variant=fast_refusal",insider,with_reranker,960,gboost,latency,"0.526 [0.493, 0.560]","0.563 [0.501, 0.629]",0.000,0.518
"acl_prefilter=False,ablate=cache_lazy_check,variant=fast_refusal",insider,with_reranker,960,gboost,refusal,"0.531 [0.494, 0.563]","0.581 [0.525, 0.638]",0.013,0.519
"acl_prefilter=False,ablate=cache_lazy_check,variant=fast_refusal",insider,with_reranker,960,gboost,content,"0.574 [0.540, 0.605]","0.721 [0.679, 0.766]",0.079,0.541
"acl_prefilter=False,ablate=cache_lazy_check,variant=fast_refusal",insider,with_reranker,960,gboost,combined,"0.883 [0.863, 0.900]","0.989 [0.978, 0.998]",0.296,0.771
"acl_prefilter=False,ablate=cache_lazy_check,variant=fast_refusal",outsider,text_only,960,threshold,rules,"0.499 [0.485, 0.511]","0.500 [0.469, 0.531]",0.000,0.499
"acl_prefilter=False,ablate=cache_lazy_check,variant=fast_refusal",outsider,text_only,960,logreg,score,"0.500 [0.500, 0.500]","0.500 [0.500, 0.500]",0.000,0.500
"acl_prefilter=False,ablate=cache_lazy_check,variant=fast_refusal",outsider,text_only,960,logreg,reranker,"0.500 [0.500, 0.500]","0.500 [0.500, 0.500]",0.000,0.500
"acl_prefilter=False,ablate=cache_lazy_check,variant=fast_refusal",outsider,text_only,960,logreg,latency,"0.512 [0.475, 0.549]","0.517 [0.459, 0.576]",0.000,0.508
"acl_prefilter=False,ablate=cache_lazy_check,variant=fast_refusal",outsider,text_only,960,logreg,refusal,"0.505 [0.470, 0.540]","0.508 [0.470, 0.546]",0.000,0.503
"acl_prefilter=False,ablate=cache_lazy_check,variant=fast_refusal",outsider,text_only,960,logreg,content,"0.502 [0.466, 0.537]","0.508 [0.470, 0.544]",0.000,0.503
"acl_prefilter=False,ablate=cache_lazy_check,variant=fast_refusal",outsider,text_only,960,logreg,combined,"0.512 [0.476, 0.550]","0.519 [0.461, 0.578]",0.006,0.506
"acl_prefilter=False,ablate=cache_lazy_check,variant=fast_refusal",outsider,text_only,960,gboost,score,"0.500 [0.500, 0.500]","0.500 [0.500, 0.500]",0.000,0.500
"acl_prefilter=False,ablate=cache_lazy_check,variant=fast_refusal",outsider,text_only,960,gboost,reranker,"0.500 [0.500, 0.500]","0.500 [0.500, 0.500]",0.000,0.500
"acl_prefilter=False,ablate=cache_lazy_check,variant=fast_refusal",outsider,text_only,960,gboost,latency,"0.510 [0.477, 0.544]","0.516 [0.460, 0.572]",0.006,0.508
"acl_prefilter=False,ablate=cache_lazy_check,variant=fast_refusal",outsider,text_only,960,gboost,refusal,"0.505 [0.472, 0.541]","0.509 [0.469, 0.546]",0.004,0.503
"acl_prefilter=False,ablate=cache_lazy_check,variant=fast_refusal",outsider,text_only,960,gboost,content,"0.505 [0.471, 0.541]","0.509 [0.468, 0.550]",0.004,0.503
"acl_prefilter=False,ablate=cache_lazy_check,variant=fast_refusal",outsider,text_only,960,gboost,combined,"0.512 [0.479, 0.546]","0.539 [0.483, 0.592]",0.008,0.509
"acl_prefilter=False,ablate=cache_lazy_check,variant=fast_refusal",outsider,with_sources,960,threshold,rules,"0.620 [0.598, 0.642]","0.739 [0.685, 0.789]",0.000,0.524
"acl_prefilter=False,ablate=cache_lazy_check,variant=fast_refusal",outsider,with_sources,960,logreg,score,"0.661 [0.628, 0.694]","0.776 [0.725, 0.820]",0.233,0.617
"acl_prefilter=False,ablate=cache_lazy_check,variant=fast_refusal",outsider,with_sources,960,logreg,reranker,"0.500 [0.500, 0.500]","0.500 [0.500, 0.500]",0.000,0.500
"acl_prefilter=False,ablate=cache_lazy_check,variant=fast_refusal",outsider,with_sources,960,logreg,latency,"0.512 [0.475, 0.549]","0.517 [0.459, 0.576]",0.000,0.508
"acl_prefilter=False,ablate=cache_lazy_check,variant=fast_refusal",outsider,with_sources,960,logreg,refusal,"0.505 [0.470, 0.540]","0.508 [0.470, 0.546]",0.000,0.503
"acl_prefilter=False,ablate=cache_lazy_check,variant=fast_refusal",outsider,with_sources,960,logreg,content,"0.502 [0.466, 0.537]","0.508 [0.470, 0.544]",0.000,0.503
"acl_prefilter=False,ablate=cache_lazy_check,variant=fast_refusal",outsider,with_sources,960,logreg,combined,"0.662 [0.628, 0.695]","0.794 [0.739, 0.842]",0.244,0.616
"acl_prefilter=False,ablate=cache_lazy_check,variant=fast_refusal",outsider,with_sources,960,gboost,score,"0.658 [0.624, 0.690]","0.780 [0.729, 0.827]",0.240,0.614
"acl_prefilter=False,ablate=cache_lazy_check,variant=fast_refusal",outsider,with_sources,960,gboost,reranker,"0.500 [0.500, 0.500]","0.500 [0.500, 0.500]",0.000,0.500
"acl_prefilter=False,ablate=cache_lazy_check,variant=fast_refusal",outsider,with_sources,960,gboost,latency,"0.510 [0.477, 0.544]","0.516 [0.460, 0.572]",0.006,0.508
"acl_prefilter=False,ablate=cache_lazy_check,variant=fast_refusal",outsider,with_sources,960,gboost,refusal,"0.505 [0.472, 0.541]","0.509 [0.469, 0.546]",0.004,0.503
"acl_prefilter=False,ablate=cache_lazy_check,variant=fast_refusal",outsider,with_sources,960,gboost,content,"0.505 [0.471, 0.541]","0.509 [0.468, 0.550]",0.004,0.503
"acl_prefilter=False,ablate=cache_lazy_check,variant=fast_refusal",outsider,with_sources,960,gboost,combined,"0.659 [0.624, 0.691]","0.789 [0.735, 0.839]",0.237,0.611
"acl_prefilter=False,ablate=cache_lazy_check,variant=fast_refusal",outsider,with_reranker,960,threshold,rules,"0.620 [0.598, 0.642]","0.739 [0.685, 0.789]",0.000,0.524
"acl_prefilter=False,ablate=cache_lazy_check,variant=fast_refusal",outsider,with_reranker,960,logreg,score,"0.661 [0.628, 0.694]","0.776 [0.725, 0.820]",0.233,0.617
"acl_prefilter=False,ablate=cache_lazy_check,variant=fast_refusal",outsider,with_reranker,960,logreg,reranker,"0.787 [0.759, 0.813]","0.982 [0.963, 0.996]",0.000,0.698
"acl_prefilter=False,ablate=cache_lazy_check,variant=fast_refusal",outsider,with_reranker,960,logreg,latency,"0.512 [0.475, 0.549]","0.517 [0.459, 0.576]",0.000,0.508
"acl_prefilter=False,ablate=cache_lazy_check,variant=fast_refusal",outsider,with_reranker,960,logreg,refusal,"0.505 [0.470, 0.540]","0.508 [0.470, 0.546]",0.000,0.503
"acl_prefilter=False,ablate=cache_lazy_check,variant=fast_refusal",outsider,with_reranker,960,logreg,content,"0.502 [0.466, 0.537]","0.508 [0.470, 0.544]",0.000,0.503
"acl_prefilter=False,ablate=cache_lazy_check,variant=fast_refusal",outsider,with_reranker,960,logreg,combined,"0.856 [0.834, 0.877]","0.994 [0.987, 0.999]",0.279,0.746
"acl_prefilter=False,ablate=cache_lazy_check,variant=fast_refusal",outsider,with_reranker,960,gboost,score,"0.658 [0.624, 0.690]","0.780 [0.729, 0.827]",0.240,0.614
"acl_prefilter=False,ablate=cache_lazy_check,variant=fast_refusal",outsider,with_reranker,960,gboost,reranker,"0.791 [0.763, 0.817]","0.982 [0.963, 0.996]",0.000,0.704
"acl_prefilter=False,ablate=cache_lazy_check,variant=fast_refusal",outsider,with_reranker,960,gboost,latency,"0.510 [0.477, 0.544]","0.516 [0.460, 0.572]",0.006,0.508
"acl_prefilter=False,ablate=cache_lazy_check,variant=fast_refusal",outsider,with_reranker,960,gboost,refusal,"0.505 [0.472, 0.541]","0.509 [0.469, 0.546]",0.004,0.503
"acl_prefilter=False,ablate=cache_lazy_check,variant=fast_refusal",outsider,with_reranker,960,gboost,content,"0.505 [0.471, 0.541]","0.509 [0.468, 0.550]",0.004,0.503
"acl_prefilter=False,ablate=cache_lazy_check,variant=fast_refusal",outsider,with_reranker,960,gboost,combined,"0.864 [0.844, 0.884]","0.991 [0.983, 0.998]",0.279,0.751
"acl_prefilter=False,ablate=cache_lazy_check,variant=fast_refusal",all,text_only,1920,threshold,rules,"0.508 [0.498, 0.519]","0.535 [0.502, 0.566]",0.000,0.508
"acl_prefilter=False,ablate=cache_lazy_check,variant=fast_refusal",all,text_only,1920,logreg,score,"0.500 [0.500, 0.500]","0.500 [0.500, 0.500]",0.000,0.500
"acl_prefilter=False,ablate=cache_lazy_check,variant=fast_refusal",all,text_only,1920,logreg,reranker,"0.500 [0.500, 0.500]","0.500 [0.500, 0.500]",0.000,0.500
"acl_prefilter=False,ablate=cache_lazy_check,variant=fast_refusal",all,text_only,1920,logreg,latency,"0.518 [0.491, 0.543]","0.535 [0.489, 0.577]",0.000,0.513
"acl_prefilter=False,ablate=cache_lazy_check,variant=fast_refusal",all,text_only,1920,logreg,refusal,"0.512 [0.489, 0.539]","0.527 [0.491, 0.561]",0.010,0.507
"acl_prefilter=False,ablate=cache_lazy_check,variant=fast_refusal",all,text_only,1920,logreg,content,"0.513 [0.490, 0.539]","0.532 [0.496, 0.567]",0.037,0.507
"acl_prefilter=False,ablate=cache_lazy_check,variant=fast_refusal",all,text_only,1920,logreg,combined,"0.527 [0.501, 0.552]","0.558 [0.512, 0.603]",0.026,0.516
"acl_prefilter=False,ablate=cache_lazy_check,variant=fast_refusal",all,text_only,1920,gboost,score,"0.500 [0.500, 0.500]","0.500 [0.500, 0.500]",0.000,0.500
"acl_prefilter=False,ablate=cache_lazy_check,variant=fast_refusal",all,text_only,1920,gboost,reranker,"0.500 [0.500, 0.500]","0.500 [0.500, 0.500]",0.000,0.500
"acl_prefilter=False,ablate=cache_lazy_check,variant=fast_refusal",all,text_only,1920,gboost,latency,"0.518 [0.491, 0.543]","0.540 [0.495, 0.581]",0.008,0.513
"acl_prefilter=False,ablate=cache_lazy_check,variant=fast_refusal",all,text_only,1920,gboost,refusal,"0.516 [0.492, 0.539]","0.538 [0.502, 0.573]",0.006,0.510
"acl_prefilter=False,ablate=cache_lazy_check,variant=fast_refusal",all,text_only,1920,gboost,content,"0.537 [0.513, 0.561]","0.610 [0.576, 0.641]",0.046,0.520
"acl_prefilter=False,ablate=cache_lazy_check,variant=fast_refusal",all,text_only,1920,gboost,combined,"0.548 [0.523, 0.571]","0.644 [0.597, 0.687]",0.048,0.528
"acl_prefilter=False,ablate=cache_lazy_check,variant=fast_refusal",all,with_sources,1920,threshold,rules,"0.626 [0.610, 0.642]","0.752 [0.716, 0.789]",0.000,0.524
"acl_prefilter=False,ablate=cache_lazy_check,variant=fast_refusal",all,with_sources,1920,logreg,score,"0.656 [0.631, 0.677]","0.776 [0.741, 0.812]",0.236,0.615
"acl_prefilter=False,ablate=cache_lazy_check,variant=fast_refusal",all,with_sources,1920,logreg,reranker,"0.500 [0.500, 0.500]","0.500 [0.500, 0.500]",0.000,0.500
"acl_prefilter=False,ablate=cache_lazy_check,variant=fast_refusal",all,with_sources,1920,logreg,latency,"0.518 [0.491, 0.543]","0.535 [0.489, 0.577]",0.000,0.513
"acl_prefilter=False,ablate=cache_lazy_check,variant=fast_refusal",all,with_sources,1920,logreg,refusal,"0.512 [0.489, 0.539]","0.527 [0.491, 0.561]",0.010,0.507
"acl_prefilter=False,ablate=cache_lazy_check,variant=fast_refusal",all,with_sources,1920,logreg,content,"0.513 [0.490, 0.539]","0.532 [0.496, 0.567]",0.037,0.507
"acl_prefilter=False,ablate=cache_lazy_check,variant=fast_refusal",all,with_sources,1920,logreg,combined,"0.657 [0.632, 0.680]","0.777 [0.737, 0.814]",0.246,0.616
"acl_prefilter=False,ablate=cache_lazy_check,variant=fast_refusal",all,with_sources,1920,gboost,score,"0.663 [0.638, 0.685]","0.781 [0.745, 0.817]",0.233,0.616
"acl_prefilter=False,ablate=cache_lazy_check,variant=fast_refusal",all,with_sources,1920,gboost,reranker,"0.500 [0.500, 0.500]","0.500 [0.500, 0.500]",0.000,0.500
"acl_prefilter=False,ablate=cache_lazy_check,variant=fast_refusal",all,with_sources,1920,gboost,latency,"0.518 [0.491, 0.543]","0.540 [0.495, 0.581]",0.008,0.513
"acl_prefilter=False,ablate=cache_lazy_check,variant=fast_refusal",all,with_sources,1920,gboost,refusal,"0.516 [0.492, 0.539]","0.538 [0.502, 0.573]",0.006,0.510
"acl_prefilter=False,ablate=cache_lazy_check,variant=fast_refusal",all,with_sources,1920,gboost,content,"0.537 [0.513, 0.561]","0.610 [0.576, 0.641]",0.046,0.520
"acl_prefilter=False,ablate=cache_lazy_check,variant=fast_refusal",all,with_sources,1920,gboost,combined,"0.683 [0.660, 0.705]","0.814 [0.777, 0.848]",0.266,0.631
"acl_prefilter=False,ablate=cache_lazy_check,variant=fast_refusal",all,with_reranker,1920,threshold,rules,"0.626 [0.610, 0.642]","0.752 [0.716, 0.789]",0.000,0.524
"acl_prefilter=False,ablate=cache_lazy_check,variant=fast_refusal",all,with_reranker,1920,logreg,score,"0.656 [0.631, 0.677]","0.776 [0.741, 0.812]",0.236,0.615
"acl_prefilter=False,ablate=cache_lazy_check,variant=fast_refusal",all,with_reranker,1920,logreg,reranker,"0.787 [0.767, 0.806]","0.982 [0.970, 0.993]",0.000,0.697
"acl_prefilter=False,ablate=cache_lazy_check,variant=fast_refusal",all,with_reranker,1920,logreg,latency,"0.518 [0.491, 0.543]","0.535 [0.489, 0.577]",0.000,0.513
"acl_prefilter=False,ablate=cache_lazy_check,variant=fast_refusal",all,with_reranker,1920,logreg,refusal,"0.512 [0.489, 0.539]","0.527 [0.491, 0.561]",0.010,0.507
"acl_prefilter=False,ablate=cache_lazy_check,variant=fast_refusal",all,with_reranker,1920,logreg,content,"0.513 [0.490, 0.539]","0.532 [0.496, 0.567]",0.037,0.507
"acl_prefilter=False,ablate=cache_lazy_check,variant=fast_refusal",all,with_reranker,1920,logreg,combined,"0.854 [0.838, 0.869]","0.989 [0.980, 0.996]",0.298,0.745
"acl_prefilter=False,ablate=cache_lazy_check,variant=fast_refusal",all,with_reranker,1920,gboost,score,"0.663 [0.638, 0.685]","0.781 [0.745, 0.817]",0.233,0.616
"acl_prefilter=False,ablate=cache_lazy_check,variant=fast_refusal",all,with_reranker,1920,gboost,reranker,"0.790 [0.769, 0.808]","0.982 [0.970, 0.993]",0.000,0.703
"acl_prefilter=False,ablate=cache_lazy_check,variant=fast_refusal",all,with_reranker,1920,gboost,latency,"0.518 [0.491, 0.543]","0.540 [0.495, 0.581]",0.008,0.513
"acl_prefilter=False,ablate=cache_lazy_check,variant=fast_refusal",all,with_reranker,1920,gboost,refusal,"0.516 [0.492, 0.539]","0.538 [0.502, 0.573]",0.006,0.510
"acl_prefilter=False,ablate=cache_lazy_check,variant=fast_refusal",all,with_reranker,1920,gboost,content,"0.537 [0.513, 0.561]","0.610 [0.576, 0.641]",0.046,0.520
"acl_prefilter=False,ablate=cache_lazy_check,variant=fast_refusal",all,with_reranker,1920,gboost,combined,"0.875 [0.860, 0.888]","0.991 [0.984, 0.998]",0.328,0.763
"acl_prefilter=False,ablate=cache_lazy_check,variant=pad30",insider,text_only,960,threshold,rules,"0.518 [0.503, 0.533]","0.571 [0.519, 0.624]",0.000,0.518
"acl_prefilter=False,ablate=cache_lazy_check,variant=pad30",insider,text_only,960,logreg,score,"0.500 [0.500, 0.500]","0.500 [0.500, 0.500]",0.000,0.500
"acl_prefilter=False,ablate=cache_lazy_check,variant=pad30",insider,text_only,960,logreg,reranker,"0.500 [0.500, 0.500]","0.500 [0.500, 0.500]",0.000,0.500
"acl_prefilter=False,ablate=cache_lazy_check,variant=pad30",insider,text_only,960,logreg,latency,"0.541 [0.505, 0.577]","0.569 [0.493, 0.642]",0.013,0.536
"acl_prefilter=False,ablate=cache_lazy_check,variant=pad30",insider,text_only,960,logreg,refusal,"0.529 [0.493, 0.566]","0.561 [0.504, 0.620]",0.000,0.517
"acl_prefilter=False,ablate=cache_lazy_check,variant=pad30",insider,text_only,960,logreg,content,"0.530 [0.496, 0.565]","0.579 [0.521, 0.638]",0.058,0.517
"acl_prefilter=False,ablate=cache_lazy_check,variant=pad30",insider,text_only,960,logreg,combined,"0.545 [0.508, 0.580]","0.578 [0.504, 0.654]",0.046,0.534
"acl_prefilter=False,ablate=cache_lazy_check,variant=pad30",insider,text_only,960,gboost,score,"0.500 [0.500, 0.500]","0.500 [0.500, 0.500]",0.000,0.500
"acl_prefilter=False,ablate=cache_lazy_check,variant=pad30",insider,text_only,960,gboost,reranker,"0.500 [0.500, 0.500]","0.500 [0.500, 0.500]",0.000,0.500
"acl_prefilter=False,ablate=cache_lazy_check,variant=pad30",insider,text_only,960,gboost,latency,"0.493 [0.455, 0.531]","0.500 [0.427, 0.572]",0.013,0.497
"acl_prefilter=False,ablate=cache_lazy_check,variant=pad30",insider,text_only,960,gboost,refusal,"0.531 [0.494, 0.563]","0.581 [0.525, 0.638]",0.013,0.519
"acl_prefilter=False,ablate=cache_lazy_check,variant=pad30",insider,text_only,960,gboost,content,"0.574 [0.540, 0.605]","0.721 [0.679, 0.766]",0.079,0.541
"acl_prefilter=False,ablate=cache_lazy_check,variant=pad30",insider,text_only,960,gboost,combined,"0.542 [0.507, 0.579]","0.688 [0.623, 0.758]",0.083,0.523
"acl_prefilter=False,ablate=cache_lazy_check,variant=pad30",insider,with_sources,960,threshold,rules,"0.633 [0.610, 0.656]","0.767 [0.715, 0.819]",0.000,0.524
"acl_prefilter=False,ablate=cache_lazy_check,variant=pad30",insider,with_sources,960,logreg,score,"0.660 [0.626, 0.692]","0.787 [0.736, 0.836]",0.237,0.619
"acl_prefilter=False,ablate=cache_lazy_check,variant=pad30",insider,with_sources,960,logreg,reranker,"0.500 [0.500, 0.500]","0.500 [0.500, 0.500]",0.000,0.500
"acl_prefilter=False,ablate=cache_lazy_check,variant=pad30",insider,with_sources,960,logreg,latency,"0.541 [0.505, 0.577]","0.569 [0.493, 0.642]",0.013,0.536
"acl_prefilter=False,ablate=cache_lazy_check,variant=pad30",insider,with_sources,960,logreg,refusal,"0.529 [0.493, 0.566]","0.561 [0.504, 0.620]",0.000,0.517
"acl_prefilter=False,ablate=cache_lazy_check,variant=pad30",insider,with_sources,960,logreg,content,"0.530 [0.496, 0.565]","0.579 [0.521, 0.638]",0.058,0.517
"acl_prefilter=False,ablate=cache_lazy_check,variant=pad30",insider,with_sources,960,logreg,combined,"0.659 [0.625, 0.693]","0.777 [0.720, 0.833]",0.246,0.626
"acl_prefilter=False,ablate=cache_lazy_check,variant=pad30",insider,with_sources,960,gboost,score,"0.667 [0.634, 0.700]","0.790 [0.740, 0.838]",0.233,0.617
"acl_prefilter=False,ablate=cache_lazy_check,variant=pad30",insider,with_sources,960,gboost,reranker,"0.500 [0.500, 0.500]","0.500 [0.500, 0.500]",0.000,0.500
"acl_prefilter=False,ablate=cache_lazy_check,variant=pad30",insider,with_sources,960,gboost,latency,"0.493 [0.455, 0.531]","0.500 [0.427, 0.572]",0.013,0.497
"acl_prefilter=False,ablate=cache_lazy_check,variant=pad30",insider,with_sources,960,gboost,refusal,"0.531 [0.494, 0.563]","0.581 [0.525, 0.638]",0.013,0.519
"acl_prefilter=False,ablate=cache_lazy_check,variant=pad30",insider,with_sources,960,gboost,content,"0.574 [0.540, 0.605]","0.721 [0.679, 0.766]",0.079,0.541
"acl_prefilter=False,ablate=cache_lazy_check,variant=pad30",insider,with_sources,960,gboost,combined,"0.678 [0.642, 0.712]","0.837 [0.787, 0.883]",0.287,0.621
"acl_prefilter=False,ablate=cache_lazy_check,variant=pad30",insider,with_reranker,960,threshold,rules,"0.633 [0.610, 0.656]","0.767 [0.715, 0.819]",0.000,0.524
"acl_prefilter=False,ablate=cache_lazy_check,variant=pad30",insider,with_reranker,960,logreg,score,"0.660 [0.626, 0.692]","0.787 [0.736, 0.836]",0.237,0.619
"acl_prefilter=False,ablate=cache_lazy_check,variant=pad30",insider,with_reranker,960,logreg,reranker,"0.786 [0.759, 0.812]","0.982 [0.963, 0.996]",0.000,0.696
"acl_prefilter=False,ablate=cache_lazy_check,variant=pad30",insider,with_reranker,960,logreg,latency,"0.541 [0.505, 0.577]","0.569 [0.493, 0.642]",0.013,0.536
"acl_prefilter=False,ablate=cache_lazy_check,variant=pad30",insider,with_reranker,960,logreg,refusal,"0.529 [0.493, 0.566]","0.561 [0.504, 0.620]",0.000,0.517
"acl_prefilter=False,ablate=cache_lazy_check,variant=pad30",insider,with_reranker,960,logreg,content,"0.530 [0.496, 0.565]","0.579 [0.521, 0.638]",0.058,0.517
"acl_prefilter=False,ablate=cache_lazy_check,variant=pad30",insider,with_reranker,960,logreg,combined,"0.853 [0.829, 0.875]","0.985 [0.969, 0.997]",0.292,0.747
"acl_prefilter=False,ablate=cache_lazy_check,variant=pad30",insider,with_reranker,960,gboost,score,"0.667 [0.634, 0.700]","0.790 [0.740, 0.838]",0.233,0.617
"acl_prefilter=False,ablate=cache_lazy_check,variant=pad30",insider,with_reranker,960,gboost,reranker,"0.790 [0.763, 0.816]","0.982 [0.963, 0.996]",0.000,0.702
"acl_prefilter=False,ablate=cache_lazy_check,variant=pad30",insider,with_reranker,960,gboost,latency,"0.493 [0.455, 0.531]","0.500 [0.427, 0.572]",0.013,0.497
"acl_prefilter=False,ablate=cache_lazy_check,variant=pad30",insider,with_reranker,960,gboost,refusal,"0.531 [0.494, 0.563]","0.581 [0.525, 0.638]",0.013,0.519
"acl_prefilter=False,ablate=cache_lazy_check,variant=pad30",insider,with_reranker,960,gboost,content,"0.574 [0.540, 0.605]","0.721 [0.679, 0.766]",0.079,0.541
"acl_prefilter=False,ablate=cache_lazy_check,variant=pad30",insider,with_reranker,960,gboost,combined,"0.881 [0.860, 0.900]","0.993 [0.984, 0.999]",0.375,0.772
"acl_prefilter=False,ablate=cache_lazy_check,variant=pad30",outsider,text_only,960,threshold,rules,"0.500 [0.485, 0.513]","0.500 [0.469, 0.531]",0.000,0.500
"acl_prefilter=False,ablate=cache_lazy_check,variant=pad30",outsider,text_only,960,logreg,score,"0.500 [0.500, 0.500]","0.500 [0.500, 0.500]",0.000,0.500
"acl_prefilter=False,ablate=cache_lazy_check,variant=pad30",outsider,text_only,960,logreg,reranker,"0.500 [0.500, 0.500]","0.500 [0.500, 0.500]",0.000,0.500
"acl_prefilter=False,ablate=cache_lazy_check,variant=pad30",outsider,text_only,960,logreg,latency,"0.476 [0.438, 0.511]","0.468 [0.394, 0.538]",0.002,0.501
"acl_prefilter=False,ablate=cache_lazy_check,variant=pad30",outsider,text_only,960,logreg,refusal,"0.504 [0.467, 0.541]","0.508 [0.469, 0.544]",0.000,0.502
"acl_prefilter=False,ablate=cache_lazy_check,variant=pad30",outsider,text_only,960,logreg,content,"0.499 [0.462, 0.535]","0.492 [0.455, 0.532]",0.006,0.500
"acl_prefilter=False,ablate=cache_lazy_check,variant=pad30",outsider,text_only,960,logreg,combined,"0.521 [0.483, 0.559]","0.534 [0.458, 0.613]",0.006,0.533
"acl_prefilter=False,ablate=cache_lazy_check,variant=pad30",outsider,text_only,960,gboost,score,"0.500 [0.500, 0.500]","0.500 [0.500, 0.500]",0.000,0.500
"acl_prefilter=False,ablate=cache_lazy_check,variant=pad30",outsider,text_only,960,gboost,reranker,"0.500 [0.500, 0.500]","0.500 [0.500, 0.500]",0.000,0.500
"acl_prefilter=False,ablate=cache_lazy_check,variant=pad30",outsider,text_only,960,gboost,latency,"0.510 [0.472, 0.547]","0.497 [0.421, 0.568]",0.006,0.508
"acl_prefilter=False,ablate=cache_lazy_check,variant=pad30",outsider,text_only,960,gboost,refusal,"0.504 [0.471, 0.540]","0.508 [0.470, 0.544]",0.000,0.501
"acl_prefilter=False,ablate=cache_lazy_check,variant=pad30",outsider,text_only,960,gboost,content,"0.504 [0.467, 0.538]","0.508 [0.470, 0.547]",0.004,0.502
"acl_prefilter=False,ablate=cache_lazy_check,variant=pad30",outsider,text_only,960,gboost,combined,"0.500 [0.463, 0.536]","0.481 [0.407, 0.554]",0.006,0.497
"acl_prefilter=False,ablate=cache_lazy_check,variant=pad30",outsider,with_sources,960,threshold,rules,"0.619 [0.596, 0.642]","0.736 [0.680, 0.786]",0.000,0.524
"acl_prefilter=False,ablate=cache_lazy_check,variant=pad30",outsider,with_sources,960,logreg,score,"0.661 [0.628, 0.694]","0.776 [0.725, 0.820]",0.233,0.617
"acl_prefilter=False,ablate=cache_lazy_check,variant=pad30",outsider,with_sources,960,logreg,reranker,"0.500 [0.500, 0.500]","0.500 [0.500, 0.500]",0.000,0.500
"acl_prefilter=False,ablate=cache_lazy_check,variant=pad30",outsider,with_sources,960,logreg,latency,"0.476 [0.438, 0.511]","0.468 [0.394, 0.538]",0.002,0.501
"acl_prefilter=False,ablate=cache_lazy_check,variant=pad30",outsider,with_sources,960,logreg,refusal,"0.504 [0.467, 0.541]","0.508 [0.469, 0.544]",0.000,0.502
"acl_prefilter=False,ablate=cache_lazy_check,variant=pad30",outsider,with_sources,960,logreg,content,"0.499 [0.462, 0.535]","0.492 [0.455, 0.532]",0.006,0.500
"acl_prefilter=False,ablate=cache_lazy_check,variant=pad30",outsider,with_sources,960,logreg,combined,"0.663 [0.629, 0.697]","0.793 [0.728, 0.844]",0.244,0.620
"acl_prefilter=False,ablate=cache_lazy_check,variant=pad30",outsider,with_sources,960,gboost,score,"0.658 [0.624, 0.690]","0.780 [0.729, 0.827]",0.240,0.614
"acl_prefilter=False,ablate=cache_lazy_check,variant=pad30",outsider,with_sources,960,gboost,reranker,"0.500 [0.500, 0.500]","0.500 [0.500, 0.500]",0.000,0.500
"acl_prefilter=False,ablate=cache_lazy_check,variant=pad30",outsider,with_sources,960,gboost,latency,"0.510 [0.472, 0.547]","0.497 [0.421, 0.568]",0.006,0.508
"acl_prefilter=False,ablate=cache_lazy_check,variant=pad30",outsider,with_sources,960,gboost,refusal,"0.504 [0.471, 0.540]","0.508 [0.470, 0.544]",0.000,0.501
"acl_prefilter=False,ablate=cache_lazy_check,variant=pad30",outsider,with_sources,960,gboost,content,"0.504 [0.467, 0.538]","0.508 [0.470, 0.547]",0.004,0.502
"acl_prefilter=False,ablate=cache_lazy_check,variant=pad30",outsider,with_sources,960,gboost,combined,"0.642 [0.604, 0.678]","0.769 [0.706, 0.825]",0.235,0.590
"acl_prefilter=False,ablate=cache_lazy_check,variant=pad30",outsider,with_reranker,960,threshold,rules,"0.619 [0.596, 0.642]","0.736 [0.680, 0.786]",0.000,0.524
"acl_prefilter=False,ablate=cache_lazy_check,variant=pad30",outsider,with_reranker,960,logreg,score,"0.661 [0.628, 0.694]","0.776 [0.725, 0.820]",0.233,0.617
"acl_prefilter=False,ablate=cache_lazy_check,variant=pad30",outsider,with_reranker,960,logreg,reranker,"0.787 [0.759, 0.813]","0.982 [0.963, 0.996]",0.000,0.698
"acl_prefilter=False,ablate=cache_lazy_check,variant=pad30",outsider,with_reranker,960,logreg,latency,"0.476 [0.438, 0.511]","0.468 [0.394, 0.538]",0.002,0.501
"acl_prefilter=False,ablate=cache_lazy_check,variant=pad30",outsider,with_reranker,960,logreg,refusal,"0.504 [0.467, 0.541]","0.508 [0.469, 0.544]",0.000,0.502
"acl_prefilter=False,ablate=cache_lazy_check,variant=pad30",outsider,with_reranker,960,logreg,content,"0.499 [0.462, 0.535]","0.492 [0.455, 0.532]",0.006,0.500
"acl_prefilter=False,ablate=cache_lazy_check,variant=pad30",outsider,with_reranker,960,logreg,combined,"0.861 [0.839, 0.883]","0.991 [0.981, 0.999]",0.404,0.747
"acl_prefilter=False,ablate=cache_lazy_check,variant=pad30",outsider,with_reranker,960,gboost,score,"0.658 [0.624, 0.690]","0.780 [0.729, 0.827]",0.240,0.614
"acl_prefilter=False,ablate=cache_lazy_check,variant=pad30",outsider,with_reranker,960,gboost,reranker,"0.791 [0.763, 0.817]","0.982 [0.963, 0.996]",0.000,0.704
"acl_prefilter=False,ablate=cache_lazy_check,variant=pad30",outsider,with_reranker,960,gboost,latency,"0.510 [0.472, 0.547]","0.497 [0.421, 0.568]",0.006,0.508
"acl_prefilter=False,ablate=cache_lazy_check,variant=pad30",outsider,with_reranker,960,gboost,refusal,"0.504 [0.471, 0.540]","0.508 [0.470, 0.544]",0.000,0.501
"acl_prefilter=False,ablate=cache_lazy_check,variant=pad30",outsider,with_reranker,960,gboost,content,"0.504 [0.467, 0.538]","0.508 [0.470, 0.547]",0.004,0.502
"acl_prefilter=False,ablate=cache_lazy_check,variant=pad30",outsider,with_reranker,960,gboost,combined,"0.860 [0.835, 0.881]","0.990 [0.976, 0.999]",0.344,0.758
"acl_prefilter=False,ablate=cache_lazy_check,variant=pad30",all,text_only,1920,threshold,rules,"0.509 [0.499, 0.520]","0.534 [0.501, 0.566]",0.000,0.509
"acl_prefilter=False,ablate=cache_lazy_check,variant=pad30",all,text_only,1920,logreg,score,"0.500 [0.500, 0.500]","0.500 [0.500, 0.500]",0.000,0.500
"acl_prefilter=False,ablate=cache_lazy_check,variant=pad30",all,text_only,1920,logreg,reranker,"0.500 [0.500, 0.500]","0.500 [0.500, 0.500]",0.000,0.500
"acl_prefilter=False,ablate=cache_lazy_check,variant=pad30",all,text_only,1920,logreg,latency,"0.509 [0.484, 0.536]","0.521 [0.473, 0.575]",0.008,0.508
"acl_prefilter=False,ablate=cache_lazy_check,variant=pad30",all,text_only,1920,logreg,refusal,"0.508 [0.484, 0.534]","0.526 [0.491, 0.561]",0.010,0.507
"acl_prefilter=False,ablate=cache_lazy_check,variant=pad30",all,text_only,1920,logreg,content,"0.514 [0.491, 0.540]","0.531 [0.495, 0.566]",0.031,0.507
"acl_prefilter=False,ablate=cache_lazy_check,variant=pad30",all,text_only,1920,logreg,combined,"0.516 [0.490, 0.542]","0.543 [0.495, 0.594]",0.024,0.512
"acl_prefilter=False,ablate=cache_lazy_check,variant=pad30",all,text_only,1920,gboost,score,"0.500 [0.500, 0.500]","0.500 [0.500, 0.500]",0.000,0.500
"acl_prefilter=False,ablate=cache_lazy_check,variant=pad30",all,text_only,1920,gboost,reranker,"0.500 [0.500, 0.500]","0.500 [0.500, 0.500]",0.000,0.500
"acl_prefilter=False,ablate=cache_lazy_check,variant=pad30",all,text_only,1920,gboost,latency,"0.507 [0.481, 0.532]","0.534 [0.484, 0.585]",0.009,0.507
"acl_prefilter=False,ablate=cache_lazy_check,variant=pad30",all,text_only,1920,gboost,refusal,"0.514 [0.490, 0.537]","0.533 [0.497, 0.569]",0.006,0.510
"acl_prefilter=False,ablate=cache_lazy_check,variant=pad30",all,text_only,1920,gboost,content,"0.537 [0.512, 0.559]","0.613 [0.580, 0.645]",0.044,0.520
"acl_prefilter=False,ablate=cache_lazy_check,variant=pad30",all,text_only,1920,gboost,combined,"0.529 [0.503, 0.554]","0.620 [0.571, 0.670]",0.049,0.519
"acl_prefilter=False,ablate=cache_lazy_check,variant=pad30",all,with_sources,1920,threshold,rules,"0.626 [0.609, 0.642]","0.750 [0.713, 0.787]",0.000,0.524
"acl_prefilter=False,ablate=cache_lazy_check,variant=pad30",all,with_sources,1920,logreg,score,"0.656 [0.631, 0.677]","0.776 [0.741, 0.812]",0.236,0.615
"acl_prefilter=False,ablate=cache_lazy_check,variant=pad30",all,with_sources,1920,logreg,reranker,"0.500 [0.500, 0.500]","0.500 [0.500, 0.500]",0.000,0.500
"acl_prefilter=False,ablate=cache_lazy_check,variant=pad30",all,with_sources,1920,logreg,latency,"0.509 [0.484, 0.536]","0.521 [0.473, 0.575]",0.008,0.508
"acl_prefilter=False,ablate=cache_lazy_check,variant=pad30",all,with_sources,1920,logreg,refusal,"0.508 [0.484, 0.534]","0.526 [0.491, 0.561]",0.010,0.507
"acl_prefilter=False,ablate=cache_lazy_check,variant=pad30",all,with_sources,1920,logreg,content,"0.514 [0.491, 0.540]","0.531 [0.495, 0.566]",0.031,0.507
"acl_prefilter=False,ablate=cache_lazy_check,variant=pad30",all,with_sources,1920,logreg,combined,"0.659 [0.633, 0.682]","0.783 [0.741, 0.822]",0.246,0.616
"acl_prefilter=False,ablate=cache_lazy_check,variant=pad30",all,with_sources,1920,gboost,score,"0.663 [0.638, 0.685]","0.781 [0.745, 0.817]",0.233,0.616
"acl_prefilter=False,ablate=cache_lazy_check,variant=pad30",all,with_sources,1920,gboost,reranker,"0.500 [0.500, 0.500]","0.500 [0.500, 0.500]",0.000,0.500
"acl_prefilter=False,ablate=cache_lazy_check,variant=pad30",all,with_sources,1920,gboost,latency,"0.507 [0.481, 0.532]","0.534 [0.484, 0.585]",0.009,0.507
"acl_prefilter=False,ablate=cache_lazy_check,variant=pad30",all,with_sources,1920,gboost,refusal,"0.514 [0.490, 0.537]","0.533 [0.497, 0.569]",0.006,0.510
"acl_prefilter=False,ablate=cache_lazy_check,variant=pad30",all,with_sources,1920,gboost,content,"0.537 [0.512, 0.559]","0.613 [0.580, 0.645]",0.044,0.520
"acl_prefilter=False,ablate=cache_lazy_check,variant=pad30",all,with_sources,1920,gboost,combined,"0.666 [0.642, 0.688]","0.824 [0.781, 0.859]",0.263,0.620
"acl_prefilter=False,ablate=cache_lazy_check,variant=pad30",all,with_reranker,1920,threshold,rules,"0.626 [0.609, 0.642]","0.750 [0.713, 0.787]",0.000,0.524
"acl_prefilter=False,ablate=cache_lazy_check,variant=pad30",all,with_reranker,1920,logreg,score,"0.656 [0.631, 0.677]","0.776 [0.741, 0.812]",0.236,0.615
"acl_prefilter=False,ablate=cache_lazy_check,variant=pad30",all,with_reranker,1920,logreg,reranker,"0.787 [0.767, 0.806]","0.982 [0.970, 0.993]",0.000,0.697
"acl_prefilter=False,ablate=cache_lazy_check,variant=pad30",all,with_reranker,1920,logreg,latency,"0.509 [0.484, 0.536]","0.521 [0.473, 0.575]",0.008,0.508
"acl_prefilter=False,ablate=cache_lazy_check,variant=pad30",all,with_reranker,1920,logreg,refusal,"0.508 [0.484, 0.534]","0.526 [0.491, 0.561]",0.010,0.507
"acl_prefilter=False,ablate=cache_lazy_check,variant=pad30",all,with_reranker,1920,logreg,content,"0.514 [0.491, 0.540]","0.531 [0.495, 0.566]",0.031,0.507
"acl_prefilter=False,ablate=cache_lazy_check,variant=pad30",all,with_reranker,1920,logreg,combined,"0.857 [0.841, 0.871]","0.992 [0.985, 0.997]",0.371,0.744
"acl_prefilter=False,ablate=cache_lazy_check,variant=pad30",all,with_reranker,1920,gboost,score,"0.663 [0.638, 0.685]","0.781 [0.745, 0.817]",0.233,0.616
"acl_prefilter=False,ablate=cache_lazy_check,variant=pad30",all,with_reranker,1920,gboost,reranker,"0.790 [0.769, 0.808]","0.982 [0.970, 0.993]",0.000,0.703
"acl_prefilter=False,ablate=cache_lazy_check,variant=pad30",all,with_reranker,1920,gboost,latency,"0.507 [0.481, 0.532]","0.534 [0.484, 0.585]",0.009,0.507
"acl_prefilter=False,ablate=cache_lazy_check,variant=pad30",all,with_reranker,1920,gboost,refusal,"0.514 [0.490, 0.537]","0.533 [0.497, 0.569]",0.006,0.510
"acl_prefilter=False,ablate=cache_lazy_check,variant=pad30",all,with_reranker,1920,gboost,content,"0.537 [0.512, 0.559]","0.613 [0.580, 0.645]",0.044,0.520
"acl_prefilter=False,ablate=cache_lazy_check,variant=pad30",all,with_reranker,1920,gboost,combined,"0.870 [0.854, 0.884]","0.993 [0.986, 0.998]",0.367,0.759
"acl_prefilter=False,ablate=cache_lazy_check,variant=deadline2s",insider,text_only,960,threshold,rules,"0.518 [0.503, 0.533]","0.571 [0.519, 0.624]",0.000,0.518
"acl_prefilter=False,ablate=cache_lazy_check,variant=deadline2s",insider,text_only,960,logreg,score,"0.500 [0.500, 0.500]","0.500 [0.500, 0.500]",0.000,0.500
"acl_prefilter=False,ablate=cache_lazy_check,variant=deadline2s",insider,text_only,960,logreg,reranker,"0.500 [0.500, 0.500]","0.500 [0.500, 0.500]",0.000,0.500
"acl_prefilter=False,ablate=cache_lazy_check,variant=deadline2s",insider,text_only,960,logreg,latency,"0.500 [0.500, 0.500]","0.500 [0.500, 0.500]",0.000,0.500
"acl_prefilter=False,ablate=cache_lazy_check,variant=deadline2s",insider,text_only,960,logreg,refusal,"0.529 [0.493, 0.566]","0.561 [0.504, 0.620]",0.000,0.517
"acl_prefilter=False,ablate=cache_lazy_check,variant=deadline2s",insider,text_only,960,logreg,content,"0.530 [0.496, 0.565]","0.579 [0.521, 0.638]",0.058,0.517
"acl_prefilter=False,ablate=cache_lazy_check,variant=deadline2s",insider,text_only,960,logreg,combined,"0.546 [0.510, 0.575]","0.590 [0.534, 0.649]",0.044,0.527
"acl_prefilter=False,ablate=cache_lazy_check,variant=deadline2s",insider,text_only,960,gboost,score,"0.500 [0.500, 0.500]","0.500 [0.500, 0.500]",0.000,0.500
"acl_prefilter=False,ablate=cache_lazy_check,variant=deadline2s",insider,text_only,960,gboost,reranker,"0.500 [0.500, 0.500]","0.500 [0.500, 0.500]",0.000,0.500
"acl_prefilter=False,ablate=cache_lazy_check,variant=deadline2s",insider,text_only,960,gboost,latency,"0.500 [0.500, 0.500]","0.500 [0.500, 0.500]",0.000,0.500
"acl_prefilter=False,ablate=cache_lazy_check,variant=deadline2s",insider,text_only,960,gboost,refusal,"0.531 [0.494, 0.563]","0.581 [0.525, 0.638]",0.013,0.519
"acl_prefilter=False,ablate=cache_lazy_check,variant=deadline2s",insider,text_only,960,gboost,content,"0.574 [0.540, 0.605]","0.721 [0.679, 0.766]",0.079,0.541
"acl_prefilter=False,ablate=cache_lazy_check,variant=deadline2s",insider,text_only,960,gboost,combined,"0.574 [0.540, 0.605]","0.721 [0.679, 0.766]",0.079,0.541
"acl_prefilter=False,ablate=cache_lazy_check,variant=deadline2s",insider,with_sources,960,threshold,rules,"0.633 [0.610, 0.656]","0.767 [0.715, 0.819]",0.000,0.524
"acl_prefilter=False,ablate=cache_lazy_check,variant=deadline2s",insider,with_sources,960,logreg,score,"0.660 [0.626, 0.692]","0.787 [0.736, 0.836]",0.237,0.619
"acl_prefilter=False,ablate=cache_lazy_check,variant=deadline2s",insider,with_sources,960,logreg,reranker,"0.500 [0.500, 0.500]","0.500 [0.500, 0.500]",0.000,0.500
"acl_prefilter=False,ablate=cache_lazy_check,variant=deadline2s",insider,with_sources,960,logreg,latency,"0.500 [0.500, 0.500]","0.500 [0.500, 0.500]",0.000,0.500
"acl_prefilter=False,ablate=cache_lazy_check,variant=deadline2s",insider,with_sources,960,logreg,refusal,"0.529 [0.493, 0.566]","0.561 [0.504, 0.620]",0.000,0.517
"acl_prefilter=False,ablate=cache_lazy_check,variant=deadline2s",insider,with_sources,960,logreg,content,"0.530 [0.496, 0.565]","0.579 [0.521, 0.638]",0.058,0.517
"acl_prefilter=False,ablate=cache_lazy_check,variant=deadline2s",insider,with_sources,960,logreg,combined,"0.661 [0.626, 0.693]","0.790 [0.738, 0.841]",0.246,0.620
"acl_prefilter=False,ablate=cache_lazy_check,variant=deadline2s",insider,with_sources,960,gboost,score,"0.667 [0.634, 0.700]","0.790 [0.740, 0.838]",0.233,0.617
"acl_prefilter=False,ablate=cache_lazy_check,variant=deadline2s",insider,with_sources,960,gboost,reranker,"0.500 [0.500, 0.500]","0.500 [0.500, 0.500]",0.000,0.500
"acl_prefilter=False,ablate=cache_lazy_check,variant=deadline2s",insider,with_sources,960,gboost,latency,"0.500 [0.500, 0.500]","0.500 [0.500, 0.500]",0.000,0.500
"acl_prefilter=False,ablate=cache_lazy_check,variant=deadline2s",insider,with_sources,960,gboost,refusal,"0.531 [0.494, 0.563]","0.581 [0.525, 0.638]",0.013,0.519
"acl_prefilter=False,ablate=cache_lazy_check,variant=deadline2s",insider,with_sources,960,gboost,content,"0.574 [0.540, 0.605]","0.721 [0.679, 0.766]",0.079,0.541
"acl_prefilter=False,ablate=cache_lazy_check,variant=deadline2s",insider,with_sources,960,gboost,combined,"0.701 [0.667, 0.732]","0.863 [0.826, 0.900]",0.294,0.644
"acl_prefilter=False,ablate=cache_lazy_check,variant=deadline2s",insider,with_reranker,960,threshold,rules,"0.633 [0.610, 0.656]","0.767 [0.715, 0.819]",0.000,0.524
"acl_prefilter=False,ablate=cache_lazy_check,variant=deadline2s",insider,with_reranker,960,logreg,score,"0.660 [0.626, 0.692]","0.787 [0.736, 0.836]",0.237,0.619
"acl_prefilter=False,ablate=cache_lazy_check,variant=deadline2s",insider,with_reranker,960,logreg,reranker,"0.786 [0.759, 0.812]","0.982 [0.963, 0.996]",0.000,0.696
"acl_prefilter=False,ablate=cache_lazy_check,variant=deadline2s",insider,with_reranker,960,logreg,latency,"0.500 [0.500, 0.500]","0.500 [0.500, 0.500]",0.000,0.500
"acl_prefilter=False,ablate=cache_lazy_check,variant=deadline2s",insider,with_reranker,960,logreg,refusal,"0.529 [0.493, 0.566]","0.561 [0.504, 0.620]",0.000,0.517
"acl_prefilter=False,ablate=cache_lazy_check,variant=deadline2s",insider,with_reranker,960,logreg,content,"0.530 [0.496, 0.565]","0.579 [0.521, 0.638]",0.058,0.517
"acl_prefilter=False,ablate=cache_lazy_check,variant=deadline2s",insider,with_reranker,960,logreg,combined,"0.852 [0.829, 0.874]","0.984 [0.968, 0.997]",0.240,0.745
"acl_prefilter=False,ablate=cache_lazy_check,variant=deadline2s",insider,with_reranker,960,gboost,score,"0.667 [0.634, 0.700]","0.790 [0.740, 0.838]",0.233,0.617
"acl_prefilter=False,ablate=cache_lazy_check,variant=deadline2s",insider,with_reranker,960,gboost,reranker,"0.790 [0.763, 0.816]","0.982 [0.963, 0.996]",0.000,0.702
"acl_prefilter=False,ablate=cache_lazy_check,variant=deadline2s",insider,with_reranker,960,gboost,latency,"0.500 [0.500, 0.500]","0.500 [0.500, 0.500]",0.000,0.500
"acl_prefilter=False,ablate=cache_lazy_check,variant=deadline2s",insider,with_reranker,960,gboost,refusal,"0.531 [0.494, 0.563]","0.581 [0.525, 0.638]",0.013,0.519
"acl_prefilter=False,ablate=cache_lazy_check,variant=deadline2s",insider,with_reranker,960,gboost,content,"0.574 [0.540, 0.605]","0.721 [0.679, 0.766]",0.079,0.541
"acl_prefilter=False,ablate=cache_lazy_check,variant=deadline2s",insider,with_reranker,960,gboost,combined,"0.882 [0.862, 0.900]","0.993 [0.984, 1.000]",0.294,0.769
"acl_prefilter=False,ablate=cache_lazy_check,variant=deadline2s",outsider,text_only,960,threshold,rules,"0.500 [0.485, 0.513]","0.500 [0.469, 0.531]",0.000,0.500
"acl_prefilter=False,ablate=cache_lazy_check,variant=deadline2s",outsider,text_only,960,logreg,score,"0.500 [0.500, 0.500]","0.500 [0.500, 0.500]",0.000,0.500
"acl_prefilter=False,ablate=cache_lazy_check,variant=deadline2s",outsider,text_only,960,logreg,reranker,"0.500 [0.500, 0.500]","0.500 [0.500, 0.500]",0.000,0.500
"acl_prefilter=False,ablate=cache_lazy_check,variant=deadline2s",outsider,text_only,960,logreg,latency,"0.500 [0.500, 0.500]","0.500 [0.500, 0.500]",0.000,0.500
"acl_prefilter=False,ablate=cache_lazy_check,variant=deadline2s",outsider,text_only,960,logreg,refusal,"0.504 [0.467, 0.541]","0.508 [0.469, 0.544]",0.000,0.502
"acl_prefilter=False,ablate=cache_lazy_check,variant=deadline2s",outsider,text_only,960,logreg,content,"0.499 [0.462, 0.535]","0.492 [0.455, 0.532]",0.006,0.500
"acl_prefilter=False,ablate=cache_lazy_check,variant=deadline2s",outsider,text_only,960,logreg,combined,"0.504 [0.467, 0.541]","0.508 [0.470, 0.547]",0.004,0.502
"acl_prefilter=False,ablate=cache_lazy_check,variant=deadline2s",outsider,text_only,960,gboost,score,"0.500 [0.500, 0.500]","0.500 [0.500, 0.500]",0.000,0.500
"acl_prefilter=False,ablate=cache_lazy_check,variant=deadline2s",outsider,text_only,960,gboost,reranker,"0.500 [0.500, 0.500]","0.500 [0.500, 0.500]",0.000,0.500
"acl_prefilter=False,ablate=cache_lazy_check,variant=deadline2s",outsider,text_only,960,gboost,latency,"0.500 [0.500, 0.500]","0.500 [0.500, 0.500]",0.000,0.500
"acl_prefilter=False,ablate=cache_lazy_check,variant=deadline2s",outsider,text_only,960,gboost,refusal,"0.504 [0.471, 0.540]","0.508 [0.470, 0.544]",0.000,0.501
"acl_prefilter=False,ablate=cache_lazy_check,variant=deadline2s",outsider,text_only,960,gboost,content,"0.504 [0.467, 0.538]","0.508 [0.470, 0.547]",0.004,0.502
"acl_prefilter=False,ablate=cache_lazy_check,variant=deadline2s",outsider,text_only,960,gboost,combined,"0.503 [0.468, 0.537]","0.500 [0.464, 0.538]",0.006,0.502
"acl_prefilter=False,ablate=cache_lazy_check,variant=deadline2s",outsider,with_sources,960,threshold,rules,"0.619 [0.596, 0.642]","0.736 [0.680, 0.786]",0.000,0.524
"acl_prefilter=False,ablate=cache_lazy_check,variant=deadline2s",outsider,with_sources,960,logreg,score,"0.661 [0.628, 0.694]","0.776 [0.725, 0.820]",0.233,0.617
"acl_prefilter=False,ablate=cache_lazy_check,variant=deadline2s",outsider,with_sources,960,logreg,reranker,"0.500 [0.500, 0.500]","0.500 [0.500, 0.500]",0.000,0.500
"acl_prefilter=False,ablate=cache_lazy_check,variant=deadline2s",outsider,with_sources,960,logreg,latency,"0.500 [0.500, 0.500]","0.500 [0.500, 0.500]",0.000,0.500
"acl_prefilter=False,ablate=cache_lazy_check,variant=deadline2s",outsider,with_sources,960,logreg,refusal,"0.504 [0.467, 0.541]","0.508 [0.469, 0.544]",0.000,0.502
"acl_prefilter=False,ablate=cache_lazy_check,variant=deadline2s",outsider,with_sources,960,logreg,content,"0.499 [0.462, 0.535]","0.492 [0.455, 0.532]",0.006,0.500
"acl_prefilter=False,ablate=cache_lazy_check,variant=deadline2s",outsider,with_sources,960,logreg,combined,"0.659 [0.626, 0.692]","0.767 [0.717, 0.814]",0.242,0.614
"acl_prefilter=False,ablate=cache_lazy_check,variant=deadline2s",outsider,with_sources,960,gboost,score,"0.658 [0.624, 0.690]","0.780 [0.729, 0.827]",0.240,0.614
"acl_prefilter=False,ablate=cache_lazy_check,variant=deadline2s",outsider,with_sources,960,gboost,reranker,"0.500 [0.500, 0.500]","0.500 [0.500, 0.500]",0.000,0.500
"acl_prefilter=False,ablate=cache_lazy_check,variant=deadline2s",outsider,with_sources,960,gboost,latency,"0.500 [0.500, 0.500]","0.500 [0.500, 0.500]",0.000,0.500
"acl_prefilter=False,ablate=cache_lazy_check,variant=deadline2s",outsider,with_sources,960,gboost,refusal,"0.504 [0.471, 0.540]","0.508 [0.470, 0.544]",0.000,0.501
"acl_prefilter=False,ablate=cache_lazy_check,variant=deadline2s",outsider,with_sources,960,gboost,content,"0.504 [0.467, 0.538]","0.508 [0.470, 0.547]",0.004,0.502
"acl_prefilter=False,ablate=cache_lazy_check,variant=deadline2s",outsider,with_sources,960,gboost,combined,"0.658 [0.623, 0.690]","0.777 [0.728, 0.823]",0.242,0.616
"acl_prefilter=False,ablate=cache_lazy_check,variant=deadline2s",outsider,with_reranker,960,threshold,rules,"0.619 [0.596, 0.642]","0.736 [0.680, 0.786]",0.000,0.524
"acl_prefilter=False,ablate=cache_lazy_check,variant=deadline2s",outsider,with_reranker,960,logreg,score,"0.661 [0.628, 0.694]","0.776 [0.725, 0.820]",0.233,0.617
"acl_prefilter=False,ablate=cache_lazy_check,variant=deadline2s",outsider,with_reranker,960,logreg,reranker,"0.787 [0.759, 0.813]","0.982 [0.963, 0.996]",0.000,0.698
"acl_prefilter=False,ablate=cache_lazy_check,variant=deadline2s",outsider,with_reranker,960,logreg,latency,"0.500 [0.500, 0.500]","0.500 [0.500, 0.500]",0.000,0.500
"acl_prefilter=False,ablate=cache_lazy_check,variant=deadline2s",outsider,with_reranker,960,logreg,refusal,"0.504 [0.467, 0.541]","0.508 [0.469, 0.544]",0.000,0.502
"acl_prefilter=False,ablate=cache_lazy_check,variant=deadline2s",outsider,with_reranker,960,logreg,content,"0.499 [0.462, 0.535]","0.492 [0.455, 0.532]",0.006,0.500
"acl_prefilter=False,ablate=cache_lazy_check,variant=deadline2s",outsider,with_reranker,960,logreg,combined,"0.854 [0.832, 0.876]","0.991 [0.981, 0.999]",0.252,0.746
"acl_prefilter=False,ablate=cache_lazy_check,variant=deadline2s",outsider,with_reranker,960,gboost,score,"0.658 [0.624, 0.690]","0.780 [0.729, 0.827]",0.240,0.614
"acl_prefilter=False,ablate=cache_lazy_check,variant=deadline2s",outsider,with_reranker,960,gboost,reranker,"0.791 [0.763, 0.817]","0.982 [0.963, 0.996]",0.000,0.704
"acl_prefilter=False,ablate=cache_lazy_check,variant=deadline2s",outsider,with_reranker,960,gboost,latency,"0.500 [0.500, 0.500]","0.500 [0.500, 0.500]",0.000,0.500
"acl_prefilter=False,ablate=cache_lazy_check,variant=deadline2s",outsider,with_reranker,960,gboost,refusal,"0.504 [0.471, 0.540]","0.508 [0.470, 0.544]",0.000,0.501
"acl_prefilter=False,ablate=cache_lazy_check,variant=deadline2s",outsider,with_reranker,960,gboost,content,"0.504 [0.467, 0.538]","0.508 [0.470, 0.547]",0.004,0.502
"acl_prefilter=False,ablate=cache_lazy_check,variant=deadline2s",outsider,with_reranker,960,gboost,combined,"0.863 [0.842, 0.883]","0.989 [0.977, 0.998]",0.246,0.752
"acl_prefilter=False,ablate=cache_lazy_check,variant=deadline2s",all,text_only,1920,threshold,rules,"0.509 [0.499, 0.520]","0.534 [0.501, 0.566]",0.000,0.509
"acl_prefilter=False,ablate=cache_lazy_check,variant=deadline2s",all,text_only,1920,logreg,score,"0.500 [0.500, 0.500]","0.500 [0.500, 0.500]",0.000,0.500
"acl_prefilter=False,ablate=cache_lazy_check,variant=deadline2s",all,text_only,1920,logreg,reranker,"0.500 [0.500, 0.500]","0.500 [0.500, 0.500]",0.000,0.500
"acl_prefilter=False,ablate=cache_lazy_check,variant=deadline2s",all,text_only,1920,logreg,latency,"0.500 [0.500, 0.500]","0.500 [0.500, 0.500]",0.000,0.500
"acl_prefilter=False,ablate=cache_lazy_check,variant=deadline2s",all,text_only,1920,logreg,refusal,"0.508 [0.484, 0.534]","0.526 [0.491, 0.561]",0.010,0.507
"acl_prefilter=False,ablate=cache_lazy_check,variant=deadline2s",all,text_only,1920,logreg,content,"0.514 [0.491, 0.540]","0.531 [0.495, 0.566]",0.031,0.507
"acl_prefilter=False,ablate=cache_lazy_check,variant=deadline2s",all,text_only,1920,logreg,combined,"0.525 [0.499, 0.549]","0.556 [0.524, 0.591]",0.025,0.515
"acl_prefilter=False,ablate=cache_lazy_check,variant=deadline2s",all,text_only,1920,gboost,score,"0.500 [0.500, 0.500]","0.500 [0.500, 0.500]",0.000,0.500
"acl_prefilter=False,ablate=cache_lazy_check,variant=deadline2s",all,text_only,1920,gboost,reranker,"0.500 [0.500, 0.500]","0.500 [0.500, 0.500]",0.000,0.500
"acl_prefilter=False,ablate=cache_lazy_check,variant=deadline2s",all,text_only,1920,gboost,latency,"0.500 [0.500, 0.500]","0.500 [0.500, 0.500]",0.000,0.500
"acl_prefilter=False,ablate=cache_lazy_check,variant=deadline2s",all,text_only,1920,gboost,refusal,"0.514 [0.490, 0.537]","0.533 [0.497, 0.569]",0.006,0.510
"acl_prefilter=False,ablate=cache_lazy_check,variant=deadline2s",all,text_only,1920,gboost,content,"0.537 [0.512, 0.559]","0.613 [0.580, 0.645]",0.044,0.520
"acl_prefilter=False,ablate=cache_lazy_check,variant=deadline2s",all,text_only,1920,gboost,combined,"0.537 [0.513, 0.560]","0.617 [0.584, 0.649]",0.047,0.520
"acl_prefilter=False,ablate=cache_lazy_check,variant=deadline2s",all,with_sources,1920,threshold,rules,"0.626 [0.609, 0.642]","0.750 [0.713, 0.787]",0.000,0.524
"acl_prefilter=False,ablate=cache_lazy_check,variant=deadline2s",all,with_sources,1920,logreg,score,"0.656 [0.631, 0.677]","0.776 [0.741, 0.812]",0.236,0.615
"acl_prefilter=False,ablate=cache_lazy_check,variant=deadline2s",all,with_sources,1920,logreg,reranker,"0.500 [0.500, 0.500]","0.500 [0.500, 0.500]",0.000,0.500
"acl_prefilter=False,ablate=cache_lazy_check,variant=deadline2s",all,with_sources,1920,logreg,latency,"0.500 [0.500, 0.500]","0.500 [0.500, 0.500]",0.000,0.500
"acl_prefilter=False,ablate=cache_lazy_check,variant=deadline2s",all,with_sources,1920,logreg,refusal,"0.508 [0.484, 0.534]","0.526 [0.491, 0.561]",0.010,0.507
"acl_prefilter=False,ablate=cache_lazy_check,variant=deadline2s",all,with_sources,1920,logreg,content,"0.514 [0.491, 0.540]","0.531 [0.495, 0.566]",0.031,0.507
"acl_prefilter=False,ablate=cache_lazy_check,variant=deadline2s",all,with_sources,1920,logreg,combined,"0.658 [0.633, 0.679]","0.779 [0.742, 0.813]",0.246,0.619
"acl_prefilter=False,ablate=cache_lazy_check,variant=deadline2s",all,with_sources,1920,gboost,score,"0.663 [0.638, 0.685]","0.781 [0.745, 0.817]",0.233,0.616
"acl_prefilter=False,ablate=cache_lazy_check,variant=deadline2s",all,with_sources,1920,gboost,reranker,"0.500 [0.500, 0.500]","0.500 [0.500, 0.500]",0.000,0.500
"acl_prefilter=False,ablate=cache_lazy_check,variant=deadline2s",all,with_sources,1920,gboost,latency,"0.500 [0.500, 0.500]","0.500 [0.500, 0.500]",0.000,0.500
"acl_prefilter=False,ablate=cache_lazy_check,variant=deadline2s",all,with_sources,1920,gboost,refusal,"0.514 [0.490, 0.537]","0.533 [0.497, 0.569]",0.006,0.510
"acl_prefilter=False,ablate=cache_lazy_check,variant=deadline2s",all,with_sources,1920,gboost,content,"0.537 [0.512, 0.559]","0.613 [0.580, 0.645]",0.044,0.520
"acl_prefilter=False,ablate=cache_lazy_check,variant=deadline2s",all,with_sources,1920,gboost,combined,"0.681 [0.658, 0.702]","0.820 [0.787, 0.853]",0.266,0.629
"acl_prefilter=False,ablate=cache_lazy_check,variant=deadline2s",all,with_reranker,1920,threshold,rules,"0.626 [0.609, 0.642]","0.750 [0.713, 0.787]",0.000,0.524
"acl_prefilter=False,ablate=cache_lazy_check,variant=deadline2s",all,with_reranker,1920,logreg,score,"0.656 [0.631, 0.677]","0.776 [0.741, 0.812]",0.236,0.615
"acl_prefilter=False,ablate=cache_lazy_check,variant=deadline2s",all,with_reranker,1920,logreg,reranker,"0.787 [0.767, 0.806]","0.982 [0.970, 0.993]",0.000,0.697
"acl_prefilter=False,ablate=cache_lazy_check,variant=deadline2s",all,with_reranker,1920,logreg,latency,"0.500 [0.500, 0.500]","0.500 [0.500, 0.500]",0.000,0.500
"acl_prefilter=False,ablate=cache_lazy_check,variant=deadline2s",all,with_reranker,1920,logreg,refusal,"0.508 [0.484, 0.534]","0.526 [0.491, 0.561]",0.010,0.507
"acl_prefilter=False,ablate=cache_lazy_check,variant=deadline2s",all,with_reranker,1920,logreg,content,"0.514 [0.491, 0.540]","0.531 [0.495, 0.566]",0.031,0.507
"acl_prefilter=False,ablate=cache_lazy_check,variant=deadline2s",all,with_reranker,1920,logreg,combined,"0.855 [0.838, 0.869]","0.989 [0.980, 0.996]",0.239,0.746
"acl_prefilter=False,ablate=cache_lazy_check,variant=deadline2s",all,with_reranker,1920,gboost,score,"0.663 [0.638, 0.685]","0.781 [0.745, 0.817]",0.233,0.616
"acl_prefilter=False,ablate=cache_lazy_check,variant=deadline2s",all,with_reranker,1920,gboost,reranker,"0.790 [0.769, 0.808]","0.982 [0.970, 0.993]",0.000,0.703
"acl_prefilter=False,ablate=cache_lazy_check,variant=deadline2s",all,with_reranker,1920,gboost,latency,"0.500 [0.500, 0.500]","0.500 [0.500, 0.500]",0.000,0.500
"acl_prefilter=False,ablate=cache_lazy_check,variant=deadline2s",all,with_reranker,1920,gboost,refusal,"0.514 [0.490, 0.537]","0.533 [0.497, 0.569]",0.006,0.510
"acl_prefilter=False,ablate=cache_lazy_check,variant=deadline2s",all,with_reranker,1920,gboost,content,"0.537 [0.512, 0.559]","0.613 [0.580, 0.645]",0.044,0.520
"acl_prefilter=False,ablate=cache_lazy_check,variant=deadline2s",all,with_reranker,1920,gboost,combined,"0.873 [0.858, 0.886]","0.990 [0.982, 0.996]",0.272,0.766
