cell,seed,event,target,LM,LM_all_lost,lifetime_s,censored
"sync=periodic:3600,cache_ttl_s=600",0,0,t3_r005,0.8,,172800.0,True
"sync=periodic:3600,cache_ttl_s=600",0,1,t2_r004,0.8,,1800.0,False
"sync=periodic:3600,cache_ttl_s=600",0,2,t4_r001,1.0,,172800.0,True
"sync=periodic:3600,cache_ttl_s=600",0,3,t1_r015,0.0,,0.0,False
"sync=periodic:3600,cache_ttl_s=600",0,4,t2_r016,0.6667,,172800.0,True
"sync=periodic:3600,cache_ttl_s=600",0,5,t5_r016,0.8,,900.0,False
"sync=periodic:3600,cache_ttl_s=600",0,6,t1_r020,1.0,,172800.0,True
"sync=periodic:3600,cache_ttl_s=600",0,7,t4_r015,0.8,,1800.0,False
"sync=periodic:3600,cache_ttl_s=600",0,8,t4_r014,1.0,,172800.0,True
"sync=periodic:3600,cache_ttl_s=600",0,9,t3_r019,1.0,,172800.0,True
"sync=periodic:3600,cache_ttl_s=600",0,10,t5_r000,0.6667,,172800.0,True
"sync=periodic:3600,cache_ttl_s=600",0,11,t3_r029,0.8,,172800.0,True
"sync=periodic:3600,cache_ttl_s=600",0,12,t2_r009,0.8,,900.0,False
"sync=periodic:3600,cache_ttl_s=600",0,13,t3_r011,0.8,,900.0,False
"sync=periodic:3600,cache_ttl_s=600",0,14,t3_r023,0.8,,3600.0,False
"sync=periodic:3600,cache_ttl_s=600",0,15,t2_r021,0.0,,0.0,False
"sync=periodic:3600,cache_ttl_s=600",0,16,t5_r015,0.0,,0.0,False
"sync=periodic:3600,cache_ttl_s=600",0,17,t4_r000,0.6667,,172800.0,True
"sync=periodic:3600,cache_ttl_s=600",0,18,t4_r022,0.8,,300.0,False
"sync=periodic:3600,cache_ttl_s=600",0,19,t4_r026,0.8,,3600.0,False
"sync=periodic:3600,cache_ttl_s=600",0,20,t4_r015,0.8,,900.0,False
"sync=periodic:3600,cache_ttl_s=600",0,21,t1_r009,0.0,,0.0,False
"sync=periodic:3600,cache_ttl_s=600",0,22,t4_r023,0.6667,,172800.0,True
"sync=periodic:3600,cache_ttl_s=600",0,23,t2_r028,0.8,,1800.0,False
"sync=periodic:3600,cache_ttl_s=600",0,24,t2_r012,0.8,,3600.0,False
"sync=periodic:3600,cache_ttl_s=600",0,25,t2_r019,0.8,,1800.0,False
"sync=periodic:3600,cache_ttl_s=600",0,26,t4_r013,0.6,,1800.0,False
"sync=periodic:3600,cache_ttl_s=600",0,27,t5_r015,0.0,,0.0,False
"sync=periodic:3600,cache_ttl_s=600",0,28,t4_r028,0.0,,0.0,False
"sync=periodic:3600,cache_ttl_s=600",0,29,t3_r023,0.8,,1800.0,False
"sync=periodic:3600,cache_ttl_s=600",0,30,t5_r026,0.0,,0.0,False
"sync=periodic:3600,cache_ttl_s=600",0,31,t4_r002,0.6667,,172800.0,True
"sync=periodic:3600,cache_ttl_s=600",0,32,t3_r002,0.8,,900.0,False
"sync=periodic:3600,cache_ttl_s=600",0,33,t5_r012,0.8,,172800.0,True
"sync=periodic:3600,cache_ttl_s=600",0,34,t4_r016,0.8,,3600.0,False
"sync=periodic:3600,cache_ttl_s=600",0,35,t5_r018,0.8,,172800.0,True
"sync=periodic:3600,cache_ttl_s=600",0,36,t5_r026,0.8,,3600.0,False
"sync=periodic:3600,cache_ttl_s=600",0,37,t4_r018,0.8,,900.0,False
"sync=periodic:3600,cache_ttl_s=600",0,38,t2_r013,0.8,,900.0,False
"sync=periodic:3600,cache_ttl_s=600",0,39,t4_r002,0.6667,,172800.0,True
"sync=periodic:3600,cache_ttl_s=600",1,0,t3_r008,0.8,,172800.0,True
"sync=periodic:3600,cache_ttl_s=600",1,1,t1_r000,0.8,,172800.0,True
"sync=periodic:3600,cache_ttl_s=600",1,2,t1_r015,0.0,,0.0,False
"sync=periodic:3600,cache_ttl_s=600",1,3,t4_r018,0.8,,1800.0,False
"sync=periodic:3600,cache_ttl_s=600",1,4,t5_r006,0.0,,0.0,False
"sync=periodic:3600,cache_ttl_s=600",1,5,t3_r019,1.0,,172800.0,True
"sync=periodic:3600,cache_ttl_s=600",1,6,t3_r004,0.8333,,900.0,False
"sync=periodic:3600,cache_ttl_s=600",1,7,t2_r003,0.0,,0.0,False
"sync=periodic:3600,cache_ttl_s=600",1,8,t2_r028,0.8,,3600.0,False
"sync=periodic:3600,cache_ttl_s=600",1,9,t2_r026,0.6,,900.0,False
"sync=periodic:3600,cache_ttl_s=600",1,10,t4_r003,0.8,,172800.0,True
"sync=periodic:3600,cache_ttl_s=600",1,11,t3_r014,0.8,,172800.0,True
"sync=periodic:3600,cache_ttl_s=600",1,12,t1_r021,0.8333,,3600.0,False
"sync=periodic:3600,cache_ttl_s=600",1,13,t1_r023,0.8,,1800.0,False
"sync=periodic:3600,cache_ttl_s=600",1,14,t3_r007,0.6,,900.0,False
"sync=periodic:3600,cache_ttl_s=600",1,15,t2_r014,0.0,,0.0,False
"sync=periodic:3600,cache_ttl_s=600",1,16,t5_r001,0.0,,0.0,False
"sync=periodic:3600,cache_ttl_s=600",1,17,t3_r000,0.8333,,900.0,False
"sync=periodic:3600,cache_ttl_s=600",1,18,t1_r013,0.0,,0.0,False
"sync=periodic:3600,cache_ttl_s=600",1,19,t4_r019,0.8333,,172800.0,True
"sync=periodic:3600,cache_ttl_s=600",1,20,t3_r024,0.6,,172800.0,True
"sync=periodic:3600,cache_ttl_s=600",1,21,t5_r018,0.8,,172800.0,True
"sync=periodic:3600,cache_ttl_s=600",1,22,t3_r021,1.0,,172800.0,True
"sync=periodic:3600,cache_ttl_s=600",1,23,t4_r024,0.0,,0.0,False
"sync=periodic:3600,cache_ttl_s=600",1,24,t3_r001,0.8,,172800.0,True
"sync=periodic:3600,cache_ttl_s=600",1,25,t3_r024,0.6,,172800.0,True
"sync=periodic:3600,cache_ttl_s=600",1,26,t5_r000,0.6667,,172800.0,True
"sync=periodic:3600,cache_ttl_s=600",1,27,t5_r026,0.8,,172800.0,True
"sync=periodic:3600,cache_ttl_s=600",1,28,t3_r014,0.8,,172800.0,True
"sync=periodic:3600,cache_ttl_s=600",1,29,t1_r001,0.8333,,3600.0,False
"sync=periodic:3600,cache_ttl_s=600",1,30,t4_r011,0.0,,0.0,False
"sync=periodic:3600,cache_ttl_s=600",1,31,t4_r016,0.8,,3600.0,False
"sync=periodic:3600,cache_ttl_s=600",1,32,t4_r019,0.8333,,172800.0,True
"sync=periodic:3600,cache_ttl_s=600",1,33,t2_r018,0.6667,,172800.0,True
"sync=periodic:3600,cache_ttl_s=600",1,34,t4_r007,0.0,,0.0,False
"sync=periodic:3600,cache_ttl_s=600",1,35,t2_r004,0.8,,900.0,False
"sync=periodic:3600,cache_ttl_s=600",1,36,t4_r006,0.0,,0.0,False
"sync=periodic:3600,cache_ttl_s=600",1,37,t3_r029,0.8,,172800.0,True
"sync=periodic:3600,cache_ttl_s=600",1,38,t1_r006,0.8,,172800.0,True
"sync=periodic:3600,cache_ttl_s=600",1,39,t5_r026,0.0,,0.0,False
"sync=periodic:3600,cache_ttl_s=600",2,0,t2_r013,0.8,,300.0,False
"sync=periodic:3600,cache_ttl_s=600",2,1,t3_r022,0.8,,172800.0,True
"sync=periodic:3600,cache_ttl_s=600",2,2,t3_r005,0.8,,172800.0,True
"sync=periodic:3600,cache_ttl_s=600",2,3,t2_r016,0.6667,,172800.0,True
"sync=periodic:3600,cache_ttl_s=600",2,4,t3_r001,0.8,,172800.0,True
"sync=periodic:3600,cache_ttl_s=600",2,5,t5_r012,0.8,,172800.0,True
"sync=periodic:3600,cache_ttl_s=600",2,6,t5_r002,0.6,,3600.0,False
"sync=periodic:3600,cache_ttl_s=600",2,7,t4_r013,0.6,,1800.0,False
"sync=periodic:3600,cache_ttl_s=600",2,8,t1_r014,0.0,,0.0,False
"sync=periodic:3600,cache_ttl_s=600",2,9,t4_r015,0.8,,1800.0,False
"sync=periodic:3600,cache_ttl_s=600",2,10,t4_r011,0.0,,0.0,False
"sync=periodic:3600,cache_ttl_s=600",2,11,t2_r002,0.0,,0.0,False
"sync=periodic:3600,cache_ttl_s=600",2,12,t1_r027,0.0,,0.0,False
"sync=periodic:3600,cache_ttl_s=600",2,13,t5_r005,0.8,,172800.0,True
"sync=periodic:3600,cache_ttl_s=600",2,14,t5_r014,0.8,,172800.0,True
"sync=periodic:3600,cache_ttl_s=600",2,15,t5_r003,0.8,,172800.0,True
"sync=periodic:3600,cache_ttl_s=600",2,16,t1_r013,0.0,,0.0,False
"sync=periodic:3600,cache_ttl_s=600",2,17,t2_r022,0.8,,1800.0,False
"sync=periodic:3600,cache_ttl_s=600",2,18,t5_r022,0.8,,172800.0,True
"sync=periodic:3600,cache_ttl_s=600",2,19,t1_r022,0.8,,3600.0,False
"sync=periodic:3600,cache_ttl_s=600",2,20,t5_r008,0.0,,0.0,False
"sync=periodic:3600,cache_ttl_s=600",2,21,t1_r025,0.8,,1800.0,False
"sync=periodic:3600,cache_ttl_s=600",2,22,t5_r029,0.8,,172800.0,True
"sync=periodic:3600,cache_ttl_s=600",2,23,t5_r007,0.8,,172800.0,True
"sync=periodic:3600,cache_ttl_s=600",2,24,t4_r024,0.0,,0.0,False
"sync=periodic:3600,cache_ttl_s=600",2,25,t4_r019,0.8333,,1800.0,False
"sync=periodic:3600,cache_ttl_s=600",2,26,t4_r016,0.8,,1800.0,False
"sync=periodic:3600,cache_ttl_s=600",2,27,t1_r029,0.0,,0.0,False
"sync=periodic:3600,cache_ttl_s=600",2,28,t2_r008,0.6,,3600.0,False
"sync=periodic:3600,cache_ttl_s=600",2,29,t1_r014,0.0,,0.0,False
"sync=periodic:3600,cache_ttl_s=600",2,30,t4_r008,0.6667,,172800.0,True
"sync=periodic:3600,cache_ttl_s=600",2,31,t5_r021,0.8,,172800.0,True
"sync=periodic:3600,cache_ttl_s=600",2,32,t5_r025,0.0,,0.0,False
"sync=periodic:3600,cache_ttl_s=600",2,33,t3_r008,0.8,,172800.0,True
"sync=periodic:3600,cache_ttl_s=600",2,34,t4_r011,0.0,,0.0,False
"sync=periodic:3600,cache_ttl_s=600",2,35,t3_r011,0.0,,0.0,False
"sync=periodic:3600,cache_ttl_s=600",2,36,t5_r009,1.0,,172800.0,True
"sync=periodic:3600,cache_ttl_s=600",2,37,t3_r029,0.8,,1800.0,False
"sync=periodic:3600,cache_ttl_s=600",2,38,t4_r004,0.0,,0.0,False
"sync=periodic:3600,cache_ttl_s=600",2,39,t2_r006,0.6667,,172800.0,True
"sync=periodic:3600,cache_ttl_s=600",3,0,t4_r022,0.8,,1800.0,False
"sync=periodic:3600,cache_ttl_s=600",3,1,t4_r028,0.0,,0.0,False
"sync=periodic:3600,cache_ttl_s=600",3,2,t1_r028,0.0,,0.0,False
"sync=periodic:3600,cache_ttl_s=600",3,3,t5_r013,0.8,,172800.0,True
"sync=periodic:3600,cache_ttl_s=600",3,4,t2_r008,0.6,,3600.0,False
"sync=periodic:3600,cache_ttl_s=600",3,5,t1_r029,0.0,,0.0,False
"sync=periodic:3600,cache_ttl_s=600",3,6,t1_r016,0.8,,172800.0,True
"sync=periodic:3600,cache_ttl_s=600",3,7,t4_r008,0.6667,,172800.0,True
"sync=periodic:3600,cache_ttl_s=600",3,8,t5_r023,0.8,,172800.0,True
"sync=periodic:3600,cache_ttl_s=600",3,9,t4_r015,0.8,,300.0,False
"sync=periodic:3600,cache_ttl_s=600",3,10,t2_r018,0.6667,,172800.0,True
"sync=periodic:3600,cache_ttl_s=600",3,11,t4_r020,0.0,,0.0,False
"sync=periodic:3600,cache_ttl_s=600",3,12,t4_r002,0.6667,,172800.0,True
"sync=periodic:3600,cache_ttl_s=600",3,13,t2_r029,0.8,,172800.0,True
"sync=periodic:3600,cache_ttl_s=600",3,14,t5_r019,0.8,,3600.0,False
"sync=periodic:3600,cache_ttl_s=600",3,15,t1_r009,0.0,,0.0,False
"sync=periodic:3600,cache_ttl_s=600",3,16,t3_r004,0.6667,,300.0,False
"sync=periodic:3600,cache_ttl_s=600",3,17,t5_r001,0.6,,1800.0,False
"sync=periodic:3600,cache_ttl_s=600",3,18,t5_r020,0.8,,900.0,False
"sync=periodic:3600,cache_ttl_s=600",3,19,t2_r001,0.6667,,172800.0,True
"sync=periodic:3600,cache_ttl_s=600",3,20,t2_r021,0.8,,3600.0,False
"sync=periodic:3600,cache_ttl_s=600",3,21,t3_r028,1.0,,900.0,False
"sync=periodic:3600,cache_ttl_s=600",3,22,t2_r012,0.8,,1800.0,False
"sync=periodic:3600,cache_ttl_s=600",3,23,t4_r005,0.8,,3600.0,False
"sync=periodic:3600,cache_ttl_s=600",3,24,t5_r027,0.8,,3600.0,False
"sync=periodic:3600,cache_ttl_s=600",3,25,t5_r012,0.8,,172800.0,True
"sync=periodic:3600,cache_ttl_s=600",3,26,t5_r009,1.0,,172800.0,True
"sync=periodic:3600,cache_ttl_s=600",3,27,t2_r006,0.6667,,172800.0,True
"sync=periodic:3600,cache_ttl_s=600",3,28,t4_r025,0.8,,172800.0,True
"sync=periodic:3600,cache_ttl_s=600",3,29,t4_r012,0.8,,900.0,False
"sync=periodic:3600,cache_ttl_s=600",3,30,t1_r005,0.0,,0.0,False
"sync=periodic:3600,cache_ttl_s=600",3,31,t5_r023,0.8,,172800.0,True
"sync=periodic:3600,cache_ttl_s=600",3,32,t1_r023,0.8,,900.0,False
"sync=periodic:3600,cache_ttl_s=600",3,33,t3_r013,0.8,,172800.0,True
"sync=periodic:3600,cache_ttl_s=600",3,34,t2_r007,0.0,,0.0,False
"sync=periodic:3600,cache_ttl_s=600",3,35,t1_r023,0.8,,900.0,False
"sync=periodic:3600,cache_ttl_s=600",3,36,t3_r001,0.8,,172800.0,True
"sync=periodic:3600,cache_ttl_s=600",3,37,t1_r026,0.6,,3600.0,False
"sync=periodic:3600,cache_ttl_s=600",3,38,t4_r005,0.8,,3600.0,False
"sync=periodic:3600,cache_ttl_s=600",3,39,t1_r023,0.8,,900.0,False
"sync=periodic:3600,cache_ttl_s=600",4,0,t3_r029,0.8,,3600.0,False
"sync=periodic:3600,cache_ttl_s=600",4,1,t1_r005,0.8,,1800.0,False
"sync=periodic:3600,cache_ttl_s=600",4,2,t4_r027,0.8,,172800.0,True
"sync=periodic:3600,cache_ttl_s=600",4,3,t3_r016,1.0,,172800.0,True
"sync=periodic:3600,cache_ttl_s=600",4,4,t4_r018,0.8,,3600.0,False
"sync=periodic:3600,cache_ttl_s=600",4,5,t5_r020,0.8,,900.0,False
"sync=periodic:3600,cache_ttl_s=600",4,6,t1_r024,0.8,,900.0,False
"sync=periodic:3600,cache_ttl_s=600",4,7,t2_r024,0.8,,900.0,False
"sync=periodic:3600,cache_ttl_s=600",4,8,t2_r028,0.8,,3600.0,False
"sync=periodic:3600,cache_ttl_s=600",4,9,t4_r003,0.8,,172800.0,True
"sync=periodic:3600,cache_ttl_s=600",4,10,t1_r025,0.8,,3600.0,False
"sync=periodic:3600,cache_ttl_s=600",4,11,t2_r016,0.6667,,172800.0,True
"sync=periodic:3600,cache_ttl_s=600",4,12,t3_r002,0.8,,3600.0,False
"sync=periodic:3600,cache_ttl_s=600",4,13,t3_r002,0.8,,3600.0,False
"sync=periodic:3600,cache_ttl_s=600",4,14,t4_r024,0.0,,0.0,False
"sync=periodic:3600,cache_ttl_s=600",4,15,t3_r001,0.8,,172800.0,True
"sync=periodic:3600,cache_ttl_s=600",4,16,t1_r008,0.8,,900.0,False
"sync=periodic:3600,cache_ttl_s=600",4,17,t4_r020,0.0,,0.0,False
"sync=periodic:3600,cache_ttl_s=600",4,18,t3_r021,1.0,,172800.0,True
"sync=periodic:3600,cache_ttl_s=600",4,19,t4_r017,0.8,,3600.0,False
"sync=periodic:3600,cache_ttl_s=600",4,20,t1_r012,0.8,,1800.0,False
"sync=periodic:3600,cache_ttl_s=600",4,21,t4_r003,0.8,,172800.0,True
"sync=periodic:3600,cache_ttl_s=600",4,22,t4_r018,0.8,,900.0,False
"sync=periodic:3600,cache_ttl_s=600",4,23,t3_r001,0.8,,172800.0,True
"sync=periodic:3600,cache_ttl_s=600",4,24,t4_r018,0.8,,3600.0,False
"sync=periodic:3600,cache_ttl_s=600",4,25,t4_r009,0.0,,0.0,False
"sync=periodic:3600,cache_ttl_s=600",4,26,t4_r025,0.8,,172800.0,True
"sync=periodic:3600,cache_ttl_s=600",4,27,t2_r020,0.6667,,172800.0,True
"sync=periodic:3600,cache_ttl_s=600",4,28,t2_r018,0.6667,,172800.0,True
"sync=periodic:3600,cache_ttl_s=600",4,29,t2_r009,0.8,,3600.0,False
"sync=periodic:3600,cache_ttl_s=600",4,30,t3_r016,1.0,,172800.0,True
"sync=periodic:3600,cache_ttl_s=600",4,31,t2_r016,0.6667,,172800.0,True
"sync=periodic:3600,cache_ttl_s=600",4,32,t5_r029,0.8,,172800.0,True
"sync=periodic:3600,cache_ttl_s=600",4,33,t1_r018,0.0,,0.0,False
"sync=periodic:3600,cache_ttl_s=600",4,34,t3_r007,0.6,,3600.0,False
"sync=periodic:3600,cache_ttl_s=600",4,35,t1_r022,0.8,,900.0,False
"sync=periodic:3600,cache_ttl_s=600",4,36,t4_r019,0.8333,,172800.0,True
"sync=periodic:3600,cache_ttl_s=600",4,37,t5_r000,0.6667,,172800.0,True
"sync=periodic:3600,cache_ttl_s=600",4,38,t3_r024,0.6,,172800.0,True
"sync=periodic:3600,cache_ttl_s=600",4,39,t2_r008,0.6,,1800.0,False
"sync=periodic:3600,cache_ttl_s=3600",0,0,t3_r005,0.8,,172800.0,True
"sync=periodic:3600,cache_ttl_s=3600",0,1,t2_r004,0.8,,7200.0,False
"sync=periodic:3600,cache_ttl_s=3600",0,2,t4_r001,1.0,,172800.0,True
"sync=periodic:3600,cache_ttl_s=3600",0,3,t1_r015,0.0,,0.0,False
"sync=periodic:3600,cache_ttl_s=3600",0,4,t2_r016,0.6667,,172800.0,True
"sync=periodic:3600,cache_ttl_s=3600",0,5,t5_r016,0.8,,7200.0,False
"sync=periodic:3600,cache_ttl_s=3600",0,6,t1_r020,1.0,,172800.0,True
"sync=periodic:3600,cache_ttl_s=3600",0,7,t4_r015,0.8,,7200.0,False
"sync=periodic:3600,cache_ttl_s=3600",0,8,t4_r014,1.0,,172800.0,True
"sync=periodic:3600,cache_ttl_s=3600",0,9,t3_r019,1.0,,172800.0,True
"sync=periodic:3600,cache_ttl_s=3600",0,10,t5_r000,0.6667,,172800.0,True
"sync=periodic:3600,cache_ttl_s=3600",0,11,t3_r029,0.8,,172800.0,True
"sync=periodic:3600,cache_ttl_s=3600",0,12,t2_r009,0.8,,7200.0,False
"sync=periodic:3600,cache_ttl_s=3600",0,13,t3_r011,0.8,,7200.0,False
"sync=periodic:3600,cache_ttl_s=3600",0,14,t3_r023,0.8,,3600.0,False
"sync=periodic:3600,cache_ttl_s=3600",0,15,t2_r021,0.0,,0.0,False
"sync=periodic:3600,cache_ttl_s=3600",0,16,t5_r015,0.0,,0.0,False
"sync=periodic:3600,cache_ttl_s=3600",0,17,t4_r000,0.6667,,172800.0,True
"sync=periodic:3600,cache_ttl_s=3600",0,18,t4_r022,0.8,,3600.0,False
"sync=periodic:3600,cache_ttl_s=3600",0,19,t4_r026,0.8,,7200.0,False
"sync=periodic:3600,cache_ttl_s=3600",0,20,t4_r015,0.8,,7200.0,False
"sync=periodic:3600,cache_ttl_s=3600",0,21,t1_r009,0.0,,0.0,False
"sync=periodic:3600,cache_ttl_s=3600",0,22,t4_r023,0.6667,,172800.0,True
"sync=periodic:3600,cache_ttl_s=3600",0,23,t2_r028,0.8,,3600.0,False
"sync=periodic:3600,cache_ttl_s=3600",0,24,t2_r012,0.8,,7200.0,False
"sync=periodic:3600,cache_ttl_s=3600",0,25,t2_r019,0.8,,3600.0,False
"sync=periodic:3600,cache_ttl_s=3600",0,26,t4_r013,0.6,,3600.0,False
"sync=periodic:3600,cache_ttl_s=3600",0,27,t5_r015,0.0,,0.0,False
"sync=periodic:3600,cache_ttl_s=3600",0,28,t4_r028,0.0,,0.0,False
"sync=periodic:3600,cache_ttl_s=3600",0,29,t3_r023,0.8,,3600.0,False
"sync=periodic:3600,cache_ttl_s=3600",0,30,t5_r026,0.0,,0.0,False
"sync=periodic:3600,cache_ttl_s=3600",0,31,t4_r002,0.6667,,172800.0,True
"sync=periodic:3600,cache_ttl_s=3600",0,32,t3_r002,0.8,,7200.0,False
"sync=periodic:3600,cache_ttl_s=3600",0,33,t5_r012,0.8,,172800.0,True
"sync=periodic:3600,cache_ttl_s=3600",0,34,t4_r016,0.8,,3600.0,False
"sync=periodic:3600,cache_ttl_s=3600",0,35,t5_r018,0.8,,172800.0,True
"sync=periodic:3600,cache_ttl_s=3600",0,36,t5_r026,0.8,,7200.0,False
"sync=periodic:3600,cache_ttl_s=3600",0,37,t4_r018,0.8,,7200.0,False
"sync=periodic:3600,cache_ttl_s=3600",0,38,t2_r013,0.8,,7200.0,False
"sync=periodic:3600,cache_ttl_s=3600",0,39,t4_r002,0.6667,,172800.0,True
"sync=periodic:3600,cache_ttl_s=3600",1,0,t3_r008,0.8,,172800.0,True
"sync=periodic:3600,cache_ttl_s=3600",1,1,t1_r000,0.8,,172800.0,True
"sync=periodic:3600,cache_ttl_s=3600",1,2,t1_r015,0.0,,0.0,False
"sync=periodic:3600,cache_ttl_s=3600",1,3,t4_r018,0.8,,7200.0,False
"sync=periodic:3600,cache_ttl_s=3600",1,4,t5_r006,0.0,,0.0,False
"sync=periodic:3600,cache_ttl_s=3600",1,5,t3_r019,1.0,,172800.0,True
"sync=periodic:3600,cache_ttl_s=3600",1,6,t3_r004,0.8333,,7200.0,False
"sync=periodic:3600,cache_ttl_s=3600",1,7,t2_r003,0.0,,0.0,False
"sync=periodic:3600,cache_ttl_s=3600",1,8,t2_r028,0.8,,3600.0,False
"sync=periodic:3600,cache_ttl_s=3600",1,9,t2_r026,0.6,,7200.0,False
"sync=periodic:3600,cache_ttl_s=3600",1,10,t4_r003,0.8,,172800.0,True
"sync=periodic:3600,cache_ttl_s=3600",1,11,t3_r014,0.8,,172800.0,True
"sync=periodic:3600,cache_ttl_s=3600",1,12,t1_r021,0.8333,,7200.0,False
"sync=periodic:3600,cache_ttl_s=3600",1,13,t1_r023,0.8,,3600.0,False
"sync=periodic:3600,cache_ttl_s=3600",1,14,t3_r007,0.6,,7200.0,False
"sync=periodic:3600,cache_ttl_s=3600",1,15,t2_r014,0.0,,0.0,False
"sync=periodic:3600,cache_ttl_s=3600",1,16,t5_r001,0.0,,0.0,False
"sync=periodic:3600,cache_ttl_s=3600",1,17,t3_r000,0.8333,,7200.0,False
"sync=periodic:3600,cache_ttl_s=3600",1,18,t1_r013,0.0,,0.0,False
"sync=periodic:3600,cache_ttl_s=3600",1,19,t4_r019,0.8333,,172800.0,True
"sync=periodic:3600,cache_ttl_s=3600",1,20,t3_r024,0.6,,172800.0,True
"sync=periodic:3600,cache_ttl_s=3600",1,21,t5_r018,0.8,,172800.0,True
"sync=periodic:3600,cache_ttl_s=3600",1,22,t3_r021,1.0,,172800.0,True
"sync=periodic:3600,cache_ttl_s=3600",1,23,t4_r024,0.0,,0.0,False
"sync=periodic:3600,cache_ttl_s=3600",1,24,t3_r001,0.8,,172800.0,True
"sync=periodic:3600,cache_ttl_s=3600",1,25,t3_r024,0.6,,172800.0,True
"sync=periodic:3600,cache_ttl_s=3600",1,26,t5_r000,0.6667,,172800.0,True
"sync=periodic:3600,cache_ttl_s=3600",1,27,t5_r026,0.8,,172800.0,True
"sync=periodic:3600,cache_ttl_s=3600",1,28,t3_r014,0.8,,172800.0,True
"sync=periodic:3600,cache_ttl_s=3600",1,29,t1_r001,0.8333,,7200.0,False
"sync=periodic:3600,cache_ttl_s=3600",1,30,t4_r011,0.0,,0.0,False
"sync=periodic:3600,cache_ttl_s=3600",1,31,t4_r016,0.8,,3600.0,False
"sync=periodic:3600,cache_ttl_s=3600",1,32,t4_r019,0.8333,,172800.0,True
"sync=periodic:3600,cache_ttl_s=3600",1,33,t2_r018,0.6667,,172800.0,True
"sync=periodic:3600,cache_ttl_s=3600",1,34,t4_r007,0.0,,0.0,False
"sync=periodic:3600,cache_ttl_s=3600",1,35,t2_r004,0.8,,7200.0,False
"sync=periodic:3600,cache_ttl_s=3600",1,36,t4_r006,0.0,,0.0,False
"sync=periodic:3600,cache_ttl_s=3600",1,37,t3_r029,0.8,,172800.0,True
"sync=periodic:3600,cache_ttl_s=3600",1,38,t1_r006,0.8,,172800.0,True
"sync=periodic:3600,cache_ttl_s=3600",1,39,t5_r026,0.0,,0.0,False
"sync=periodic:3600,cache_ttl_s=3600",2,0,t2_r013,0.8,,3600.0,False
"sync=periodic:3600,cache_ttl_s=3600",2,1,t3_r022,0.8,,172800.0,True
"sync=periodic:3600,cache_ttl_s=3600",2,2,t3_r005,0.8,,172800.0,True
"sync=periodic:3600,cache_ttl_s=3600",2,3,t2_r016,0.6667,,172800.0,True
"sync=periodic:3600,cache_ttl_s=3600",2,4,t3_r001,0.8,,172800.0,True
"sync=periodic:3600,cache_ttl_s=3600",2,5,t5_r012,0.8,,172800.0,True
"sync=periodic:3600,cache_ttl_s=3600",2,6,t5_r002,0.6,,7200.0,False
"sync=periodic:3600,cache_ttl_s=3600",2,7,t4_r013,0.6,,3600.0,False
"sync=periodic:3600,cache_ttl_s=3600",2,8,t1_r014,0.0,,0.0,False
"sync=periodic:3600,cache_ttl_s=3600",2,9,t4_r015,0.8,,7200.0,False
"sync=periodic:3600,cache_ttl_s=3600",2,10,t4_r011,0.0,,0.0,False
"sync=periodic:3600,cache_ttl_s=3600",2,11,t2_r002,0.0,,0.0,False
"sync=periodic:3600,cache_ttl_s=3600",2,12,t1_r027,0.0,,0.0,False
"sync=periodic:3600,cache_ttl_s=3600",2,13,t5_r005,0.8,,172800.0,True
"sync=periodic:3600,cache_ttl_s=3600",2,14,t5_r014,0.8,,172800.0,True
"sync=periodic:3600,cache_ttl_s=3600",2,15,t5_r003,0.8,,172800.0,True
"sync=periodic:3600,cache_ttl_s=3600",2,16,t1_r013,0.0,,0.0,False
"sync=periodic:3600,cache_ttl_s=3600",2,17,t2_r022,0.8,,7200.0,False
"sync=periodic:3600,cache_ttl_s=3600",2,18,t5_r022,0.8,,172800.0,True
"sync=periodic:3600,cache_ttl_s=3600",2,19,t1_r022,0.8,,7200.0,False
"sync=periodic:3600,cache_ttl_s=3600",2,20,t5_r008,0.0,,0.0,False
"sync=periodic:3600,cache_ttl_s=3600",2,21,t1_r025,0.8,,7200.0,False
"sync=periodic:3600,cache_ttl_s=3600",2,22,t5_r029,0.8,,172800.0,True
"sync=periodic:3600,cache_ttl_s=3600",2,23,t5_r007,0.8,,172800.0,True
"sync=periodic:3600,cache_ttl_s=3600",2,24,t4_r024,0.0,,0.0,False
"sync=periodic:3600,cache_ttl_s=3600",2,25,t4_r019,0.8333,,7200.0,False
"sync=periodic:3600,cache_ttl_s=3600",2,26,t4_r016,0.8,,3600.0,False
"sync=periodic:3600,cache_ttl_s=3600",2,27,t1_r029,0.0,,0.0,False
"sync=periodic:3600,cache_ttl_s=3600",2,28,t2_r008,0.6,,7200.0,False
"sync=periodic:3600,cache_ttl_s=3600",2,29,t1_r014,0.0,,0.0,False
"sync=periodic:3600,cache_ttl_s=3600",2,30,t4_r008,0.6667,,172800.0,True
"sync=periodic:3600,cache_ttl_s=3600",2,31,t5_r021,0.8,,172800.0,True
"sync=periodic:3600,cache_ttl_s=3600",2,32,t5_r025,0.0,,0.0,False
"sync=periodic:3600,cache_ttl_s=3600",2,33,t3_r008,0.8,,172800.0,True
"sync=periodic:3600,cache_ttl_s=3600",2,34,t4_r011,0.0,,0.0,False
"sync=periodic:3600,cache_ttl_s=3600",2,35,t3_r011,0.0,,0.0,False
"sync=periodic:3600,cache_ttl_s=3600",2,36,t5_r009,1.0,,172800.0,True
"sync=periodic:3600,cache_ttl_s=3600",2,37,t3_r029,0.8,,7200.0,False
"sync=periodic:3600,cache_ttl_s=3600",2,38,t4_r004,0.0,,0.0,False
"sync=periodic:3600,cache_ttl_s=3600",2,39,t2_r006,0.6667,,172800.0,True
"sync=periodic:3600,cache_ttl_s=3600",3,0,t4_r022,0.8,,3600.0,False
"sync=periodic:3600,cache_ttl_s=3600",3,1,t4_r028,0.0,,0.0,False
"sync=periodic:3600,cache_ttl_s=3600",3,2,t1_r028,0.0,,0.0,False
"sync=periodic:3600,cache_ttl_s=3600",3,3,t5_r013,0.8,,172800.0,True
"sync=periodic:3600,cache_ttl_s=3600",3,4,t2_r008,0.6,,7200.0,False
"sync=periodic:3600,cache_ttl_s=3600",3,5,t1_r029,0.0,,0.0,False
"sync=periodic:3600,cache_ttl_s=3600",3,6,t1_r016,0.8,,172800.0,True
"sync=periodic:3600,cache_ttl_s=3600",3,7,t4_r008,0.6667,,172800.0,True
"sync=periodic:3600,cache_ttl_s=3600",3,8,t5_r023,0.8,,172800.0,True
"sync=periodic:3600,cache_ttl_s=3600",3,9,t4_r015,0.8,,3600.0,False
"sync=periodic:3600,cache_ttl_s=3600",3,10,t2_r018,0.6667,,172800.0,True
"sync=periodic:3600,cache_ttl_s=3600",3,11,t4_r020,0.0,,0.0,False
"sync=periodic:3600,cache_ttl_s=3600",3,12,t4_r002,0.6667,,172800.0,True
"sync=periodic:3600,cache_ttl_s=3600",3,13,t2_r029,0.8,,172800.0,True
"sync=periodic:3600,cache_ttl_s=3600",3,14,t5_r019,0.8,,7200.0,False
"sync=periodic:3600,cache_ttl_s=3600",3,15,t1_r009,0.0,,0.0,False
"sync=periodic:3600,cache_ttl_s=3600",3,16,t3_r004,0.6667,,3600.0,False
"sync=periodic:3600,cache_ttl_s=3600",3,17,t5_r001,0.6,,7200.0,False
"sync=periodic:3600,cache_ttl_s=3600",3,18,t5_r020,0.8,,3600.0,False
"sync=periodic:3600,cache_ttl_s=3600",3,19,t2_r001,0.6667,,172800.0,True
"sync=periodic:3600,cache_ttl_s=3600",3,20,t2_r021,0.8,,7200.0,False
"sync=periodic:3600,cache_ttl_s=3600",3,21,t3_r028,1.0,,3600.0,False
"sync=periodic:3600,cache_ttl_s=3600",3,22,t2_r012,0.8,,7200.0,False
"sync=periodic:3600,cache_ttl_s=3600",3,23,t4_r005,0.8,,7200.0,False
"sync=periodic:3600,cache_ttl_s=3600",3,24,t5_r027,0.8,,7200.0,False
"sync=periodic:3600,cache_ttl_s=3600",3,25,t5_r012,0.8,,172800.0,True
"sync=periodic:3600,cache_ttl_s=3600",3,26,t5_r009,1.0,,172800.0,True
"sync=periodic:3600,cache_ttl_s=3600",3,27,t2_r006,0.6667,,172800.0,True
"sync=periodic:3600,cache_ttl_s=3600",3,28,t4_r025,0.8,,172800.0,True
"sync=periodic:3600,cache_ttl_s=3600",3,29,t4_r012,0.8,,7200.0,False
"sync=periodic:3600,cache_ttl_s=3600",3,30,t1_r005,0.0,,0.0,False
"sync=periodic:3600,cache_ttl_s=3600",3,31,t5_r023,0.8,,172800.0,True
"sync=periodic:3600,cache_ttl_s=3600",3,32,t1_r023,0.8,,3600.0,False
"sync=periodic:3600,cache_ttl_s=3600",3,33,t3_r013,0.8,,172800.0,True
"sync=periodic:3600,cache_ttl_s=3600",3,34,t2_r007,0.0,,0.0,False
"sync=periodic:3600,cache_ttl_s=3600",3,35,t1_r023,0.8,,3600.0,False
"sync=periodic:3600,cache_ttl_s=3600",3,36,t3_r001,0.8,,172800.0,True
"sync=periodic:3600,cache_ttl_s=3600",3,37,t1_r026,0.6,,7200.0,False
"sync=periodic:3600,cache_ttl_s=3600",3,38,t4_r005,0.8,,7200.0,False
"sync=periodic:3600,cache_ttl_s=3600",3,39,t1_r023,0.8,,3600.0,False
"sync=periodic:3600,cache_ttl_s=3600",4,0,t3_r029,0.8,,7200.0,False
"sync=periodic:3600,cache_ttl_s=3600",4,1,t1_r005,0.8,,7200.0,False
"sync=periodic:3600,cache_ttl_s=3600",4,2,t4_r027,0.8,,172800.0,True
"sync=periodic:3600,cache_ttl_s=3600",4,3,t3_r016,1.0,,172800.0,True
"sync=periodic:3600,cache_ttl_s=3600",4,4,t4_r018,0.8,,7200.0,False
"sync=periodic:3600,cache_ttl_s=3600",4,5,t5_r020,0.8,,3600.0,False
"sync=periodic:3600,cache_ttl_s=3600",4,6,t1_r024,0.8,,7200.0,False
"sync=periodic:3600,cache_ttl_s=3600",4,7,t2_r024,0.8,,7200.0,False
"sync=periodic:3600,cache_ttl_s=3600",4,8,t2_r028,0.8,,3600.0,False
"sync=periodic:3600,cache_ttl_s=3600",4,9,t4_r003,0.8,,172800.0,True
"sync=periodic:3600,cache_ttl_s=3600",4,10,t1_r025,0.8,,7200.0,False
"sync=periodic:3600,cache_ttl_s=3600",4,11,t2_r016,0.6667,,172800.0,True
"sync=periodic:3600,cache_ttl_s=3600",4,12,t3_r002,0.8,,7200.0,False
"sync=periodic:3600,cache_ttl_s=3600",4,13,t3_r002,0.8,,7200.0,False
"sync=periodic:3600,cache_ttl_s=3600",4,14,t4_r024,0.0,,0.0,False
"sync=periodic:3600,cache_ttl_s=3600",4,15,t3_r001,0.8,,172800.0,True
"sync=periodic:3600,cache_ttl_s=3600",4,16,t1_r008,0.8,,7200.0,False
"sync=periodic:3600,cache_ttl_s=3600",4,17,t4_r020,0.0,,0.0,False
"sync=periodic:3600,cache_ttl_s=3600",4,18,t3_r021,1.0,,172800.0,True
"sync=periodic:3600,cache_ttl_s=3600",4,19,t4_r017,0.8,,3600.0,False
"sync=periodic:3600,cache_ttl_s=3600",4,20,t1_r012,0.8,,7200.0,False
"sync=periodic:3600,cache_ttl_s=3600",4,21,t4_r003,0.8,,172800.0,True
"sync=periodic:3600,cache_ttl_s=3600",4,22,t4_r018,0.8,,7200.0,False
"sync=periodic:3600,cache_ttl_s=3600",4,23,t3_r001,0.8,,172800.0,True
"sync=periodic:3600,cache_ttl_s=3600",4,24,t4_r018,0.8,,7200.0,False
"sync=periodic:3600,cache_ttl_s=3600",4,25,t4_r009,0.0,,0.0,False
"sync=periodic:3600,cache_ttl_s=3600",4,26,t4_r025,0.8,,172800.0,True
"sync=periodic:3600,cache_ttl_s=3600",4,27,t2_r020,0.6667,,172800.0,True
"sync=periodic:3600,cache_ttl_s=3600",4,28,t2_r018,0.6667,,172800.0,True
"sync=periodic:3600,cache_ttl_s=3600",4,29,t2_r009,0.8,,7200.0,False
"sync=periodic:3600,cache_ttl_s=3600",4,30,t3_r016,1.0,,172800.0,True
"sync=periodic:3600,cache_ttl_s=3600",4,31,t2_r016,0.6667,,172800.0,True
"sync=periodic:3600,cache_ttl_s=3600",4,32,t5_r029,0.8,,172800.0,True
"sync=periodic:3600,cache_ttl_s=3600",4,33,t1_r018,0.0,,0.0,False
"sync=periodic:3600,cache_ttl_s=3600",4,34,t3_r007,0.6,,7200.0,False
"sync=periodic:3600,cache_ttl_s=3600",4,35,t1_r022,0.8,,7200.0,False
"sync=periodic:3600,cache_ttl_s=3600",4,36,t4_r019,0.8333,,172800.0,True
"sync=periodic:3600,cache_ttl_s=3600",4,37,t5_r000,0.6667,,172800.0,True
"sync=periodic:3600,cache_ttl_s=3600",4,38,t3_r024,0.6,,172800.0,True
"sync=periodic:3600,cache_ttl_s=3600",4,39,t2_r008,0.6,,7200.0,False
"sync=periodic:3600,cache_ttl_s=86400",0,0,t3_r005,0.8,,172800.0,True
"sync=periodic:3600,cache_ttl_s=86400",0,1,t2_r004,0.8,,129600.0,False
"sync=periodic:3600,cache_ttl_s=86400",0,2,t4_r001,1.0,,172800.0,True
"sync=periodic:3600,cache_ttl_s=86400",0,3,t1_r015,0.0,,0.0,False
"sync=periodic:3600,cache_ttl_s=86400",0,4,t2_r016,0.6667,,172800.0,True
"sync=periodic:3600,cache_ttl_s=86400",0,5,t5_r016,0.8,,129600.0,False
"sync=periodic:3600,cache_ttl_s=86400",0,6,t1_r020,1.0,,172800.0,True
"sync=periodic:3600,cache_ttl_s=86400",0,7,t4_r015,0.8,,129600.0,False
"sync=periodic:3600,cache_ttl_s=86400",0,8,t4_r014,1.0,,172800.0,True
"sync=periodic:3600,cache_ttl_s=86400",0,9,t3_r019,1.0,,172800.0,True
"sync=periodic:3600,cache_ttl_s=86400",0,10,t5_r000,0.6667,,172800.0,True
"sync=periodic:3600,cache_ttl_s=86400",0,11,t3_r029,0.8,,172800.0,True
"sync=periodic:3600,cache_ttl_s=86400",0,12,t2_r009,0.8,,129600.0,False
"sync=periodic:3600,cache_ttl_s=86400",0,13,t3_r011,0.8,,129600.0,False
"sync=periodic:3600,cache_ttl_s=86400",0,14,t3_r023,0.8,,86400.0,False
"sync=periodic:3600,cache_ttl_s=86400",0,15,t2_r021,0.0,,0.0,False
"sync=periodic:3600,cache_ttl_s=86400",0,16,t5_r015,0.0,,0.0,False
"sync=periodic:3600,cache_ttl_s=86400",0,17,t4_r000,0.6667,,172800.0,True
"sync=periodic:3600,cache_ttl_s=86400",0,18,t4_r022,0.8,,86400.0,False
"sync=periodic:3600,cache_ttl_s=86400",0,19,t4_r026,0.8,,129600.0,False
"sync=periodic:3600,cache_ttl_s=86400",0,20,t4_r015,0.8,,129600.0,False
"sync=periodic:3600,cache_ttl_s=86400",0,21,t1_r009,0.0,,0.0,False
"sync=periodic:3600,cache_ttl_s=86400",0,22,t4_r023,0.6667,,172800.0,True
"sync=periodic:3600,cache_ttl_s=86400",0,23,t2_r028,0.8,,86400.0,False
"sync=periodic:3600,cache_ttl_s=86400",0,24,t2_r012,0.8,,129600.0,False
"sync=periodic:3600,cache_ttl_s=86400",0,25,t2_r019,0.8,,86400.0,False
"sync=periodic:3600,cache_ttl_s=86400",0,26,t4_r013,0.6,,86400.0,False
"sync=periodic:3600,cache_ttl_s=86400",0,27,t5_r015,0.0,,0.0,False
"sync=periodic:3600,cache_ttl_s=86400",0,28,t4_r028,0.0,,0.0,False
"sync=periodic:3600,cache_ttl_s=86400",0,29,t3_r023,0.8,,86400.0,False
"sync=periodic:3600,cache_ttl_s=86400",0,30,t5_r026,0.0,,0.0,False
"sync=periodic:3600,cache_ttl_s=86400",0,31,t4_r002,0.6667,,172800.0,True
"sync=periodic:3600,cache_ttl_s=86400",0,32,t3_r002,0.8,,129600.0,False
"sync=periodic:3600,cache_ttl_s=86400",0,33,t5_r012,0.8,,172800.0,True
"sync=periodic:3600,cache_ttl_s=86400",0,34,t4_r016,0.8,,86400.0,False
"sync=periodic:3600,cache_ttl_s=86400",0,35,t5_r018,0.8,,172800.0,True
"sync=periodic:3600,cache_ttl_s=86400",0,36,t5_r026,0.8,,129600.0,False
"sync=periodic:3600,cache_ttl_s=86400",0,37,t4_r018,0.8,,129600.0,False
"sync=periodic:3600,cache_ttl_s=86400",0,38,t2_r013,0.8,,129600.0,False
"sync=periodic:3600,cache_ttl_s=86400",0,39,t4_r002,0.6667,,172800.0,True
"sync=periodic:3600,cache_ttl_s=86400",1,0,t3_r008,0.8,,172800.0,True
"sync=periodic:3600,cache_ttl_s=86400",1,1,t1_r000,0.8,,172800.0,True
"sync=periodic:3600,cache_ttl_s=86400",1,2,t1_r015,0.0,,0.0,False
"sync=periodic:3600,cache_ttl_s=86400",1,3,t4_r018,0.8,,129600.0,False
"sync=periodic:3600,cache_ttl_s=86400",1,4,t5_r006,0.0,,0.0,False
"sync=periodic:3600,cache_ttl_s=86400",1,5,t3_r019,1.0,,172800.0,True
"sync=periodic:3600,cache_ttl_s=86400",1,6,t3_r004,0.8333,,129600.0,False
"sync=periodic:3600,cache_ttl_s=86400",1,7,t2_r003,0.0,,0.0,False
"sync=periodic:3600,cache_ttl_s=86400",1,8,t2_r028,0.8,,86400.0,False
"sync=periodic:3600,cache_ttl_s=86400",1,9,t2_r026,0.6,,129600.0,False
"sync=periodic:3600,cache_ttl_s=86400",1,10,t4_r003,0.8,,172800.0,True
"sync=periodic:3600,cache_ttl_s=86400",1,11,t3_r014,0.8,,172800.0,True
"sync=periodic:3600,cache_ttl_s=86400",1,12,t1_r021,0.8333,,129600.0,False
"sync=periodic:3600,cache_ttl_s=86400",1,13,t1_r023,0.8,,86400.0,False
"sync=periodic:3600,cache_ttl_s=86400",1,14,t3_r007,0.6,,129600.0,False
"sync=periodic:3600,cache_ttl_s=86400",1,15,t2_r014,0.0,,0.0,False
"sync=periodic:3600,cache_ttl_s=86400",1,16,t5_r001,0.0,,0.0,False
"sync=periodic:3600,cache_ttl_s=86400",1,17,t3_r000,0.8333,,129600.0,False
"sync=periodic:3600,cache_ttl_s=86400",1,18,t1_r013,0.0,,0.0,False
"sync=periodic:3600,cache_ttl_s=86400",1,19,t4_r019,0.8333,,172800.0,True
"sync=periodic:3600,cache_ttl_s=86400",1,20,t3_r024,0.6,,172800.0,True
"sync=periodic:3600,cache_ttl_s=86400",1,21,t5_r018,0.8,,172800.0,True
"sync=periodic:3600,cache_ttl_s=86400",1,22,t3_r021,1.0,,172800.0,True
"sync=periodic:3600,cache_ttl_s=86400",1,23,t4_r024,0.0,,0.0,False
"sync=periodic:3600,cache_ttl_s=86400",1,24,t3_r001,0.8,,172800.0,True
"sync=periodic:3600,cache_ttl_s=86400",1,25,t3_r024,0.6,,172800.0,True
"sync=periodic:3600,cache_ttl_s=86400",1,26,t5_r000,0.6667,,172800.0,True
"sync=periodic:3600,cache_ttl_s=86400",1,27,t5_r026,0.8,,172800.0,True
"sync=periodic:3600,cache_ttl_s=86400",1,28,t3_r014,0.8,,172800.0,True
"sync=periodic:3600,cache_ttl_s=86400",1,29,t1_r001,0.8333,,129600.0,False
"sync=periodic:3600,cache_ttl_s=86400",1,30,t4_r011,0.0,,0.0,False
"sync=periodic:3600,cache_ttl_s=86400",1,31,t4_r016,0.8,,86400.0,False
"sync=periodic:3600,cache_ttl_s=86400",1,32,t4_r019,0.8333,,172800.0,True
"sync=periodic:3600,cache_ttl_s=86400",1,33,t2_r018,0.6667,,172800.0,True
"sync=periodic:3600,cache_ttl_s=86400",1,34,t4_r007,0.0,,0.0,False
"sync=periodic:3600,cache_ttl_s=86400",1,35,t2_r004,0.8,,129600.0,False
"sync=periodic:3600,cache_ttl_s=86400",1,36,t4_r006,0.0,,0.0,False
"sync=periodic:3600,cache_ttl_s=86400",1,37,t3_r029,0.8,,172800.0,True
"sync=periodic:3600,cache_ttl_s=86400",1,38,t1_r006,0.8,,172800.0,True
"sync=periodic:3600,cache_ttl_s=86400",1,39,t5_r026,0.0,,0.0,False
"sync=periodic:3600,cache_ttl_s=86400",2,0,t2_r013,0.8,,86400.0,False
"sync=periodic:3600,cache_ttl_s=86400",2,1,t3_r022,0.8,,172800.0,True
"sync=periodic:3600,cache_ttl_s=86400",2,2,t3_r005,0.8,,172800.0,True
"sync=periodic:3600,cache_ttl_s=86400",2,3,t2_r016,0.6667,,172800.0,True
"sync=periodic:3600,cache_ttl_s=86400",2,4,t3_r001,0.8,,172800.0,True
"sync=periodic:3600,cache_ttl_s=86400",2,5,t5_r012,0.8,,172800.0,True
"sync=periodic:3600,cache_ttl_s=86400",2,6,t5_r002,0.6,,129600.0,False
"sync=periodic:3600,cache_ttl_s=86400",2,7,t4_r013,0.6,,86400.0,False
"sync=periodic:3600,cache_ttl_s=86400",2,8,t1_r014,0.0,,0.0,False
"sync=periodic:3600,cache_ttl_s=86400",2,9,t4_r015,0.8,,129600.0,False
"sync=periodic:3600,cache_ttl_s=86400",2,10,t4_r011,0.0,,0.0,False
"sync=periodic:3600,cache_ttl_s=86400",2,11,t2_r002,0.0,,0.0,False
"sync=periodic:3600,cache_ttl_s=86400",2,12,t1_r027,0.0,,0.0,False
"sync=periodic:3600,cache_ttl_s=86400",2,13,t5_r005,0.8,,172800.0,True
"sync=periodic:3600,cache_ttl_s=86400",2,14,t5_r014,0.8,,172800.0,True
"sync=periodic:3600,cache_ttl_s=86400",2,15,t5_r003,0.8,,172800.0,True
"sync=periodic:3600,cache_ttl_s=86400",2,16,t1_r013,0.0,,0.0,False
"sync=periodic:3600,cache_ttl_s=86400",2,17,t2_r022,0.8,,129600.0,False
"sync=periodic:3600,cache_ttl_s=86400",2,18,t5_r022,0.8,,172800.0,True
"sync=periodic:3600,cache_ttl_s=86400",2,19,t1_r022,0.8,,129600.0,False
"sync=periodic:3600,cache_ttl_s=86400",2,20,t5_r008,0.0,,0.0,False
"sync=periodic:3600,cache_ttl_s=86400",2,21,t1_r025,0.8,,129600.0,False
"sync=periodic:3600,cache_ttl_s=86400",2,22,t5_r029,0.8,,172800.0,True
"sync=periodic:3600,cache_ttl_s=86400",2,23,t5_r007,0.8,,172800.0,True
"sync=periodic:3600,cache_ttl_s=86400",2,24,t4_r024,0.0,,0.0,False
"sync=periodic:3600,cache_ttl_s=86400",2,25,t4_r019,0.8333,,129600.0,False
"sync=periodic:3600,cache_ttl_s=86400",2,26,t4_r016,0.8,,86400.0,False
"sync=periodic:3600,cache_ttl_s=86400",2,27,t1_r029,0.0,,0.0,False
"sync=periodic:3600,cache_ttl_s=86400",2,28,t2_r008,0.6,,129600.0,False
"sync=periodic:3600,cache_ttl_s=86400",2,29,t1_r014,0.0,,0.0,False
"sync=periodic:3600,cache_ttl_s=86400",2,30,t4_r008,0.6667,,172800.0,True
"sync=periodic:3600,cache_ttl_s=86400",2,31,t5_r021,0.8,,172800.0,True
"sync=periodic:3600,cache_ttl_s=86400",2,32,t5_r025,0.0,,0.0,False
"sync=periodic:3600,cache_ttl_s=86400",2,33,t3_r008,0.8,,172800.0,True
"sync=periodic:3600,cache_ttl_s=86400",2,34,t4_r011,0.0,,0.0,False
"sync=periodic:3600,cache_ttl_s=86400",2,35,t3_r011,0.0,,0.0,False
"sync=periodic:3600,cache_ttl_s=86400",2,36,t5_r009,1.0,,172800.0,True
"sync=periodic:3600,cache_ttl_s=86400",2,37,t3_r029,0.8,,129600.0,False
"sync=periodic:3600,cache_ttl_s=86400",2,38,t4_r004,0.0,,0.0,False
"sync=periodic:3600,cache_ttl_s=86400",2,39,t2_r006,0.6667,,172800.0,True
"sync=periodic:3600,cache_ttl_s=86400",3,0,t4_r022,0.8,,86400.0,False
"sync=periodic:3600,cache_ttl_s=86400",3,1,t4_r028,0.0,,0.0,False
"sync=periodic:3600,cache_ttl_s=86400",3,2,t1_r028,0.0,,0.0,False
"sync=periodic:3600,cache_ttl_s=86400",3,3,t5_r013,0.8,,172800.0,True
"sync=periodic:3600,cache_ttl_s=86400",3,4,t2_r008,0.6,,129600.0,False
"sync=periodic:3600,cache_ttl_s=86400",3,5,t1_r029,0.0,,0.0,False
"sync=periodic:3600,cache_ttl_s=86400",3,6,t1_r016,0.8,,172800.0,True
"sync=periodic:3600,cache_ttl_s=86400",3,7,t4_r008,0.6667,,172800.0,True
"sync=periodic:3600,cache_ttl_s=86400",3,8,t5_r023,0.8,,172800.0,True
"sync=periodic:3600,cache_ttl_s=86400",3,9,t4_r015,0.8,,86400.0,False
"sync=periodic:3600,cache_ttl_s=86400",3,10,t2_r018,0.6667,,172800.0,True
"sync=periodic:3600,cache_ttl_s=86400",3,11,t4_r020,0.0,,0.0,False
"sync=periodic:3600,cache_ttl_s=86400",3,12,t4_r002,0.6667,,172800.0,True
"sync=periodic:3600,cache_ttl_s=86400",3,13,t2_r029,0.8,,172800.0,True
"sync=periodic:3600,cache_ttl_s=86400",3,14,t5_r019,0.8,,129600.0,False
"sync=periodic:3600,cache_ttl_s=86400",3,15,t1_r009,0.0,,0.0,False
"sync=periodic:3600,cache_ttl_s=86400",3,16,t3_r004,0.6667,,86400.0,False
"sync=periodic:3600,cache_ttl_s=86400",3,17,t5_r001,0.6,,129600.0,False
"sync=periodic:3600,cache_ttl_s=86400",3,18,t5_r020,0.8,,86400.0,False
"sync=periodic:3600,cache_ttl_s=86400",3,19,t2_r001,0.6667,,172800.0,True
"sync=periodic:3600,cache_ttl_s=86400",3,20,t2_r021,0.8,,129600.0,False
"sync=periodic:3600,cache_ttl_s=86400",3,21,t3_r028,1.0,,86400.0,False
"sync=periodic:3600,cache_ttl_s=86400",3,22,t2_r012,0.8,,129600.0,False
"sync=periodic:3600,cache_ttl_s=86400",3,23,t4_r005,0.8,,129600.0,False
"sync=periodic:3600,cache_ttl_s=86400",3,24,t5_r027,0.8,,129600.0,False
"sync=periodic:3600,cache_ttl_s=86400",3,25,t5_r012,0.8,,172800.0,True
"sync=periodic:3600,cache_ttl_s=86400",3,26,t5_r009,1.0,,172800.0,True
"sync=periodic:3600,cache_ttl_s=86400",3,27,t2_r006,0.6667,,172800.0,True
"sync=periodic:3600,cache_ttl_s=86400",3,28,t4_r025,0.8,,172800.0,True
"sync=periodic:3600,cache_ttl_s=86400",3,29,t4_r012,0.8,,129600.0,False
"sync=periodic:3600,cache_ttl_s=86400",3,30,t1_r005,0.0,,0.0,False
"sync=periodic:3600,cache_ttl_s=86400",3,31,t5_r023,0.8,,172800.0,True
"sync=periodic:3600,cache_ttl_s=86400",3,32,t1_r023,0.8,,86400.0,False
"sync=periodic:3600,cache_ttl_s=86400",3,33,t3_r013,0.8,,172800.0,True
"sync=periodic:3600,cache_ttl_s=86400",3,34,t2_r007,0.0,,0.0,False
"sync=periodic:3600,cache_ttl_s=86400",3,35,t1_r023,0.8,,86400.0,False
"sync=periodic:3600,cache_ttl_s=86400",3,36,t3_r001,0.8,,172800.0,True
"sync=periodic:3600,cache_ttl_s=86400",3,37,t1_r026,0.6,,129600.0,False
"sync=periodic:3600,cache_ttl_s=86400",3,38,t4_r005,0.8,,129600.0,False
"sync=periodic:3600,cache_ttl_s=86400",3,39,t1_r023,0.8,,86400.0,False
"sync=periodic:3600,cache_ttl_s=86400",4,0,t3_r029,0.8,,129600.0,False
"sync=periodic:3600,cache_ttl_s=86400",4,1,t1_r005,0.8,,129600.0,False
"sync=periodic:3600,cache_ttl_s=86400",4,2,t4_r027,0.8,,172800.0,True
"sync=periodic:3600,cache_ttl_s=86400",4,3,t3_r016,1.0,,172800.0,True
"sync=periodic:3600,cache_ttl_s=86400",4,4,t4_r018,0.8,,129600.0,False
"sync=periodic:3600,cache_ttl_s=86400",4,5,t5_r020,0.8,,86400.0,False
"sync=periodic:3600,cache_ttl_s=86400",4,6,t1_r024,0.8,,129600.0,False
"sync=periodic:3600,cache_ttl_s=86400",4,7,t2_r024,0.8,,129600.0,False
"sync=periodic:3600,cache_ttl_s=86400",4,8,t2_r028,0.8,,86400.0,False
"sync=periodic:3600,cache_ttl_s=86400",4,9,t4_r003,0.8,,172800.0,True
"sync=periodic:3600,cache_ttl_s=86400",4,10,t1_r025,0.8,,129600.0,False
"sync=periodic:3600,cache_ttl_s=86400",4,11,t2_r016,0.6667,,172800.0,True
"sync=periodic:3600,cache_ttl_s=86400",4,12,t3_r002,0.8,,129600.0,False
"sync=periodic:3600,cache_ttl_s=86400",4,13,t3_r002,0.8,,129600.0,False
"sync=periodic:3600,cache_ttl_s=86400",4,14,t4_r024,0.0,,0.0,False
"sync=periodic:3600,cache_ttl_s=86400",4,15,t3_r001,0.8,,172800.0,True
"sync=periodic:3600,cache_ttl_s=86400",4,16,t1_r008,0.8,,129600.0,False
"sync=periodic:3600,cache_ttl_s=86400",4,17,t4_r020,0.0,,0.0,False
"sync=periodic:3600,cache_ttl_s=86400",4,18,t3_r021,1.0,,172800.0,True
"sync=periodic:3600,cache_ttl_s=86400",4,19,t4_r017,0.8,,86400.0,False
"sync=periodic:3600,cache_ttl_s=86400",4,20,t1_r012,0.8,,129600.0,False
"sync=periodic:3600,cache_ttl_s=86400",4,21,t4_r003,0.8,,172800.0,True
"sync=periodic:3600,cache_ttl_s=86400",4,22,t4_r018,0.8,,129600.0,False
"sync=periodic:3600,cache_ttl_s=86400",4,23,t3_r001,0.8,,172800.0,True
"sync=periodic:3600,cache_ttl_s=86400",4,24,t4_r018,0.8,,129600.0,False
"sync=periodic:3600,cache_ttl_s=86400",4,25,t4_r009,0.0,,0.0,False
"sync=periodic:3600,cache_ttl_s=86400",4,26,t4_r025,0.8,,172800.0,True
"sync=periodic:3600,cache_ttl_s=86400",4,27,t2_r020,0.6667,,172800.0,True
"sync=periodic:3600,cache_ttl_s=86400",4,28,t2_r018,0.6667,,172800.0,True
"sync=periodic:3600,cache_ttl_s=86400",4,29,t2_r009,0.8,,129600.0,False
"sync=periodic:3600,cache_ttl_s=86400",4,30,t3_r016,1.0,,172800.0,True
"sync=periodic:3600,cache_ttl_s=86400",4,31,t2_r016,0.6667,,172800.0,True
"sync=periodic:3600,cache_ttl_s=86400",4,32,t5_r029,0.8,,172800.0,True
"sync=periodic:3600,cache_ttl_s=86400",4,33,t1_r018,0.0,,0.0,False
"sync=periodic:3600,cache_ttl_s=86400",4,34,t3_r007,0.6,,129600.0,False
"sync=periodic:3600,cache_ttl_s=86400",4,35,t1_r022,0.8,,129600.0,False
"sync=periodic:3600,cache_ttl_s=86400",4,36,t4_r019,0.8333,,172800.0,True
"sync=periodic:3600,cache_ttl_s=86400",4,37,t5_r000,0.6667,,172800.0,True
"sync=periodic:3600,cache_ttl_s=86400",4,38,t3_r024,0.6,,172800.0,True
"sync=periodic:3600,cache_ttl_s=86400",4,39,t2_r008,0.6,,129600.0,False
"sync=periodic:86400,cache_ttl_s=600",0,0,t3_r005,0.8,,172800.0,True
"sync=periodic:86400,cache_ttl_s=600",0,1,t2_r004,0.8,,64800.0,False
"sync=periodic:86400,cache_ttl_s=600",0,2,t4_r001,1.0,,172800.0,True
"sync=periodic:86400,cache_ttl_s=600",0,3,t1_r015,0.0,,0.0,False
"sync=periodic:86400,cache_ttl_s=600",0,4,t2_r016,0.6667,,172800.0,True
"sync=periodic:86400,cache_ttl_s=600",0,5,t5_r016,0.8,,21600.0,False
"sync=periodic:86400,cache_ttl_s=600",0,6,t1_r020,1.0,,172800.0,True
"sync=periodic:86400,cache_ttl_s=600",0,7,t4_r015,0.8,,64800.0,False
"sync=periodic:86400,cache_ttl_s=600",0,8,t4_r014,1.0,,172800.0,True
"sync=periodic:86400,cache_ttl_s=600",0,9,t3_r019,1.0,,172800.0,True
"sync=periodic:86400,cache_ttl_s=600",0,10,t5_r000,0.6667,,172800.0,True
"sync=periodic:86400,cache_ttl_s=600",0,11,t3_r029,0.8,,172800.0,True
"sync=periodic:86400,cache_ttl_s=600",0,12,t2_r009,0.8,,21600.0,False
"sync=periodic:86400,cache_ttl_s=600",0,13,t3_r011,0.8,,43200.0,False
"sync=periodic:86400,cache_ttl_s=600",0,14,t3_r023,0.8,,64800.0,False
"sync=periodic:86400,cache_ttl_s=600",0,15,t2_r021,0.8,,14400.0,False
"sync=periodic:86400,cache_ttl_s=600",0,16,t5_r015,0.8,,1800.0,False
"sync=periodic:86400,cache_ttl_s=600",0,17,t4_r000,0.6667,,172800.0,True
"sync=periodic:86400,cache_ttl_s=600",0,18,t4_r022,0.8,,14400.0,False
"sync=periodic:86400,cache_ttl_s=600",0,19,t4_r026,0.8,,64800.0,False
"sync=periodic:86400,cache_ttl_s=600",0,20,t4_r015,0.8,,43200.0,False
"sync=periodic:86400,cache_ttl_s=600",0,21,t1_r009,0.0,,0.0,False
"sync=periodic:86400,cache_ttl_s=600",0,22,t4_r023,0.6667,,172800.0,True
"sync=periodic:86400,cache_ttl_s=600",0,23,t2_r028,0.8,,64800.0,False
"sync=periodic:86400,cache_ttl_s=600",0,24,t2_r012,0.8,,86400.0,False
"sync=periodic:86400,cache_ttl_s=600",0,25,t2_r019,0.8,,64800.0,False
"sync=periodic:86400,cache_ttl_s=600",0,26,t4_r013,0.6,,43200.0,False
"sync=periodic:86400,cache_ttl_s=600",0,27,t5_r015,0.8,,7200.0,False
"sync=periodic:86400,cache_ttl_s=600",0,28,t4_r028,0.0,,0.0,False
"sync=periodic:86400,cache_ttl_s=600",0,29,t3_r023,0.8,,64800.0,False
"sync=periodic:86400,cache_ttl_s=600",0,30,t5_r026,0.8,,172800.0,True
"sync=periodic:86400,cache_ttl_s=600",0,31,t4_r002,0.6667,,172800.0,True
"sync=periodic:86400,cache_ttl_s=600",0,32,t3_r002,0.8,,21600.0,False
"sync=periodic:86400,cache_ttl_s=600",0,33,t5_r012,0.8,,172800.0,True
"sync=periodic:86400,cache_ttl_s=600",0,34,t4_r016,0.8,,86400.0,False
"sync=periodic:86400,cache_ttl_s=600",0,35,t5_r018,0.8,,172800.0,True
"sync=periodic:86400,cache_ttl_s=600",0,36,t5_r026,0.8,,64800.0,False
"sync=periodic:86400,cache_ttl_s=600",0,37,t4_r018,0.8,,21600.0,False
"sync=periodic:86400,cache_ttl_s=600",0,38,t2_r013,0.8,,43200.0,False
"sync=periodic:86400,cache_ttl_s=600",0,39,t4_r002,0.6667,,172800.0,True
"sync=periodic:86400,cache_ttl_s=600",1,0,t3_r008,0.8,,172800.0,True
"sync=periodic:86400,cache_ttl_s=600",1,1,t1_r000,0.8,,172800.0,True
"sync=periodic:86400,cache_ttl_s=600",1,2,t1_r015,0.0,,0.0,False
"sync=periodic:86400,cache_ttl_s=600",1,3,t4_r018,0.8,,64800.0,False
"sync=periodic:86400,cache_ttl_s=600",1,4,t5_r006,0.0,,0.0,False
"sync=periodic:86400,cache_ttl_s=600",1,5,t3_r019,1.0,,172800.0,True
"sync=periodic:86400,cache_ttl_s=600",1,6,t3_r004,0.8333,,21600.0,False
"sync=periodic:86400,cache_ttl_s=600",1,7,t2_r003,0.0,,0.0,False
"sync=periodic:86400,cache_ttl_s=600",1,8,t2_r028,0.8,,86400.0,False
"sync=periodic:86400,cache_ttl_s=600",1,9,t2_r026,0.6,,14400.0,False
"sync=periodic:86400,cache_ttl_s=600",1,10,t4_r003,0.8,,172800.0,True
"sync=periodic:86400,cache_ttl_s=600",1,11,t3_r014,0.8,,172800.0,True
"sync=periodic:86400,cache_ttl_s=600",1,12,t1_r021,0.8333,,86400.0,False
"sync=periodic:86400,cache_ttl_s=600",1,13,t1_r023,0.8,,64800.0,False
"sync=periodic:86400,cache_ttl_s=600",1,14,t3_r007,0.6,,43200.0,False
"sync=periodic:86400,cache_ttl_s=600",1,15,t2_r014,0.0,,0.0,False
"sync=periodic:86400,cache_ttl_s=600",1,16,t5_r001,0.6,,7200.0,False
"sync=periodic:86400,cache_ttl_s=600",1,17,t3_r000,0.8333,,14400.0,False
"sync=periodic:86400,cache_ttl_s=600",1,18,t1_r013,0.0,,0.0,False
"sync=periodic:86400,cache_ttl_s=600",1,19,t4_r019,0.8333,,172800.0,True
"sync=periodic:86400,cache_ttl_s=600",1,20,t3_r024,0.6,,172800.0,True
"sync=periodic:86400,cache_ttl_s=600",1,21,t5_r018,0.8,,172800.0,True
"sync=periodic:86400,cache_ttl_s=600",1,22,t3_r021,1.0,,172800.0,True
"sync=periodic:86400,cache_ttl_s=600",1,23,t4_r024,0.0,,0.0,False
"sync=periodic:86400,cache_ttl_s=600",1,24,t3_r001,0.8,,172800.0,True
"sync=periodic:86400,cache_ttl_s=600",1,25,t3_r024,0.6,,172800.0,True
"sync=periodic:86400,cache_ttl_s=600",1,26,t5_r000,0.6667,,172800.0,True
"sync=periodic:86400,cache_ttl_s=600",1,27,t5_r026,0.8,,172800.0,True
"sync=periodic:86400,cache_ttl_s=600",1,28,t3_r014,0.8,,172800.0,True
"sync=periodic:86400,cache_ttl_s=600",1,29,t1_r001,0.8333,,86400.0,False
"sync=periodic:86400,cache_ttl_s=600",1,30,t4_r011,0.0,,0.0,False
"sync=periodic:86400,cache_ttl_s=600",1,31,t4_r016,0.8,,86400.0,False
"sync=periodic:86400,cache_ttl_s=600",1,32,t4_r019,0.8333,,172800.0,True
"sync=periodic:86400,cache_ttl_s=600",1,33,t2_r018,0.6667,,172800.0,True
"sync=periodic:86400,cache_ttl_s=600",1,34,t4_r007,0.0,,0.0,False
"sync=periodic:86400,cache_ttl_s=600",1,35,t2_r004,0.8,,14400.0,False
"sync=periodic:86400,cache_ttl_s=600",1,36,t4_r006,0.0,,0.0,False
"sync=periodic:86400,cache_ttl_s=600",1,37,t3_r029,0.8,,172800.0,True
"sync=periodic:86400,cache_ttl_s=600",1,38,t1_r006,0.8,,172800.0,True
"sync=periodic:86400,cache_ttl_s=600",1,39,t5_r026,0.8,,172800.0,True
"sync=periodic:86400,cache_ttl_s=600",2,0,t2_r013,0.8,,7200.0,False
"sync=periodic:86400,cache_ttl_s=600",2,1,t3_r022,0.8,,172800.0,True
"sync=periodic:86400,cache_ttl_s=600",2,2,t3_r005,0.8,,172800.0,True
"sync=periodic:86400,cache_ttl_s=600",2,3,t2_r016,0.6667,,172800.0,True
"sync=periodic:86400,cache_ttl_s=600",2,4,t3_r001,0.8,,172800.0,True
"sync=periodic:86400,cache_ttl_s=600",2,5,t5_r012,0.8,,172800.0,True
"sync=periodic:86400,cache_ttl_s=600",2,6,t5_r002,0.6,,64800.0,False
"sync=periodic:86400,cache_ttl_s=600",2,7,t4_r013,0.6,,43200.0,False
"sync=periodic:86400,cache_ttl_s=600",2,8,t1_r014,0.0,,0.0,False
"sync=periodic:86400,cache_ttl_s=600",2,9,t4_r015,0.8,,43200.0,False
"sync=periodic:86400,cache_ttl_s=600",2,10,t4_r011,0.0,,0.0,False
"sync=periodic:86400,cache_ttl_s=600",2,11,t2_r002,0.0,,0.0,False
"sync=periodic:86400,cache_ttl_s=600",2,12,t1_r027,0.0,,0.0,False
"sync=periodic:86400,cache_ttl_s=600",2,13,t5_r005,0.8,,172800.0,True
"sync=periodic:86400,cache_ttl_s=600",2,14,t5_r014,0.8,,172800.0,True
"sync=periodic:86400,cache_ttl_s=600",2,15,t5_r003,0.8,,172800.0,True
"sync=periodic:86400,cache_ttl_s=600",2,16,t1_r013,0.0,,0.0,False
"sync=periodic:86400,cache_ttl_s=600",2,17,t2_r022,0.8,,64800.0,False
"sync=periodic:86400,cache_ttl_s=600",2,18,t5_r022,0.8,,172800.0,True
"sync=periodic:86400,cache_ttl_s=600",2,19,t1_r022,0.8,,86400.0,False
"sync=periodic:86400,cache_ttl_s=600",2,20,t5_r008,0.0,,0.0,False
"sync=periodic:86400,cache_ttl_s=600",2,21,t1_r025,0.8,,64800.0,False
"sync=periodic:86400,cache_ttl_s=600",2,22,t5_r029,0.8,,172800.0,True
"sync=periodic:86400,cache_ttl_s=600",2,23,t5_r007,0.8,,172800.0,True
"sync=periodic:86400,cache_ttl_s=600",2,24,t4_r024,0.0,,0.0,False
"sync=periodic:86400,cache_ttl_s=600",2,25,t4_r019,0.8333,,43200.0,False
"sync=periodic:86400,cache_ttl_s=600",2,26,t4_r016,0.8,,43200.0,False
"sync=periodic:86400,cache_ttl_s=600",2,27,t1_r029,0.0,,0.0,False
"sync=periodic:86400,cache_ttl_s=600",2,28,t2_r008,0.6,,86400.0,False
"sync=periodic:86400,cache_ttl_s=600",2,29,t1_r014,0.0,,0.0,False
"sync=periodic:86400,cache_ttl_s=600",2,30,t4_r008,0.6667,,172800.0,True
"sync=periodic:86400,cache_ttl_s=600",2,31,t5_r021,0.8,,172800.0,True
"sync=periodic:86400,cache_ttl_s=600",2,32,t5_r025,0.0,,0.0,False
"sync=periodic:86400,cache_ttl_s=600",2,33,t3_r008,0.8,,172800.0,True
"sync=periodic:86400,cache_ttl_s=600",2,34,t4_r011,0.0,,0.0,False
"sync=periodic:86400,cache_ttl_s=600",2,35,t3_r011,0.8,,172800.0,True
"sync=periodic:86400,cache_ttl_s=600",2,36,t5_r009,1.0,,172800.0,True
"sync=periodic:86400,cache_ttl_s=600",2,37,t3_r029,0.8,,43200.0,False
"sync=periodic:86400,cache_ttl_s=600",2,38,t4_r004,0.0,,0.0,False
"sync=periodic:86400,cache_ttl_s=600",2,39,t2_r006,0.6667,,172800.0,True
"sync=periodic:86400,cache_ttl_s=600",3,0,t4_r022,0.8,,43200.0,False
"sync=periodic:86400,cache_ttl_s=600",3,1,t4_r028,0.0,,0.0,False
"sync=periodic:86400,cache_ttl_s=600",3,2,t1_r028,0.0,,0.0,False
"sync=periodic:86400,cache_ttl_s=600",3,3,t5_r013,0.8,,172800.0,True
"sync=periodic:86400,cache_ttl_s=600",3,4,t2_r008,0.6,,86400.0,False
"sync=periodic:86400,cache_ttl_s=600",3,5,t1_r029,0.0,,0.0,False
"sync=periodic:86400,cache_ttl_s=600",3,6,t1_r016,0.8,,172800.0,True
"sync=periodic:86400,cache_ttl_s=600",3,7,t4_r008,0.6667,,172800.0,True
"sync=periodic:86400,cache_ttl_s=600",3,8,t5_r023,0.8,,172800.0,True
"sync=periodic:86400,cache_ttl_s=600",3,9,t4_r015,0.8,,300.0,False
"sync=periodic:86400,cache_ttl_s=600",3,10,t2_r018,0.6667,,172800.0,True
"sync=periodic:86400,cache_ttl_s=600",3,11,t4_r020,0.0,,0.0,False
"sync=periodic:86400,cache_ttl_s=600",3,12,t4_r002,0.6667,,172800.0,True
"sync=periodic:86400,cache_ttl_s=600",3,13,t2_r029,0.8,,172800.0,True
"sync=periodic:86400,cache_ttl_s=600",3,14,t5_r019,0.8,,86400.0,False
"sync=periodic:86400,cache_ttl_s=600",3,15,t1_r009,0.0,,0.0,False
"sync=periodic:86400,cache_ttl_s=600",3,16,t3_r004,0.8333,,14400.0,False
"sync=periodic:86400,cache_ttl_s=600",3,17,t5_r001,0.6,,43200.0,False
"sync=periodic:86400,cache_ttl_s=600",3,18,t5_r020,0.8,,43200.0,False
"sync=periodic:86400,cache_ttl_s=600",3,19,t2_r001,0.6667,,172800.0,True
"sync=periodic:86400,cache_ttl_s=600",3,20,t2_r021,0.8,,86400.0,False
"sync=periodic:86400,cache_ttl_s=600",3,21,t3_r028,1.0,,21600.0,False
"sync=periodic:86400,cache_ttl_s=600",3,22,t2_r012,0.8,,43200.0,False
"sync=periodic:86400,cache_ttl_s=600",3,23,t4_r005,0.8,,64800.0,False
"sync=periodic:86400,cache_ttl_s=600",3,24,t5_r027,0.8,,86400.0,False
"sync=periodic:86400,cache_ttl_s=600",3,25,t5_r012,0.8,,172800.0,True
"sync=periodic:86400,cache_ttl_s=600",3,26,t5_r009,1.0,,172800.0,True
"sync=periodic:86400,cache_ttl_s=600",3,27,t2_r006,0.6667,,172800.0,True
"sync=periodic:86400,cache_ttl_s=600",3,28,t4_r025,0.8,,172800.0,True
"sync=periodic:86400,cache_ttl_s=600",3,29,t4_r012,0.8,,43200.0,False
"sync=periodic:86400,cache_ttl_s=600",3,30,t1_r005,0.8,,7200.0,False
"sync=periodic:86400,cache_ttl_s=600",3,31,t5_r023,0.8,,172800.0,True
"sync=periodic:86400,cache_ttl_s=600",3,32,t1_r023,0.8,,21600.0,False
"sync=periodic:86400,cache_ttl_s=600",3,33,t3_r013,0.8,,172800.0,True
"sync=periodic:86400,cache_ttl_s=600",3,34,t2_r007,0.8,,172800.0,True
"sync=periodic:86400,cache_ttl_s=600",3,35,t1_r023,0.8,,14400.0,False
"sync=periodic:86400,cache_ttl_s=600",3,36,t3_r001,0.8,,172800.0,True
"sync=periodic:86400,cache_ttl_s=600",3,37,t1_r026,0.6,,86400.0,False
"sync=periodic:86400,cache_ttl_s=600",3,38,t4_r005,0.8,,86400.0,False
"sync=periodic:86400,cache_ttl_s=600",3,39,t1_r023,0.8,,3600.0,False
"sync=periodic:86400,cache_ttl_s=600",4,0,t3_r029,0.8,,86400.0,False
"sync=periodic:86400,cache_ttl_s=600",4,1,t1_r005,0.8,,64800.0,False
"sync=periodic:86400,cache_ttl_s=600",4,2,t4_r027,0.8,,172800.0,True
"sync=periodic:86400,cache_ttl_s=600",4,3,t3_r016,1.0,,172800.0,True
"sync=periodic:86400,cache_ttl_s=600",4,4,t4_r018,0.8,,64800.0,False
"sync=periodic:86400,cache_ttl_s=600",4,5,t5_r020,0.8,,7200.0,False
"sync=periodic:86400,cache_ttl_s=600",4,6,t1_r024,0.8,,21600.0,False
"sync=periodic:86400,cache_ttl_s=600",4,7,t2_r024,0.8,,21600.0,False
"sync=periodic:86400,cache_ttl_s=600",4,8,t2_r028,0.8,,86400.0,False
"sync=periodic:86400,cache_ttl_s=600",4,9,t4_r003,0.8,,172800.0,True
"sync=periodic:86400,cache_ttl_s=600",4,10,t1_r025,0.8,,64800.0,False
"sync=periodic:86400,cache_ttl_s=600",4,11,t2_r016,0.6667,,172800.0,True
"sync=periodic:86400,cache_ttl_s=600",4,12,t3_r002,0.8,,86400.0,False
"sync=periodic:86400,cache_ttl_s=600",4,13,t3_r002,0.8,,86400.0,False
"sync=periodic:86400,cache_ttl_s=600",4,14,t4_r024,0.0,,0.0,False
"sync=periodic:86400,cache_ttl_s=600",4,15,t3_r001,0.8,,172800.0,True
"sync=periodic:86400,cache_ttl_s=600",4,16,t1_r008,0.8,,21600.0,False
"sync=periodic:86400,cache_ttl_s=600",4,17,t4_r020,0.0,,0.0,False
"sync=periodic:86400,cache_ttl_s=600",4,18,t3_r021,1.0,,172800.0,True
"sync=periodic:86400,cache_ttl_s=600",4,19,t4_r017,0.8,,64800.0,False
"sync=periodic:86400,cache_ttl_s=600",4,20,t1_r012,0.8,,43200.0,False
"sync=periodic:86400,cache_ttl_s=600",4,21,t4_r003,0.8,,172800.0,True
"sync=periodic:86400,cache_ttl_s=600",4,22,t4_r018,0.8,,14400.0,False
"sync=periodic:86400,cache_ttl_s=600",4,23,t3_r001,0.8,,172800.0,True
"sync=periodic:86400,cache_ttl_s=600",4,24,t4_r018,0.8,,86400.0,False
"sync=periodic:86400,cache_ttl_s=600",4,25,t4_r009,0.0,,0.0,False
"sync=periodic:86400,cache_ttl_s=600",4,26,t4_r025,0.8,,172800.0,True
"sync=periodic:86400,cache_ttl_s=600",4,27,t2_r020,0.6667,,172800.0,True
"sync=periodic:86400,cache_ttl_s=600",4,28,t2_r018,0.6667,,172800.0,True
"sync=periodic:86400,cache_ttl_s=600",4,29,t2_r009,0.8,,64800.0,False
"sync=periodic:86400,cache_ttl_s=600",4,30,t3_r016,1.0,,172800.0,True
"sync=periodic:86400,cache_ttl_s=600",4,31,t2_r016,0.6667,,172800.0,True
"sync=periodic:86400,cache_ttl_s=600",4,32,t5_r029,0.8,,172800.0,True
"sync=periodic:86400,cache_ttl_s=600",4,33,t1_r018,0.0,,0.0,False
"sync=periodic:86400,cache_ttl_s=600",4,34,t3_r007,0.6,,64800.0,False
"sync=periodic:86400,cache_ttl_s=600",4,35,t1_r022,0.8,,14400.0,False
"sync=periodic:86400,cache_ttl_s=600",4,36,t4_r019,0.8333,,172800.0,True
"sync=periodic:86400,cache_ttl_s=600",4,37,t5_r000,0.6667,,172800.0,True
"sync=periodic:86400,cache_ttl_s=600",4,38,t3_r024,0.6,,172800.0,True
"sync=periodic:86400,cache_ttl_s=600",4,39,t2_r008,0.6,,43200.0,False
"sync=periodic:86400,cache_ttl_s=3600",0,0,t3_r005,0.8,,172800.0,True
"sync=periodic:86400,cache_ttl_s=3600",0,1,t2_r004,0.8,,64800.0,False
"sync=periodic:86400,cache_ttl_s=3600",0,2,t4_r001,1.0,,172800.0,True
"sync=periodic:86400,cache_ttl_s=3600",0,3,t1_r015,0.0,,0.0,False
"sync=periodic:86400,cache_ttl_s=3600",0,4,t2_r016,0.6667,,172800.0,True
"sync=periodic:86400,cache_ttl_s=3600",0,5,t5_r016,0.8,,21600.0,False
"sync=periodic:86400,cache_ttl_s=3600",0,6,t1_r020,1.0,,172800.0,True
"sync=periodic:86400,cache_ttl_s=3600",0,7,t4_r015,0.8,,64800.0,False
"sync=periodic:86400,cache_ttl_s=3600",0,8,t4_r014,1.0,,172800.0,True
"sync=periodic:86400,cache_ttl_s=3600",0,9,t3_r019,1.0,,172800.0,True
"sync=periodic:86400,cache_ttl_s=3600",0,10,t5_r000,0.6667,,172800.0,True
"sync=periodic:86400,cache_ttl_s=3600",0,11,t3_r029,0.8,,172800.0,True
"sync=periodic:86400,cache_ttl_s=3600",0,12,t2_r009,0.8,,21600.0,False
"sync=periodic:86400,cache_ttl_s=3600",0,13,t3_r011,0.8,,43200.0,False
"sync=periodic:86400,cache_ttl_s=3600",0,14,t3_r023,0.8,,64800.0,False
"sync=periodic:86400,cache_ttl_s=3600",0,15,t2_r021,0.8,,14400.0,False
"sync=periodic:86400,cache_ttl_s=3600",0,16,t5_r015,0.8,,7200.0,False
"sync=periodic:86400,cache_ttl_s=3600",0,17,t4_r000,0.6667,,172800.0,True
"sync=periodic:86400,cache_ttl_s=3600",0,18,t4_r022,0.8,,14400.0,False
"sync=periodic:86400,cache_ttl_s=3600",0,19,t4_r026,0.8,,64800.0,False
"sync=periodic:86400,cache_ttl_s=3600",0,20,t4_r015,0.8,,43200.0,False
"sync=periodic:86400,cache_ttl_s=3600",0,21,t1_r009,0.0,,0.0,False
"sync=periodic:86400,cache_ttl_s=3600",0,22,t4_r023,0.6667,,172800.0,True
"sync=periodic:86400,cache_ttl_s=3600",0,23,t2_r028,0.8,,64800.0,False
"sync=periodic:86400,cache_ttl_s=3600",0,24,t2_r012,0.8,,86400.0,False
"sync=periodic:86400,cache_ttl_s=3600",0,25,t2_r019,0.8,,64800.0,False
"sync=periodic:86400,cache_ttl_s=3600",0,26,t4_r013,0.6,,43200.0,False
"sync=periodic:86400,cache_ttl_s=3600",0,27,t5_r015,0.8,,7200.0,False
"sync=periodic:86400,cache_ttl_s=3600",0,28,t4_r028,0.0,,0.0,False
"sync=periodic:86400,cache_ttl_s=3600",0,29,t3_r023,0.8,,64800.0,False
"sync=periodic:86400,cache_ttl_s=3600",0,30,t5_r026,0.8,,172800.0,True
"sync=periodic:86400,cache_ttl_s=3600",0,31,t4_r002,0.6667,,172800.0,True
"sync=periodic:86400,cache_ttl_s=3600",0,32,t3_r002,0.8,,21600.0,False
"sync=periodic:86400,cache_ttl_s=3600",0,33,t5_r012,0.8,,172800.0,True
"sync=periodic:86400,cache_ttl_s=3600",0,34,t4_r016,0.8,,86400.0,False
"sync=periodic:86400,cache_ttl_s=3600",0,35,t5_r018,0.8,,172800.0,True
"sync=periodic:86400,cache_ttl_s=3600",0,36,t5_r026,0.8,,64800.0,False
"sync=periodic:86400,cache_ttl_s=3600",0,37,t4_r018,0.8,,21600.0,False
"sync=periodic:86400,cache_ttl_s=3600",0,38,t2_r013,0.8,,43200.0,False
"sync=periodic:86400,cache_ttl_s=3600",0,39,t4_r002,0.6667,,172800.0,True
"sync=periodic:86400,cache_ttl_s=3600",1,0,t3_r008,0.8,,172800.0,True
"sync=periodic:86400,cache_ttl_s=3600",1,1,t1_r000,0.8,,172800.0,True
"sync=periodic:86400,cache_ttl_s=3600",1,2,t1_r015,0.0,,0.0,False
"sync=periodic:86400,cache_ttl_s=3600",1,3,t4_r018,0.8,,64800.0,False
"sync=periodic:86400,cache_ttl_s=3600",1,4,t5_r006,0.0,,0.0,False
"sync=periodic:86400,cache_ttl_s=3600",1,5,t3_r019,1.0,,172800.0,True
"sync=periodic:86400,cache_ttl_s=3600",1,6,t3_r004,0.8333,,21600.0,False
"sync=periodic:86400,cache_ttl_s=3600",1,7,t2_r003,0.0,,0.0,False
"sync=periodic:86400,cache_ttl_s=3600",1,8,t2_r028,0.8,,86400.0,False
"sync=periodic:86400,cache_ttl_s=3600",1,9,t2_r026,0.6,,14400.0,False
"sync=periodic:86400,cache_ttl_s=3600",1,10,t4_r003,0.8,,172800.0,True
"sync=periodic:86400,cache_ttl_s=3600",1,11,t3_r014,0.8,,172800.0,True
"sync=periodic:86400,cache_ttl_s=3600",1,12,t1_r021,0.8333,,86400.0,False
"sync=periodic:86400,cache_ttl_s=3600",1,13,t1_r023,0.8,,64800.0,False
"sync=periodic:86400,cache_ttl_s=3600",1,14,t3_r007,0.6,,43200.0,False
"sync=periodic:86400,cache_ttl_s=3600",1,15,t2_r014,0.0,,0.0,False
"sync=periodic:86400,cache_ttl_s=3600",1,16,t5_r001,0.6,,7200.0,False
"sync=periodic:86400,cache_ttl_s=3600",1,17,t3_r000,0.8333,,14400.0,False
"sync=periodic:86400,cache_ttl_s=3600",1,18,t1_r013,0.0,,0.0,False
"sync=periodic:86400,cache_ttl_s=3600",1,19,t4_r019,0.8333,,172800.0,True
"sync=periodic:86400,cache_ttl_s=3600",1,20,t3_r024,0.6,,172800.0,True
"sync=periodic:86400,cache_ttl_s=3600",1,21,t5_r018,0.8,,172800.0,True
"sync=periodic:86400,cache_ttl_s=3600",1,22,t3_r021,1.0,,172800.0,True
"sync=periodic:86400,cache_ttl_s=3600",1,23,t4_r024,0.0,,0.0,False
"sync=periodic:86400,cache_ttl_s=3600",1,24,t3_r001,0.8,,172800.0,True
"sync=periodic:86400,cache_ttl_s=3600",1,25,t3_r024,0.6,,172800.0,True
"sync=periodic:86400,cache_ttl_s=3600",1,26,t5_r000,0.6667,,172800.0,True
"sync=periodic:86400,cache_ttl_s=3600",1,27,t5_r026,0.8,,172800.0,True
"sync=periodic:86400,cache_ttl_s=3600",1,28,t3_r014,0.8,,172800.0,True
"sync=periodic:86400,cache_ttl_s=3600",1,29,t1_r001,0.8333,,86400.0,False
"sync=periodic:86400,cache_ttl_s=3600",1,30,t4_r011,0.0,,0.0,False
"sync=periodic:86400,cache_ttl_s=3600",1,31,t4_r016,0.8,,86400.0,False
"sync=periodic:86400,cache_ttl_s=3600",1,32,t4_r019,0.8333,,172800.0,True
"sync=periodic:86400,cache_ttl_s=3600",1,33,t2_r018,0.6667,,172800.0,True
"sync=periodic:86400,cache_ttl_s=3600",1,34,t4_r007,0.0,,0.0,False
"sync=periodic:86400,cache_ttl_s=3600",1,35,t2_r004,0.8,,14400.0,False
"sync=periodic:86400,cache_ttl_s=3600",1,36,t4_r006,0.0,,0.0,False
"sync=periodic:86400,cache_ttl_s=3600",1,37,t3_r029,0.8,,172800.0,True
"sync=periodic:86400,cache_ttl_s=3600",1,38,t1_r006,0.8,,172800.0,True
"sync=periodic:86400,cache_ttl_s=3600",1,39,t5_r026,0.8,,172800.0,True
"sync=periodic:86400,cache_ttl_s=3600",2,0,t2_r013,0.8,,14400.0,False
"sync=periodic:86400,cache_ttl_s=3600",2,1,t3_r022,0.8,,172800.0,True
"sync=periodic:86400,cache_ttl_s=3600",2,2,t3_r005,0.8,,172800.0,True
"sync=periodic:86400,cache_ttl_s=3600",2,3,t2_r016,0.6667,,172800.0,True
"sync=periodic:86400,cache_ttl_s=3600",2,4,t3_r001,0.8,,172800.0,True
"sync=periodic:86400,cache_ttl_s=3600",2,5,t5_r012,0.8,,172800.0,True
"sync=periodic:86400,cache_ttl_s=3600",2,6,t5_r002,0.6,,64800.0,False
"sync=periodic:86400,cache_ttl_s=3600",2,7,t4_r013,0.6,,43200.0,False
"sync=periodic:86400,cache_ttl_s=3600",2,8,t1_r014,0.0,,0.0,False
"sync=periodic:86400,cache_ttl_s=3600",2,9,t4_r015,0.8,,43200.0,False
"sync=periodic:86400,cache_ttl_s=3600",2,10,t4_r011,0.0,,0.0,False
"sync=periodic:86400,cache_ttl_s=3600",2,11,t2_r002,0.0,,0.0,False
"sync=periodic:86400,cache_ttl_s=3600",2,12,t1_r027,0.0,,0.0,False
"sync=periodic:86400,cache_ttl_s=3600",2,13,t5_r005,0.8,,172800.0,True
"sync=periodic:86400,cache_ttl_s=3600",2,14,t5_r014,0.8,,172800.0,True
"sync=periodic:86400,cache_ttl_s=3600",2,15,t5_r003,0.8,,172800.0,True
"sync=periodic:86400,cache_ttl_s=3600",2,16,t1_r013,0.0,,0.0,False
"sync=periodic:86400,cache_ttl_s=3600",2,17,t2_r022,0.8,,64800.0,False
"sync=periodic:86400,cache_ttl_s=3600",2,18,t5_r022,0.8,,172800.0,True
"sync=periodic:86400,cache_ttl_s=3600",2,19,t1_r022,0.8,,86400.0,False
"sync=periodic:86400,cache_ttl_s=3600",2,20,t5_r008,0.0,,0.0,False
"sync=periodic:86400,cache_ttl_s=3600",2,21,t1_r025,0.8,,64800.0,False
"sync=periodic:86400,cache_ttl_s=3600",2,22,t5_r029,0.8,,172800.0,True
"sync=periodic:86400,cache_ttl_s=3600",2,23,t5_r007,0.8,,172800.0,True
"sync=periodic:86400,cache_ttl_s=3600",2,24,t4_r024,0.0,,0.0,False
"sync=periodic:86400,cache_ttl_s=3600",2,25,t4_r019,0.8333,,43200.0,False
"sync=periodic:86400,cache_ttl_s=3600",2,26,t4_r016,0.8,,43200.0,False
"sync=periodic:86400,cache_ttl_s=3600",2,27,t1_r029,0.0,,0.0,False
"sync=periodic:86400,cache_ttl_s=3600",2,28,t2_r008,0.6,,86400.0,False
"sync=periodic:86400,cache_ttl_s=3600",2,29,t1_r014,0.0,,0.0,False
"sync=periodic:86400,cache_ttl_s=3600",2,30,t4_r008,0.6667,,172800.0,True
"sync=periodic:86400,cache_ttl_s=3600",2,31,t5_r021,0.8,,172800.0,True
"sync=periodic:86400,cache_ttl_s=3600",2,32,t5_r025,0.0,,0.0,False
"sync=periodic:86400,cache_ttl_s=3600",2,33,t3_r008,0.8,,172800.0,True
"sync=periodic:86400,cache_ttl_s=3600",2,34,t4_r011,0.0,,0.0,False
"sync=periodic:86400,cache_ttl_s=3600",2,35,t3_r011,0.8,,172800.0,True
"sync=periodic:86400,cache_ttl_s=3600",2,36,t5_r009,1.0,,172800.0,True
"sync=periodic:86400,cache_ttl_s=3600",2,37,t3_r029,0.8,,43200.0,False
"sync=periodic:86400,cache_ttl_s=3600",2,38,t4_r004,0.0,,0.0,False
"sync=periodic:86400,cache_ttl_s=3600",2,39,t2_r006,0.6667,,172800.0,True
"sync=periodic:86400,cache_ttl_s=3600",3,0,t4_r022,0.8,,43200.0,False
"sync=periodic:86400,cache_ttl_s=3600",3,1,t4_r028,0.0,,0.0,False
"sync=periodic:86400,cache_ttl_s=3600",3,2,t1_r028,0.0,,0.0,False
"sync=periodic:86400,cache_ttl_s=3600",3,3,t5_r013,0.8,,172800.0,True
"sync=periodic:86400,cache_ttl_s=3600",3,4,t2_r008,0.6,,86400.0,False
"sync=periodic:86400,cache_ttl_s=3600",3,5,t1_r029,0.0,,0.0,False
"sync=periodic:86400,cache_ttl_s=3600",3,6,t1_r016,0.8,,172800.0,True
"sync=periodic:86400,cache_ttl_s=3600",3,7,t4_r008,0.6667,,172800.0,True
"sync=periodic:86400,cache_ttl_s=3600",3,8,t5_r023,0.8,,172800.0,True
"sync=periodic:86400,cache_ttl_s=3600",3,9,t4_r015,0.8,,3600.0,False
"sync=periodic:86400,cache_ttl_s=3600",3,10,t2_r018,0.6667,,172800.0,True
"sync=periodic:86400,cache_ttl_s=3600",3,11,t4_r020,0.0,,0.0,False
"sync=periodic:86400,cache_ttl_s=3600",3,12,t4_r002,0.6667,,172800.0,True
"sync=periodic:86400,cache_ttl_s=3600",3,13,t2_r029,0.8,,172800.0,True
"sync=periodic:86400,cache_ttl_s=3600",3,14,t5_r019,0.8,,86400.0,False
"sync=periodic:86400,cache_ttl_s=3600",3,15,t1_r009,0.0,,0.0,False
"sync=periodic:86400,cache_ttl_s=3600",3,16,t3_r004,0.8333,,14400.0,False
"sync=periodic:86400,cache_ttl_s=3600",3,17,t5_r001,0.6,,43200.0,False
"sync=periodic:86400,cache_ttl_s=3600",3,18,t5_r020,0.8,,43200.0,False
"sync=periodic:86400,cache_ttl_s=3600",3,19,t2_r001,0.6667,,172800.0,True
"sync=periodic:86400,cache_ttl_s=3600",3,20,t2_r021,0.8,,86400.0,False
"sync=periodic:86400,cache_ttl_s=3600",3,21,t3_r028,1.0,,21600.0,False
"sync=periodic:86400,cache_ttl_s=3600",3,22,t2_r012,0.8,,43200.0,False
"sync=periodic:86400,cache_ttl_s=3600",3,23,t4_r005,0.8,,64800.0,False
"sync=periodic:86400,cache_ttl_s=3600",3,24,t5_r027,0.8,,86400.0,False
"sync=periodic:86400,cache_ttl_s=3600",3,25,t5_r012,0.8,,172800.0,True
"sync=periodic:86400,cache_ttl_s=3600",3,26,t5_r009,1.0,,172800.0,True
"sync=periodic:86400,cache_ttl_s=3600",3,27,t2_r006,0.6667,,172800.0,True
"sync=periodic:86400,cache_ttl_s=3600",3,28,t4_r025,0.8,,172800.0,True
"sync=periodic:86400,cache_ttl_s=3600",3,29,t4_r012,0.8,,43200.0,False
"sync=periodic:86400,cache_ttl_s=3600",3,30,t1_r005,0.8,,7200.0,False
"sync=periodic:86400,cache_ttl_s=3600",3,31,t5_r023,0.8,,172800.0,True
"sync=periodic:86400,cache_ttl_s=3600",3,32,t1_r023,0.8,,21600.0,False
"sync=periodic:86400,cache_ttl_s=3600",3,33,t3_r013,0.8,,172800.0,True
"sync=periodic:86400,cache_ttl_s=3600",3,34,t2_r007,0.8,,172800.0,True
"sync=periodic:86400,cache_ttl_s=3600",3,35,t1_r023,0.8,,14400.0,False
"sync=periodic:86400,cache_ttl_s=3600",3,36,t3_r001,0.8,,172800.0,True
"sync=periodic:86400,cache_ttl_s=3600",3,37,t1_r026,0.6,,86400.0,False
"sync=periodic:86400,cache_ttl_s=3600",3,38,t4_r005,0.8,,86400.0,False
"sync=periodic:86400,cache_ttl_s=3600",3,39,t1_r023,0.8,,3600.0,False
"sync=periodic:86400,cache_ttl_s=3600",4,0,t3_r029,0.8,,86400.0,False
"sync=periodic:86400,cache_ttl_s=3600",4,1,t1_r005,0.8,,64800.0,False
"sync=periodic:86400,cache_ttl_s=3600",4,2,t4_r027,0.8,,172800.0,True
"sync=periodic:86400,cache_ttl_s=3600",4,3,t3_r016,1.0,,172800.0,True
"sync=periodic:86400,cache_ttl_s=3600",4,4,t4_r018,0.8,,64800.0,False
"sync=periodic:86400,cache_ttl_s=3600",4,5,t5_r020,0.8,,7200.0,False
"sync=periodic:86400,cache_ttl_s=3600",4,6,t1_r024,0.8,,21600.0,False
"sync=periodic:86400,cache_ttl_s=3600",4,7,t2_r024,0.8,,21600.0,False
"sync=periodic:86400,cache_ttl_s=3600",4,8,t2_r028,0.8,,86400.0,False
"sync=periodic:86400,cache_ttl_s=3600",4,9,t4_r003,0.8,,172800.0,True
"sync=periodic:86400,cache_ttl_s=3600",4,10,t1_r025,0.8,,64800.0,False
"sync=periodic:86400,cache_ttl_s=3600",4,11,t2_r016,0.6667,,172800.0,True
"sync=periodic:86400,cache_ttl_s=3600",4,12,t3_r002,0.8,,86400.0,False
"sync=periodic:86400,cache_ttl_s=3600",4,13,t3_r002,0.8,,86400.0,False
"sync=periodic:86400,cache_ttl_s=3600",4,14,t4_r024,0.0,,0.0,False
"sync=periodic:86400,cache_ttl_s=3600",4,15,t3_r001,0.8,,172800.0,True
"sync=periodic:86400,cache_ttl_s=3600",4,16,t1_r008,0.8,,21600.0,False
"sync=periodic:86400,cache_ttl_s=3600",4,17,t4_r020,0.0,,0.0,False
"sync=periodic:86400,cache_ttl_s=3600",4,18,t3_r021,1.0,,172800.0,True
"sync=periodic:86400,cache_ttl_s=3600",4,19,t4_r017,0.8,,64800.0,False
"sync=periodic:86400,cache_ttl_s=3600",4,20,t1_r012,0.8,,43200.0,False
"sync=periodic:86400,cache_ttl_s=3600",4,21,t4_r003,0.8,,172800.0,True
"sync=periodic:86400,cache_ttl_s=3600",4,22,t4_r018,0.8,,14400.0,False
"sync=periodic:86400,cache_ttl_s=3600",4,23,t3_r001,0.8,,172800.0,True
"sync=periodic:86400,cache_ttl_s=3600",4,24,t4_r018,0.8,,86400.0,False
"sync=periodic:86400,cache_ttl_s=3600",4,25,t4_r009,0.0,,0.0,False
"sync=periodic:86400,cache_ttl_s=3600",4,26,t4_r025,0.8,,172800.0,True
"sync=periodic:86400,cache_ttl_s=3600",4,27,t2_r020,0.6667,,172800.0,True
"sync=periodic:86400,cache_ttl_s=3600",4,28,t2_r018,0.6667,,172800.0,True
"sync=periodic:86400,cache_ttl_s=3600",4,29,t2_r009,0.8,,64800.0,False
"sync=periodic:86400,cache_ttl_s=3600",4,30,t3_r016,1.0,,172800.0,True
"sync=periodic:86400,cache_ttl_s=3600",4,31,t2_r016,0.6667,,172800.0,True
"sync=periodic:86400,cache_ttl_s=3600",4,32,t5_r029,0.8,,172800.0,True
"sync=periodic:86400,cache_ttl_s=3600",4,33,t1_r018,0.0,,0.0,False
"sync=periodic:86400,cache_ttl_s=3600",4,34,t3_r007,0.6,,64800.0,False
"sync=periodic:86400,cache_ttl_s=3600",4,35,t1_r022,0.8,,14400.0,False
"sync=periodic:86400,cache_ttl_s=3600",4,36,t4_r019,0.8333,,172800.0,True
"sync=periodic:86400,cache_ttl_s=3600",4,37,t5_r000,0.6667,,172800.0,True
"sync=periodic:86400,cache_ttl_s=3600",4,38,t3_r024,0.6,,172800.0,True
"sync=periodic:86400,cache_ttl_s=3600",4,39,t2_r008,0.6,,43200.0,False
"sync=periodic:86400,cache_ttl_s=86400",0,0,t3_r005,0.8,,172800.0,True
"sync=periodic:86400,cache_ttl_s=86400",0,1,t2_r004,0.8,,129600.0,False
"sync=periodic:86400,cache_ttl_s=86400",0,2,t4_r001,1.0,,172800.0,True
"sync=periodic:86400,cache_ttl_s=86400",0,3,t1_r015,0.0,,0.0,False
"sync=periodic:86400,cache_ttl_s=86400",0,4,t2_r016,0.6667,,172800.0,True
"sync=periodic:86400,cache_ttl_s=86400",0,5,t5_r016,0.8,,129600.0,False
"sync=periodic:86400,cache_ttl_s=86400",0,6,t1_r020,1.0,,172800.0,True
"sync=periodic:86400,cache_ttl_s=86400",0,7,t4_r015,0.8,,129600.0,False
"sync=periodic:86400,cache_ttl_s=86400",0,8,t4_r014,1.0,,172800.0,True
"sync=periodic:86400,cache_ttl_s=86400",0,9,t3_r019,1.0,,172800.0,True
"sync=periodic:86400,cache_ttl_s=86400",0,10,t5_r000,0.6667,,172800.0,True
"sync=periodic:86400,cache_ttl_s=86400",0,11,t3_r029,0.8,,172800.0,True
"sync=periodic:86400,cache_ttl_s=86400",0,12,t2_r009,0.8,,129600.0,False
"sync=periodic:86400,cache_ttl_s=86400",0,13,t3_r011,0.8,,129600.0,False
"sync=periodic:86400,cache_ttl_s=86400",0,14,t3_r023,0.8,,86400.0,False
"sync=periodic:86400,cache_ttl_s=86400",0,15,t2_r021,0.8,,129600.0,False
"sync=periodic:86400,cache_ttl_s=86400",0,16,t5_r015,0.8,,129600.0,False
"sync=periodic:86400,cache_ttl_s=86400",0,17,t4_r000,0.6667,,172800.0,True
"sync=periodic:86400,cache_ttl_s=86400",0,18,t4_r022,0.8,,86400.0,False
"sync=periodic:86400,cache_ttl_s=86400",0,19,t4_r026,0.8,,129600.0,False
"sync=periodic:86400,cache_ttl_s=86400",0,20,t4_r015,0.8,,129600.0,False
"sync=periodic:86400,cache_ttl_s=86400",0,21,t1_r009,0.0,,0.0,False
"sync=periodic:86400,cache_ttl_s=86400",0,22,t4_r023,0.6667,,172800.0,True
"sync=periodic:86400,cache_ttl_s=86400",0,23,t2_r028,0.8,,86400.0,False
"sync=periodic:86400,cache_ttl_s=86400",0,24,t2_r012,0.8,,129600.0,False
"sync=periodic:86400,cache_ttl_s=86400",0,25,t2_r019,0.8,,86400.0,False
"sync=periodic:86400,cache_ttl_s=86400",0,26,t4_r013,0.6,,86400.0,False
"sync=periodic:86400,cache_ttl_s=86400",0,27,t5_r015,0.8,,129600.0,False
"sync=periodic:86400,cache_ttl_s=86400",0,28,t4_r028,0.0,,0.0,False
"sync=periodic:86400,cache_ttl_s=86400",0,29,t3_r023,0.8,,86400.0,False
"sync=periodic:86400,cache_ttl_s=86400",0,30,t5_r026,0.8,,172800.0,True
"sync=periodic:86400,cache_ttl_s=86400",0,31,t4_r002,0.6667,,172800.0,True
"sync=periodic:86400,cache_ttl_s=86400",0,32,t3_r002,0.8,,129600.0,False
"sync=periodic:86400,cache_ttl_s=86400",0,33,t5_r012,0.8,,172800.0,True
"sync=periodic:86400,cache_ttl_s=86400",0,34,t4_r016,0.8,,86400.0,False
"sync=periodic:86400,cache_ttl_s=86400",0,35,t5_r018,0.8,,172800.0,True
"sync=periodic:86400,cache_ttl_s=86400",0,36,t5_r026,0.8,,129600.0,False
"sync=periodic:86400,cache_ttl_s=86400",0,37,t4_r018,0.8,,129600.0,False
"sync=periodic:86400,cache_ttl_s=86400",0,38,t2_r013,0.8,,129600.0,False
"sync=periodic:86400,cache_ttl_s=86400",0,39,t4_r002,0.6667,,172800.0,True
"sync=periodic:86400,cache_ttl_s=86400",1,0,t3_r008,0.8,,172800.0,True
"sync=periodic:86400,cache_ttl_s=86400",1,1,t1_r000,0.8,,172800.0,True
"sync=periodic:86400,cache_ttl_s=86400",1,2,t1_r015,0.0,,0.0,False
"sync=periodic:86400,cache_ttl_s=86400",1,3,t4_r018,0.8,,129600.0,False
"sync=periodic:86400,cache_ttl_s=86400",1,4,t5_r006,0.0,,0.0,False
"sync=periodic:86400,cache_ttl_s=86400",1,5,t3_r019,1.0,,172800.0,True
"sync=periodic:86400,cache_ttl_s=86400",1,6,t3_r004,0.8333,,129600.0,False
"sync=periodic:86400,cache_ttl_s=86400",1,7,t2_r003,0.0,,0.0,False
"sync=periodic:86400,cache_ttl_s=86400",1,8,t2_r028,0.8,,86400.0,False
"sync=periodic:86400,cache_ttl_s=86400",1,9,t2_r026,0.6,,129600.0,False
"sync=periodic:86400,cache_ttl_s=86400",1,10,t4_r003,0.8,,172800.0,True
"sync=periodic:86400,cache_ttl_s=86400",1,11,t3_r014,0.8,,172800.0,True
"sync=periodic:86400,cache_ttl_s=86400",1,12,t1_r021,0.8333,,129600.0,False
"sync=periodic:86400,cache_ttl_s=86400",1,13,t1_r023,0.8,,86400.0,False
"sync=periodic:86400,cache_ttl_s=86400",1,14,t3_r007,0.6,,129600.0,False
"sync=periodic:86400,cache_ttl_s=86400",1,15,t2_r014,0.0,,0.0,False
"sync=periodic:86400,cache_ttl_s=86400",1,16,t5_r001,0.6,,129600.0,False
"sync=periodic:86400,cache_ttl_s=86400",1,17,t3_r000,0.8333,,129600.0,False
"sync=periodic:86400,cache_ttl_s=86400",1,18,t1_r013,0.0,,0.0,False
"sync=periodic:86400,cache_ttl_s=86400",1,19,t4_r019,0.8333,,172800.0,True
"sync=periodic:86400,cache_ttl_s=86400",1,20,t3_r024,0.6,,172800.0,True
"sync=periodic:86400,cache_ttl_s=86400",1,21,t5_r018,0.8,,172800.0,True
"sync=periodic:86400,cache_ttl_s=86400",1,22,t3_r021,1.0,,172800.0,True
"sync=periodic:86400,cache_ttl_s=86400",1,23,t4_r024,0.0,,0.0,False
"sync=periodic:86400,cache_ttl_s=86400",1,24,t3_r001,0.8,,172800.0,True
"sync=periodic:86400,cache_ttl_s=86400",1,25,t3_r024,0.6,,172800.0,True
"sync=periodic:86400,cache_ttl_s=86400",1,26,t5_r000,0.6667,,172800.0,True
"sync=periodic:86400,cache_ttl_s=86400",1,27,t5_r026,0.8,,172800.0,True
"sync=periodic:86400,cache_ttl_s=86400",1,28,t3_r014,0.8,,172800.0,True
"sync=periodic:86400,cache_ttl_s=86400",1,29,t1_r001,0.8333,,129600.0,False
"sync=periodic:86400,cache_ttl_s=86400",1,30,t4_r011,0.0,,0.0,False
"sync=periodic:86400,cache_ttl_s=86400",1,31,t4_r016,0.8,,86400.0,False
"sync=periodic:86400,cache_ttl_s=86400",1,32,t4_r019,0.8333,,172800.0,True
"sync=periodic:86400,cache_ttl_s=86400",1,33,t2_r018,0.6667,,172800.0,True
"sync=periodic:86400,cache_ttl_s=86400",1,34,t4_r007,0.0,,0.0,False
"sync=periodic:86400,cache_ttl_s=86400",1,35,t2_r004,0.8,,129600.0,False
"sync=periodic:86400,cache_ttl_s=86400",1,36,t4_r006,0.0,,0.0,False
"sync=periodic:86400,cache_ttl_s=86400",1,37,t3_r029,0.8,,172800.0,True
"sync=periodic:86400,cache_ttl_s=86400",1,38,t1_r006,0.8,,172800.0,True
"sync=periodic:86400,cache_ttl_s=86400",1,39,t5_r026,0.8,,172800.0,True
"sync=periodic:86400,cache_ttl_s=86400",2,0,t2_r013,0.8,,129600.0,False
"sync=periodic:86400,cache_ttl_s=86400",2,1,t3_r022,0.8,,172800.0,True
"sync=periodic:86400,cache_ttl_s=86400",2,2,t3_r005,0.8,,172800.0,True
"sync=periodic:86400,cache_ttl_s=86400",2,3,t2_r016,0.6667,,172800.0,True
"sync=periodic:86400,cache_ttl_s=86400",2,4,t3_r001,0.8,,172800.0,True
"sync=periodic:86400,cache_ttl_s=86400",2,5,t5_r012,0.8,,172800.0,True
"sync=periodic:86400,cache_ttl_s=86400",2,6,t5_r002,0.6,,129600.0,False
"sync=periodic:86400,cache_ttl_s=86400",2,7,t4_r013,0.6,,86400.0,False
"sync=periodic:86400,cache_ttl_s=86400",2,8,t1_r014,0.0,,0.0,False
"sync=periodic:86400,cache_ttl_s=86400",2,9,t4_r015,0.8,,129600.0,False
"sync=periodic:86400,cache_ttl_s=86400",2,10,t4_r011,0.0,,0.0,False
"sync=periodic:86400,cache_ttl_s=86400",2,11,t2_r002,0.0,,0.0,False
"sync=periodic:86400,cache_ttl_s=86400",2,12,t1_r027,0.0,,0.0,False
"sync=periodic:86400,cache_ttl_s=86400",2,13,t5_r005,0.8,,172800.0,True
"sync=periodic:86400,cache_ttl_s=86400",2,14,t5_r014,0.8,,172800.0,True
"sync=periodic:86400,cache_ttl_s=86400",2,15,t5_r003,0.8,,172800.0,True
"sync=periodic:86400,cache_ttl_s=86400",2,16,t1_r013,0.0,,0.0,False
"sync=periodic:86400,cache_ttl_s=86400",2,17,t2_r022,0.8,,129600.0,False
"sync=periodic:86400,cache_ttl_s=86400",2,18,t5_r022,0.8,,172800.0,True
"sync=periodic:86400,cache_ttl_s=86400",2,19,t1_r022,0.8,,129600.0,False
"sync=periodic:86400,cache_ttl_s=86400",2,20,t5_r008,0.0,,0.0,False
"sync=periodic:86400,cache_ttl_s=86400",2,21,t1_r025,0.8,,129600.0,False
"sync=periodic:86400,cache_ttl_s=86400",2,22,t5_r029,0.8,,172800.0,True
"sync=periodic:86400,cache_ttl_s=86400",2,23,t5_r007,0.8,,172800.0,True
"sync=periodic:86400,cache_ttl_s=86400",2,24,t4_r024,0.0,,0.0,False
"sync=periodic:86400,cache_ttl_s=86400",2,25,t4_r019,0.8333,,129600.0,False
"sync=periodic:86400,cache_ttl_s=86400",2,26,t4_r016,0.8,,86400.0,False
"sync=periodic:86400,cache_ttl_s=86400",2,27,t1_r029,0.0,,0.0,False
"sync=periodic:86400,cache_ttl_s=86400",2,28,t2_r008,0.6,,129600.0,False
"sync=periodic:86400,cache_ttl_s=86400",2,29,t1_r014,0.0,,0.0,False
"sync=periodic:86400,cache_ttl_s=86400",2,30,t4_r008,0.6667,,172800.0,True
"sync=periodic:86400,cache_ttl_s=86400",2,31,t5_r021,0.8,,172800.0,True
"sync=periodic:86400,cache_ttl_s=86400",2,32,t5_r025,0.0,,0.0,False
"sync=periodic:86400,cache_ttl_s=86400",2,33,t3_r008,0.8,,172800.0,True
"sync=periodic:86400,cache_ttl_s=86400",2,34,t4_r011,0.0,,0.0,False
"sync=periodic:86400,cache_ttl_s=86400",2,35,t3_r011,0.8,,172800.0,True
"sync=periodic:86400,cache_ttl_s=86400",2,36,t5_r009,1.0,,172800.0,True
"sync=periodic:86400,cache_ttl_s=86400",2,37,t3_r029,0.8,,129600.0,False
"sync=periodic:86400,cache_ttl_s=86400",2,38,t4_r004,0.0,,0.0,False
"sync=periodic:86400,cache_ttl_s=86400",2,39,t2_r006,0.6667,,172800.0,True
"sync=periodic:86400,cache_ttl_s=86400",3,0,t4_r022,0.8,,86400.0,False
"sync=periodic:86400,cache_ttl_s=86400",3,1,t4_r028,0.0,,0.0,False
"sync=periodic:86400,cache_ttl_s=86400",3,2,t1_r028,0.0,,0.0,False
"sync=periodic:86400,cache_ttl_s=86400",3,3,t5_r013,0.8,,172800.0,True
"sync=periodic:86400,cache_ttl_s=86400",3,4,t2_r008,0.6,,129600.0,False
"sync=periodic:86400,cache_ttl_s=86400",3,5,t1_r029,0.0,,0.0,False
"sync=periodic:86400,cache_ttl_s=86400",3,6,t1_r016,0.8,,172800.0,True
"sync=periodic:86400,cache_ttl_s=86400",3,7,t4_r008,0.6667,,172800.0,True
"sync=periodic:86400,cache_ttl_s=86400",3,8,t5_r023,0.8,,172800.0,True
"sync=periodic:86400,cache_ttl_s=86400",3,9,t4_r015,0.8,,86400.0,False
"sync=periodic:86400,cache_ttl_s=86400",3,10,t2_r018,0.6667,,172800.0,True
"sync=periodic:86400,cache_ttl_s=86400",3,11,t4_r020,0.0,,0.0,False
"sync=periodic:86400,cache_ttl_s=86400",3,12,t4_r002,0.6667,,172800.0,True
"sync=periodic:86400,cache_ttl_s=86400",3,13,t2_r029,0.8,,172800.0,True
"sync=periodic:86400,cache_ttl_s=86400",3,14,t5_r019,0.8,,129600.0,False
"sync=periodic:86400,cache_ttl_s=86400",3,15,t1_r009,0.0,,0.0,False
"sync=periodic:86400,cache_ttl_s=86400",3,16,t3_r004,0.8333,,129600.0,False
"sync=periodic:86400,cache_ttl_s=86400",3,17,t5_r001,0.6,,129600.0,False
"sync=periodic:86400,cache_ttl_s=86400",3,18,t5_r020,0.8,,86400.0,False
"sync=periodic:86400,cache_ttl_s=86400",3,19,t2_r001,0.6667,,172800.0,True
"sync=periodic:86400,cache_ttl_s=86400",3,20,t2_r021,0.8,,129600.0,False
"sync=periodic:86400,cache_ttl_s=86400",3,21,t3_r028,1.0,,86400.0,False
"sync=periodic:86400,cache_ttl_s=86400",3,22,t2_r012,0.8,,129600.0,False
"sync=periodic:86400,cache_ttl_s=86400",3,23,t4_r005,0.8,,129600.0,False
"sync=periodic:86400,cache_ttl_s=86400",3,24,t5_r027,0.8,,129600.0,False
"sync=periodic:86400,cache_ttl_s=86400",3,25,t5_r012,0.8,,172800.0,True
"sync=periodic:86400,cache_ttl_s=86400",3,26,t5_r009,1.0,,172800.0,True
"sync=periodic:86400,cache_ttl_s=86400",3,27,t2_r006,0.6667,,172800.0,True
"sync=periodic:86400,cache_ttl_s=86400",3,28,t4_r025,0.8,,172800.0,True
"sync=periodic:86400,cache_ttl_s=86400",3,29,t4_r012,0.8,,129600.0,False
"sync=periodic:86400,cache_ttl_s=86400",3,30,t1_r005,0.8,,129600.0,False
"sync=periodic:86400,cache_ttl_s=86400",3,31,t5_r023,0.8,,172800.0,True
"sync=periodic:86400,cache_ttl_s=86400",3,32,t1_r023,0.8,,86400.0,False
"sync=periodic:86400,cache_ttl_s=86400",3,33,t3_r013,0.8,,172800.0,True
"sync=periodic:86400,cache_ttl_s=86400",3,34,t2_r007,0.8,,172800.0,True
"sync=periodic:86400,cache_ttl_s=86400",3,35,t1_r023,0.8,,86400.0,False
"sync=periodic:86400,cache_ttl_s=86400",3,36,t3_r001,0.8,,172800.0,True
"sync=periodic:86400,cache_ttl_s=86400",3,37,t1_r026,0.6,,129600.0,False
"sync=periodic:86400,cache_ttl_s=86400",3,38,t4_r005,0.8,,129600.0,False
"sync=periodic:86400,cache_ttl_s=86400",3,39,t1_r023,0.8,,86400.0,False
"sync=periodic:86400,cache_ttl_s=86400",4,0,t3_r029,0.8,,129600.0,False
"sync=periodic:86400,cache_ttl_s=86400",4,1,t1_r005,0.8,,129600.0,False
"sync=periodic:86400,cache_ttl_s=86400",4,2,t4_r027,0.8,,172800.0,True
"sync=periodic:86400,cache_ttl_s=86400",4,3,t3_r016,1.0,,172800.0,True
"sync=periodic:86400,cache_ttl_s=86400",4,4,t4_r018,0.8,,129600.0,False
"sync=periodic:86400,cache_ttl_s=86400",4,5,t5_r020,0.8,,86400.0,False
"sync=periodic:86400,cache_ttl_s=86400",4,6,t1_r024,0.8,,129600.0,False
"sync=periodic:86400,cache_ttl_s=86400",4,7,t2_r024,0.8,,129600.0,False
"sync=periodic:86400,cache_ttl_s=86400",4,8,t2_r028,0.8,,86400.0,False
"sync=periodic:86400,cache_ttl_s=86400",4,9,t4_r003,0.8,,172800.0,True
"sync=periodic:86400,cache_ttl_s=86400",4,10,t1_r025,0.8,,129600.0,False
"sync=periodic:86400,cache_ttl_s=86400",4,11,t2_r016,0.6667,,172800.0,True
"sync=periodic:86400,cache_ttl_s=86400",4,12,t3_r002,0.8,,129600.0,False
"sync=periodic:86400,cache_ttl_s=86400",4,13,t3_r002,0.8,,129600.0,False
"sync=periodic:86400,cache_ttl_s=86400",4,14,t4_r024,0.0,,0.0,False
"sync=periodic:86400,cache_ttl_s=86400",4,15,t3_r001,0.8,,172800.0,True
"sync=periodic:86400,cache_ttl_s=86400",4,16,t1_r008,0.8,,129600.0,False
"sync=periodic:86400,cache_ttl_s=86400",4,17,t4_r020,0.0,,0.0,False
"sync=periodic:86400,cache_ttl_s=86400",4,18,t3_r021,1.0,,172800.0,True
"sync=periodic:86400,cache_ttl_s=86400",4,19,t4_r017,0.8,,86400.0,False
"sync=periodic:86400,cache_ttl_s=86400",4,20,t1_r012,0.8,,129600.0,False
"sync=periodic:86400,cache_ttl_s=86400",4,21,t4_r003,0.8,,172800.0,True
"sync=periodic:86400,cache_ttl_s=86400",4,22,t4_r018,0.8,,129600.0,False
"sync=periodic:86400,cache_ttl_s=86400",4,23,t3_r001,0.8,,172800.0,True
"sync=periodic:86400,cache_ttl_s=86400",4,24,t4_r018,0.8,,129600.0,False
"sync=periodic:86400,cache_ttl_s=86400",4,25,t4_r009,0.0,,0.0,False
"sync=periodic:86400,cache_ttl_s=86400",4,26,t4_r025,0.8,,172800.0,True
"sync=periodic:86400,cache_ttl_s=86400",4,27,t2_r020,0.6667,,172800.0,True
"sync=periodic:86400,cache_ttl_s=86400",4,28,t2_r018,0.6667,,172800.0,True
"sync=periodic:86400,cache_ttl_s=86400",4,29,t2_r009,0.8,,129600.0,False
"sync=periodic:86400,cache_ttl_s=86400",4,30,t3_r016,1.0,,172800.0,True
"sync=periodic:86400,cache_ttl_s=86400",4,31,t2_r016,0.6667,,172800.0,True
"sync=periodic:86400,cache_ttl_s=86400",4,32,t5_r029,0.8,,172800.0,True
"sync=periodic:86400,cache_ttl_s=86400",4,33,t1_r018,0.0,,0.0,False
"sync=periodic:86400,cache_ttl_s=86400",4,34,t3_r007,0.6,,129600.0,False
"sync=periodic:86400,cache_ttl_s=86400",4,35,t1_r022,0.8,,129600.0,False
"sync=periodic:86400,cache_ttl_s=86400",4,36,t4_r019,0.8333,,172800.0,True
"sync=periodic:86400,cache_ttl_s=86400",4,37,t5_r000,0.6667,,172800.0,True
"sync=periodic:86400,cache_ttl_s=86400",4,38,t3_r024,0.6,,172800.0,True
"sync=periodic:86400,cache_ttl_s=86400",4,39,t2_r008,0.6,,129600.0,False
"sync=event:0.0,cache_ttl_s=600",0,0,t3_r005,0.8,,172800.0,True
"sync=event:0.0,cache_ttl_s=600",0,1,t2_r004,0.8,,300.0,False
"sync=event:0.0,cache_ttl_s=600",0,2,t4_r001,1.0,,172800.0,True
"sync=event:0.0,cache_ttl_s=600",0,3,t1_r015,0.0,,0.0,False
"sync=event:0.0,cache_ttl_s=600",0,4,t2_r016,0.6667,,172800.0,True
"sync=event:0.0,cache_ttl_s=600",0,5,t5_r016,0.0,,0.0,False
"sync=event:0.0,cache_ttl_s=600",0,6,t1_r020,1.0,,172800.0,True
"sync=event:0.0,cache_ttl_s=600",0,7,t4_r015,0.8,,900.0,False
"sync=event:0.0,cache_ttl_s=600",0,8,t4_r014,1.0,,172800.0,True
"sync=event:0.0,cache_ttl_s=600",0,9,t3_r019,1.0,,172800.0,True
"sync=event:0.0,cache_ttl_s=600",0,10,t5_r000,0.6667,,172800.0,True
"sync=event:0.0,cache_ttl_s=600",0,11,t3_r029,0.8,,172800.0,True
"sync=event:0.0,cache_ttl_s=600",0,12,t2_r009,0.8,,300.0,False
"sync=event:0.0,cache_ttl_s=600",0,13,t3_r011,0.0,,0.0,False
"sync=event:0.0,cache_ttl_s=600",0,14,t3_r023,0.8,,900.0,False
"sync=event:0.0,cache_ttl_s=600",0,15,t2_r021,0.0,,0.0,False
"sync=event:0.0,cache_ttl_s=600",0,16,t5_r015,0.0,,0.0,False
"sync=event:0.0,cache_ttl_s=600",0,17,t4_r000,0.6667,,172800.0,True
"sync=event:0.0,cache_ttl_s=600",0,18,t4_r022,0.8,,300.0,False
"sync=event:0.0,cache_ttl_s=600",0,19,t4_r026,0.0,,0.0,False
"sync=event:0.0,cache_ttl_s=600",0,20,t4_r015,0.8,,300.0,False
"sync=event:0.0,cache_ttl_s=600",0,21,t1_r009,0.0,,0.0,False
"sync=event:0.0,cache_ttl_s=600",0,22,t4_r023,0.6667,,172800.0,True
"sync=event:0.0,cache_ttl_s=600",0,23,t2_r028,0.8,,300.0,False
"sync=event:0.0,cache_ttl_s=600",0,24,t2_r012,0.8,,900.0,False
"sync=event:0.0,cache_ttl_s=600",0,25,t2_r019,0.8,,300.0,False
"sync=event:0.0,cache_ttl_s=600",0,26,t4_r013,0.6,,900.0,False
"sync=event:0.0,cache_ttl_s=600",0,27,t5_r015,0.0,,0.0,False
"sync=event:0.0,cache_ttl_s=600",0,28,t4_r028,0.0,,0.0,False
"sync=event:0.0,cache_ttl_s=600",0,29,t3_r023,0.8,,300.0,False
"sync=event:0.0,cache_ttl_s=600",0,30,t5_r026,0.0,,0.0,False
"sync=event:0.0,cache_ttl_s=600",0,31,t4_r002,0.6667,,172800.0,True
"sync=event:0.0,cache_ttl_s=600",0,32,t3_r002,0.0,,0.0,False
"sync=event:0.0,cache_ttl_s=600",0,33,t5_r012,0.8,,172800.0,True
"sync=event:0.0,cache_ttl_s=600",0,34,t4_r016,0.8,,300.0,False
"sync=event:0.0,cache_ttl_s=600",0,35,t5_r018,0.8,,172800.0,True
"sync=event:0.0,cache_ttl_s=600",0,36,t5_r026,0.0,,0.0,False
"sync=event:0.0,cache_ttl_s=600",0,37,t4_r018,0.8,,60.0,False
"sync=event:0.0,cache_ttl_s=600",0,38,t2_r013,0.8,,300.0,False
"sync=event:0.0,cache_ttl_s=600",0,39,t4_r002,0.6667,,172800.0,True
"sync=event:0.0,cache_ttl_s=600",1,0,t3_r008,0.8,,172800.0,True
"sync=event:0.0,cache_ttl_s=600",1,1,t1_r000,0.8,,172800.0,True
"sync=event:0.0,cache_ttl_s=600",1,2,t1_r015,0.0,,0.0,False
"sync=event:0.0,cache_ttl_s=600",1,3,t4_r018,0.8,,900.0,False
"sync=event:0.0,cache_ttl_s=600",1,4,t5_r006,0.0,,0.0,False
"sync=event:0.0,cache_ttl_s=600",1,5,t3_r019,1.0,,172800.0,True
"sync=event:0.0,cache_ttl_s=600",1,6,t3_r004,0.6667,,900.0,False
"sync=event:0.0,cache_ttl_s=600",1,7,t2_r003,0.0,,0.0,False
"sync=event:0.0,cache_ttl_s=600",1,8,t2_r028,0.8,,900.0,False
"sync=event:0.0,cache_ttl_s=600",1,9,t2_r026,0.0,,0.0,False
"sync=event:0.0,cache_ttl_s=600",1,10,t4_r003,0.8,,172800.0,True
"sync=event:0.0,cache_ttl_s=600",1,11,t3_r014,0.8,,172800.0,True
"sync=event:0.0,cache_ttl_s=600",1,12,t1_r021,0.6667,,172800.0,True
"sync=event:0.0,cache_ttl_s=600",1,13,t1_r023,0.8,,900.0,False
"sync=event:0.0,cache_ttl_s=600",1,14,t3_r007,0.0,,0.0,False
"sync=event:0.0,cache_ttl_s=600",1,15,t2_r014,0.0,,0.0,False
"sync=event:0.0,cache_ttl_s=600",1,16,t5_r001,0.0,,0.0,False
"sync=event:0.0,cache_ttl_s=600",1,17,t3_r000,0.6667,,172800.0,True
"sync=event:0.0,cache_ttl_s=600",1,18,t1_r013,0.0,,0.0,False
"sync=event:0.0,cache_ttl_s=600",1,19,t4_r019,0.6667,,172800.0,True
"sync=event:0.0,cache_ttl_s=600",1,20,t3_r024,0.6,,172800.0,True
"sync=event:0.0,cache_ttl_s=600",1,21,t5_r018,0.8,,172800.0,True
"sync=event:0.0,cache_ttl_s=600",1,22,t3_r021,1.0,,172800.0,True
"sync=event:0.0,cache_ttl_s=600",1,23,t4_r024,0.0,,0.0,False
"sync=event:0.0,cache_ttl_s=600",1,24,t3_r001,0.8,,172800.0,True
"sync=event:0.0,cache_ttl_s=600",1,25,t3_r024,0.6,,172800.0,True
"sync=event:0.0,cache_ttl_s=600",1,26,t5_r000,0.6667,,172800.0,True
"sync=event:0.0,cache_ttl_s=600",1,27,t5_r026,0.0,,0.0,False
"sync=event:0.0,cache_ttl_s=600",1,28,t3_r014,0.8,,172800.0,True
"sync=event:0.0,cache_ttl_s=600",1,29,t1_r001,0.6667,,172800.0,True
"sync=event:0.0,cache_ttl_s=600",1,30,t4_r011,0.0,,0.0,False
"sync=event:0.0,cache_ttl_s=600",1,31,t4_r016,0.8,,900.0,False
"sync=event:0.0,cache_ttl_s=600",1,32,t4_r019,0.6667,,172800.0,True
"sync=event:0.0,cache_ttl_s=600",1,33,t2_r018,0.6667,,172800.0,True
"sync=event:0.0,cache_ttl_s=600",1,34,t4_r007,0.0,,0.0,False
"sync=event:0.0,cache_ttl_s=600",1,35,t2_r004,0.8,,900.0,False
"sync=event:0.0,cache_ttl_s=600",1,36,t4_r006,0.0,,0.0,False
"sync=event:0.0,cache_ttl_s=600",1,37,t3_r029,0.8,,172800.0,True
"sync=event:0.0,cache_ttl_s=600",1,38,t1_r006,0.8,,172800.0,True
"sync=event:0.0,cache_ttl_s=600",1,39,t5_r026,0.0,,0.0,False
"sync=event:0.0,cache_ttl_s=600",2,0,t2_r013,0.8,,300.0,False
"sync=event:0.0,cache_ttl_s=600",2,1,t3_r022,0.8,,172800.0,True
"sync=event:0.0,cache_ttl_s=600",2,2,t3_r005,0.8,,172800.0,True
"sync=event:0.0,cache_ttl_s=600",2,3,t2_r016,0.6667,,172800.0,True
"sync=event:0.0,cache_ttl_s=600",2,4,t3_r001,0.8,,172800.0,True
"sync=event:0.0,cache_ttl_s=600",2,5,t5_r012,0.8,,172800.0,True
"sync=event:0.0,cache_ttl_s=600",2,6,t5_r002,0.0,,0.0,False
"sync=event:0.0,cache_ttl_s=600",2,7,t4_r013,0.6,,300.0,False
"sync=event:0.0,cache_ttl_s=600",2,8,t1_r014,0.0,,0.0,False
"sync=event:0.0,cache_ttl_s=600",2,9,t4_r015,0.8,,900.0,False
"sync=event:0.0,cache_ttl_s=600",2,10,t4_r011,0.0,,0.0,False
"sync=event:0.0,cache_ttl_s=600",2,11,t2_r002,0.0,,0.0,False
"sync=event:0.0,cache_ttl_s=600",2,12,t1_r027,0.0,,0.0,False
"sync=event:0.0,cache_ttl_s=600",2,13,t5_r005,0.8,,172800.0,True
"sync=event:0.0,cache_ttl_s=600",2,14,t5_r014,0.8,,172800.0,True
"sync=event:0.0,cache_ttl_s=600",2,15,t5_r003,0.8,,172800.0,True
"sync=event:0.0,cache_ttl_s=600",2,16,t1_r013,0.0,,0.0,False
"sync=event:0.0,cache_ttl_s=600",2,17,t2_r022,0.8,,900.0,False
"sync=event:0.0,cache_ttl_s=600",2,18,t5_r022,0.8,,172800.0,True
"sync=event:0.0,cache_ttl_s=600",2,19,t1_r022,0.0,,0.0,False
"sync=event:0.0,cache_ttl_s=600",2,20,t5_r008,0.0,,0.0,False
"sync=event:0.0,cache_ttl_s=600",2,21,t1_r025,0.0,,0.0,False
"sync=event:0.0,cache_ttl_s=600",2,22,t5_r029,0.8,,172800.0,True
"sync=event:0.0,cache_ttl_s=600",2,23,t5_r007,0.8,,172800.0,True
"sync=event:0.0,cache_ttl_s=600",2,24,t4_r024,0.0,,0.0,False
"sync=event:0.0,cache_ttl_s=600",2,25,t4_r019,0.6667,,172800.0,True
"sync=event:0.0,cache_ttl_s=600",2,26,t4_r016,0.8,,300.0,False
"sync=event:0.0,cache_ttl_s=600",2,27,t1_r029,0.0,,0.0,False
"sync=event:0.0,cache_ttl_s=600",2,28,t2_r008,0.0,,0.0,False
"sync=event:0.0,cache_ttl_s=600",2,29,t1_r014,0.0,,0.0,False
"sync=event:0.0,cache_ttl_s=600",2,30,t4_r008,0.6667,,172800.0,True
"sync=event:0.0,cache_ttl_s=600",2,31,t5_r021,0.8,,172800.0,True
"sync=event:0.0,cache_ttl_s=600",2,32,t5_r025,0.0,,0.0,False
"sync=event:0.0,cache_ttl_s=600",2,33,t3_r008,0.8,,172800.0,True
"sync=event:0.0,cache_ttl_s=600",2,34,t4_r011,0.0,,0.0,False
"sync=event:0.0,cache_ttl_s=600",2,35,t3_r011,0.0,,0.0,False
"sync=event:0.0,cache_ttl_s=600",2,36,t5_r009,1.0,,172800.0,True
"sync=event:0.0,cache_ttl_s=600",2,37,t3_r029,0.8,,172800.0,True
"sync=event:0.0,cache_ttl_s=600",2,38,t4_r004,0.0,,0.0,False
"sync=event:0.0,cache_ttl_s=600",2,39,t2_r006,0.6667,,172800.0,True
"sync=event:0.0,cache_ttl_s=600",3,0,t4_r022,0.8,,900.0,False
"sync=event:0.0,cache_ttl_s=600",3,1,t4_r028,0.0,,0.0,False
"sync=event:0.0,cache_ttl_s=600",3,2,t1_r028,0.0,,0.0,False
"sync=event:0.0,cache_ttl_s=600",3,3,t5_r013,0.0,,0.0,False
"sync=event:0.0,cache_ttl_s=600",3,4,t2_r008,0.0,,0.0,False
"sync=event:0.0,cache_ttl_s=600",3,5,t1_r029,0.0,,0.0,False
"sync=event:0.0,cache_ttl_s=600",3,6,t1_r016,0.8,,172800.0,True
"sync=event:0.0,cache_ttl_s=600",3,7,t4_r008,0.6667,,172800.0,True
"sync=event:0.0,cache_ttl_s=600",3,8,t5_r023,0.8,,172800.0,True
"sync=event:0.0,cache_ttl_s=600",3,9,t4_r015,0.8,,300.0,False
"sync=event:0.0,cache_ttl_s=600",3,10,t2_r018,0.6667,,172800.0,True
"sync=event:0.0,cache_ttl_s=600",3,11,t4_r020,0.0,,0.0,False
"sync=event:0.0,cache_ttl_s=600",3,12,t4_r002,0.6667,,172800.0,True
"sync=event:0.0,cache_ttl_s=600",3,13,t2_r029,0.8,,172800.0,True
"sync=event:0.0,cache_ttl_s=600",3,14,t5_r019,0.0,,0.0,False
"sync=event:0.0,cache_ttl_s=600",3,15,t1_r009,0.0,,0.0,False
"sync=event:0.0,cache_ttl_s=600",3,16,t3_r004,0.6667,,300.0,False
"sync=event:0.0,cache_ttl_s=600",3,17,t5_r001,0.0,,0.0,False
"sync=event:0.0,cache_ttl_s=600",3,18,t5_r020,0.8,,900.0,False
"sync=event:0.0,cache_ttl_s=600",3,19,t2_r001,0.6667,,172800.0,True
"sync=event:0.0,cache_ttl_s=600",3,20,t2_r021,0.0,,0.0,False
"sync=event:0.0,cache_ttl_s=600",3,21,t3_r028,1.0,,60.0,False
"sync=event:0.0,cache_ttl_s=600",3,22,t2_r012,0.8,,60.0,False
"sync=event:0.0,cache_ttl_s=600",3,23,t4_r005,0.8,,172800.0,True
"sync=event:0.0,cache_ttl_s=600",3,24,t5_r027,0.0,,0.0,False
"sync=event:0.0,cache_ttl_s=600",3,25,t5_r012,0.8,,172800.0,True
"sync=event:0.0,cache_ttl_s=600",3,26,t5_r009,1.0,,172800.0,True
"sync=event:0.0,cache_ttl_s=600",3,27,t2_r006,0.6667,,172800.0,True
"sync=event:0.0,cache_ttl_s=600",3,28,t4_r025,0.8,,172800.0,True
"sync=event:0.0,cache_ttl_s=600",3,29,t4_r012,0.8,,900.0,False
"sync=event:0.0,cache_ttl_s=600",3,30,t1_r005,0.0,,0.0,False
"sync=event:0.0,cache_ttl_s=600",3,31,t5_r023,0.8,,172800.0,True
"sync=event:0.0,cache_ttl_s=600",3,32,t1_r023,0.8,,900.0,False
"sync=event:0.0,cache_ttl_s=600",3,33,t3_r013,0.8,,172800.0,True
"sync=event:0.0,cache_ttl_s=600",3,34,t2_r007,0.0,,0.0,False
"sync=event:0.0,cache_ttl_s=600",3,35,t1_r023,0.8,,900.0,False
"sync=event:0.0,cache_ttl_s=600",3,36,t3_r001,0.8,,172800.0,True
"sync=event:0.0,cache_ttl_s=600",3,37,t1_r026,0.0,,0.0,False
"sync=event:0.0,cache_ttl_s=600",3,38,t4_r005,0.8,,172800.0,True
"sync=event:0.0,cache_ttl_s=600",3,39,t1_r023,0.8,,900.0,False
"sync=event:0.0,cache_ttl_s=600",4,0,t3_r029,0.8,,172800.0,True
"sync=event:0.0,cache_ttl_s=600",4,1,t1_r005,0.0,,0.0,False
"sync=event:0.0,cache_ttl_s=600",4,2,t4_r027,0.8,,172800.0,True
"sync=event:0.0,cache_ttl_s=600",4,3,t3_r016,1.0,,172800.0,True
"sync=event:0.0,cache_ttl_s=600",4,4,t4_r018,0.8,,900.0,False
"sync=event:0.0,cache_ttl_s=600",4,5,t5_r020,0.8,,900.0,False
"sync=event:0.0,cache_ttl_s=600",4,6,t1_r024,0.6,,900.0,False
"sync=event:0.0,cache_ttl_s=600",4,7,t2_r024,0.0,,0.0,False
"sync=event:0.0,cache_ttl_s=600",4,8,t2_r028,0.8,,900.0,False
"sync=event:0.0,cache_ttl_s=600",4,9,t4_r003,0.8,,172800.0,True
"sync=event:0.0,cache_ttl_s=600",4,10,t1_r025,0.0,,0.0,False
"sync=event:0.0,cache_ttl_s=600",4,11,t2_r016,0.6667,,172800.0,True
"sync=event:0.0,cache_ttl_s=600",4,12,t3_r002,0.0,,0.0,False
"sync=event:0.0,cache_ttl_s=600",4,13,t3_r002,0.0,,0.0,False
"sync=event:0.0,cache_ttl_s=600",4,14,t4_r024,0.0,,0.0,False
"sync=event:0.0,cache_ttl_s=600",4,15,t3_r001,0.8,,172800.0,True
"sync=event:0.0,cache_ttl_s=600",4,16,t1_r008,0.8,,900.0,False
"sync=event:0.0,cache_ttl_s=600",4,17,t4_r020,0.0,,0.0,False
"sync=event:0.0,cache_ttl_s=600",4,18,t3_r021,1.0,,172800.0,True
"sync=event:0.0,cache_ttl_s=600",4,19,t4_r017,0.8,,300.0,False
"sync=event:0.0,cache_ttl_s=600",4,20,t1_r012,0.0,,0.0,False
"sync=event:0.0,cache_ttl_s=600",4,21,t4_r003,0.8,,172800.0,True
"sync=event:0.0,cache_ttl_s=600",4,22,t4_r018,0.8,,900.0,False
"sync=event:0.0,cache_ttl_s=600",4,23,t3_r001,0.8,,172800.0,True
"sync=event:0.0,cache_ttl_s=600",4,24,t4_r018,0.8,,900.0,False
"sync=event:0.0,cache_ttl_s=600",4,25,t4_r009,0.0,,0.0,False
"sync=event:0.0,cache_ttl_s=600",4,26,t4_r025,0.8,,172800.0,True
"sync=event:0.0,cache_ttl_s=600",4,27,t2_r020,0.6667,,172800.0,True
"sync=event:0.0,cache_ttl_s=600",4,28,t2_r018,0.6667,,172800.0,True
"sync=event:0.0,cache_ttl_s=600",4,29,t2_r009,0.8,,900.0,False
"sync=event:0.0,cache_ttl_s=600",4,30,t3_r016,1.0,,172800.0,True
"sync=event:0.0,cache_ttl_s=600",4,31,t2_r016,0.6667,,172800.0,True
"sync=event:0.0,cache_ttl_s=600",4,32,t5_r029,0.8,,172800.0,True
"sync=event:0.0,cache_ttl_s=600",4,33,t1_r018,0.0,,0.0,False
"sync=event:0.0,cache_ttl_s=600",4,34,t3_r007,0.0,,0.0,False
"sync=event:0.0,cache_ttl_s=600",4,35,t1_r022,0.0,,0.0,False
"sync=event:0.0,cache_ttl_s=600",4,36,t4_r019,0.6667,,172800.0,True
"sync=event:0.0,cache_ttl_s=600",4,37,t5_r000,0.6667,,172800.0,True
"sync=event:0.0,cache_ttl_s=600",4,38,t3_r024,0.6,,172800.0,True
"sync=event:0.0,cache_ttl_s=600",4,39,t2_r008,0.0,,0.0,False
"sync=event:0.0,cache_ttl_s=3600",0,0,t3_r005,0.8,,172800.0,True
"sync=event:0.0,cache_ttl_s=3600",0,1,t2_r004,0.8,,3600.0,False
"sync=event:0.0,cache_ttl_s=3600",0,2,t4_r001,1.0,,172800.0,True
"sync=event:0.0,cache_ttl_s=3600",0,3,t1_r015,0.0,,0.0,False
"sync=event:0.0,cache_ttl_s=3600",0,4,t2_r016,0.6667,,172800.0,True
"sync=event:0.0,cache_ttl_s=3600",0,5,t5_r016,0.0,,0.0,False
"sync=event:0.0,cache_ttl_s=3600",0,6,t1_r020,1.0,,172800.0,True
"sync=event:0.0,cache_ttl_s=3600",0,7,t4_r015,0.8,,3600.0,False
"sync=event:0.0,cache_ttl_s=3600",0,8,t4_r014,1.0,,172800.0,True
"sync=event:0.0,cache_ttl_s=3600",0,9,t3_r019,1.0,,172800.0,True
"sync=event:0.0,cache_ttl_s=3600",0,10,t5_r000,0.6667,,172800.0,True
"sync=event:0.0,cache_ttl_s=3600",0,11,t3_r029,0.8,,172800.0,True
"sync=event:0.0,cache_ttl_s=3600",0,12,t2_r009,0.8,,3600.0,False
"sync=event:0.0,cache_ttl_s=3600",0,13,t3_r011,0.0,,0.0,False
"sync=event:0.0,cache_ttl_s=3600",0,14,t3_r023,0.8,,3600.0,False
"sync=event:0.0,cache_ttl_s=3600",0,15,t2_r021,0.0,,0.0,False
"sync=event:0.0,cache_ttl_s=3600",0,16,t5_r015,0.0,,0.0,False
"sync=event:0.0,cache_ttl_s=3600",0,17,t4_r000,0.6667,,172800.0,True
"sync=event:0.0,cache_ttl_s=3600",0,18,t4_r022,0.8,,3600.0,False
"sync=event:0.0,cache_ttl_s=3600",0,19,t4_r026,0.0,,0.0,False
"sync=event:0.0,cache_ttl_s=3600",0,20,t4_r015,0.8,,3600.0,False
"sync=event:0.0,cache_ttl_s=3600",0,21,t1_r009,0.0,,0.0,False
"sync=event:0.0,cache_ttl_s=3600",0,22,t4_r023,0.6667,,172800.0,True
"sync=event:0.0,cache_ttl_s=3600",0,23,t2_r028,0.8,,3600.0,False
"sync=event:0.0,cache_ttl_s=3600",0,24,t2_r012,0.8,,3600.0,False
"sync=event:0.0,cache_ttl_s=3600",0,25,t2_r019,0.8,,3600.0,False
"sync=event:0.0,cache_ttl_s=3600",0,26,t4_r013,0.6,,3600.0,False
"sync=event:0.0,cache_ttl_s=3600",0,27,t5_r015,0.0,,0.0,False
"sync=event:0.0,cache_ttl_s=3600",0,28,t4_r028,0.0,,0.0,False
"sync=event:0.0,cache_ttl_s=3600",0,29,t3_r023,0.8,,3600.0,False
"sync=event:0.0,cache_ttl_s=3600",0,30,t5_r026,0.0,,0.0,False
"sync=event:0.0,cache_ttl_s=3600",0,31,t4_r002,0.6667,,172800.0,True
"sync=event:0.0,cache_ttl_s=3600",0,32,t3_r002,0.0,,0.0,False
"sync=event:0.0,cache_ttl_s=3600",0,33,t5_r012,0.8,,172800.0,True
"sync=event:0.0,cache_ttl_s=3600",0,34,t4_r016,0.8,,3600.0,False
"sync=event:0.0,cache_ttl_s=3600",0,35,t5_r018,0.8,,172800.0,True
"sync=event:0.0,cache_ttl_s=3600",0,36,t5_r026,0.0,,0.0,False
"sync=event:0.0,cache_ttl_s=3600",0,37,t4_r018,0.8,,3600.0,False
"sync=event:0.0,cache_ttl_s=3600",0,38,t2_r013,0.8,,3600.0,False
"sync=event:0.0,cache_ttl_s=3600",0,39,t4_r002,0.6667,,172800.0,True
"sync=event:0.0,cache_ttl_s=3600",1,0,t3_r008,0.8,,172800.0,True
"sync=event:0.0,cache_ttl_s=3600",1,1,t1_r000,0.8,,172800.0,True
"sync=event:0.0,cache_ttl_s=3600",1,2,t1_r015,0.0,,0.0,False
"sync=event:0.0,cache_ttl_s=3600",1,3,t4_r018,0.8,,3600.0,False
"sync=event:0.0,cache_ttl_s=3600",1,4,t5_r006,0.0,,0.0,False
"sync=event:0.0,cache_ttl_s=3600",1,5,t3_r019,1.0,,172800.0,True
"sync=event:0.0,cache_ttl_s=3600",1,6,t3_r004,0.6667,,3600.0,False
"sync=event:0.0,cache_ttl_s=3600",1,7,t2_r003,0.0,,0.0,False
"sync=event:0.0,cache_ttl_s=3600",1,8,t2_r028,0.8,,3600.0,False
"sync=event:0.0,cache_ttl_s=3600",1,9,t2_r026,0.0,,0.0,False
"sync=event:0.0,cache_ttl_s=3600",1,10,t4_r003,0.8,,172800.0,True
"sync=event:0.0,cache_ttl_s=3600",1,11,t3_r014,0.8,,172800.0,True
"sync=event:0.0,cache_ttl_s=3600",1,12,t1_r021,0.6667,,172800.0,True
"sync=event:0.0,cache_ttl_s=3600",1,13,t1_r023,0.8,,3600.0,False
"sync=event:0.0,cache_ttl_s=3600",1,14,t3_r007,0.0,,0.0,False
"sync=event:0.0,cache_ttl_s=3600",1,15,t2_r014,0.0,,0.0,False
"sync=event:0.0,cache_ttl_s=3600",1,16,t5_r001,0.0,,0.0,False
"sync=event:0.0,cache_ttl_s=3600",1,17,t3_r000,0.6667,,172800.0,True
"sync=event:0.0,cache_ttl_s=3600",1,18,t1_r013,0.0,,0.0,False
"sync=event:0.0,cache_ttl_s=3600",1,19,t4_r019,0.6667,,172800.0,True
"sync=event:0.0,cache_ttl_s=3600",1,20,t3_r024,0.6,,172800.0,True
"sync=event:0.0,cache_ttl_s=3600",1,21,t5_r018,0.8,,172800.0,True
"sync=event:0.0,cache_ttl_s=3600",1,22,t3_r021,1.0,,172800.0,True
"sync=event:0.0,cache_ttl_s=3600",1,23,t4_r024,0.0,,0.0,False
"sync=event:0.0,cache_ttl_s=3600",1,24,t3_r001,0.8,,172800.0,True
"sync=event:0.0,cache_ttl_s=3600",1,25,t3_r024,0.6,,172800.0,True
"sync=event:0.0,cache_ttl_s=3600",1,26,t5_r000,0.6667,,172800.0,True
"sync=event:0.0,cache_ttl_s=3600",1,27,t5_r026,0.0,,0.0,False
"sync=event:0.0,cache_ttl_s=3600",1,28,t3_r014,0.8,,172800.0,True
"sync=event:0.0,cache_ttl_s=3600",1,29,t1_r001,0.6667,,172800.0,True
"sync=event:0.0,cache_ttl_s=3600",1,30,t4_r011,0.0,,0.0,False
"sync=event:0.0,cache_ttl_s=3600",1,31,t4_r016,0.8,,3600.0,False
"sync=event:0.0,cache_ttl_s=3600",1,32,t4_r019,0.6667,,172800.0,True
"sync=event:0.0,cache_ttl_s=3600",1,33,t2_r018,0.6667,,172800.0,True
"sync=event:0.0,cache_ttl_s=3600",1,34,t4_r007,0.0,,0.0,False
"sync=event:0.0,cache_ttl_s=3600",1,35,t2_r004,0.8,,3600.0,False
"sync=event:0.0,cache_ttl_s=3600",1,36,t4_r006,0.0,,0.0,False
"sync=event:0.0,cache_ttl_s=3600",1,37,t3_r029,0.8,,172800.0,True
"sync=event:0.0,cache_ttl_s=3600",1,38,t1_r006,0.8,,172800.0,True
"sync=event:0.0,cache_ttl_s=3600",1,39,t5_r026,0.0,,0.0,False
"sync=event:0.0,cache_ttl_s=3600",2,0,t2_r013,0.8,,3600.0,False
"sync=event:0.0,cache_ttl_s=3600",2,1,t3_r022,0.8,,172800.0,True
"sync=event:0.0,cache_ttl_s=3600",2,2,t3_r005,0.8,,172800.0,True
"sync=event:0.0,cache_ttl_s=3600",2,3,t2_r016,0.6667,,172800.0,True
"sync=event:0.0,cache_ttl_s=3600",2,4,t3_r001,0.8,,172800.0,True
"sync=event:0.0,cache_ttl_s=3600",2,5,t5_r012,0.8,,172800.0,True
"sync=event:0.0,cache_ttl_s=3600",2,6,t5_r002,0.0,,0.0,False
"sync=event:0.0,cache_ttl_s=3600",2,7,t4_r013,0.6,,3600.0,False
"sync=event:0.0,cache_ttl_s=3600",2,8,t1_r014,0.0,,0.0,False
"sync=event:0.0,cache_ttl_s=3600",2,9,t4_r015,0.8,,3600.0,False
"sync=event:0.0,cache_ttl_s=3600",2,10,t4_r011,0.0,,0.0,False
"sync=event:0.0,cache_ttl_s=3600",2,11,t2_r002,0.0,,0.0,False
"sync=event:0.0,cache_ttl_s=3600",2,12,t1_r027,0.0,,0.0,False
"sync=event:0.0,cache_ttl_s=3600",2,13,t5_r005,0.8,,172800.0,True
"sync=event:0.0,cache_ttl_s=3600",2,14,t5_r014,0.8,,172800.0,True
"sync=event:0.0,cache_ttl_s=3600",2,15,t5_r003,0.8,,172800.0,True
"sync=event:0.0,cache_ttl_s=3600",2,16,t1_r013,0.0,,0.0,False
"sync=event:0.0,cache_ttl_s=3600",2,17,t2_r022,0.8,,3600.0,False
"sync=event:0.0,cache_ttl_s=3600",2,18,t5_r022,0.8,,172800.0,True
"sync=event:0.0,cache_ttl_s=3600",2,19,t1_r022,0.0,,0.0,False
"sync=event:0.0,cache_ttl_s=3600",2,20,t5_r008,0.0,,0.0,False
"sync=event:0.0,cache_ttl_s=3600",2,21,t1_r025,0.0,,0.0,False
"sync=event:0.0,cache_ttl_s=3600",2,22,t5_r029,0.8,,172800.0,True
"sync=event:0.0,cache_ttl_s=3600",2,23,t5_r007,0.8,,172800.0,True
"sync=event:0.0,cache_ttl_s=3600",2,24,t4_r024,0.0,,0.0,False
"sync=event:0.0,cache_ttl_s=3600",2,25,t4_r019,0.6667,,172800.0,True
"sync=event:0.0,cache_ttl_s=3600",2,26,t4_r016,0.8,,3600.0,False
"sync=event:0.0,cache_ttl_s=3600",2,27,t1_r029,0.0,,0.0,False
"sync=event:0.0,cache_ttl_s=3600",2,28,t2_r008,0.0,,0.0,False
"sync=event:0.0,cache_ttl_s=3600",2,29,t1_r014,0.0,,0.0,False
"sync=event:0.0,cache_ttl_s=3600",2,30,t4_r008,0.6667,,172800.0,True
"sync=event:0.0,cache_ttl_s=3600",2,31,t5_r021,0.8,,172800.0,True
"sync=event:0.0,cache_ttl_s=3600",2,32,t5_r025,0.0,,0.0,False
"sync=event:0.0,cache_ttl_s=3600",2,33,t3_r008,0.8,,172800.0,True
"sync=event:0.0,cache_ttl_s=3600",2,34,t4_r011,0.0,,0.0,False
"sync=event:0.0,cache_ttl_s=3600",2,35,t3_r011,0.0,,0.0,False
"sync=event:0.0,cache_ttl_s=3600",2,36,t5_r009,1.0,,172800.0,True
"sync=event:0.0,cache_ttl_s=3600",2,37,t3_r029,0.8,,172800.0,True
"sync=event:0.0,cache_ttl_s=3600",2,38,t4_r004,0.0,,0.0,False
"sync=event:0.0,cache_ttl_s=3600",2,39,t2_r006,0.6667,,172800.0,True
"sync=event:0.0,cache_ttl_s=3600",3,0,t4_r022,0.8,,3600.0,False
"sync=event:0.0,cache_ttl_s=3600",3,1,t4_r028,0.0,,0.0,False
"sync=event:0.0,cache_ttl_s=3600",3,2,t1_r028,0.0,,0.0,False
"sync=event:0.0,cache_ttl_s=3600",3,3,t5_r013,0.0,,0.0,False
"sync=event:0.0,cache_ttl_s=3600",3,4,t2_r008,0.0,,0.0,False
"sync=event:0.0,cache_ttl_s=3600",3,5,t1_r029,0.0,,0.0,False
"sync=event:0.0,cache_ttl_s=3600",3,6,t1_r016,0.8,,172800.0,True
"sync=event:0.0,cache_ttl_s=3600",3,7,t4_r008,0.6667,,172800.0,True
"sync=event:0.0,cache_ttl_s=3600",3,8,t5_r023,0.8,,172800.0,True
"sync=event:0.0,cache_ttl_s=3600",3,9,t4_r015,0.8,,3600.0,False
"sync=event:0.0,cache_ttl_s=3600",3,10,t2_r018,0.6667,,172800.0,True
"sync=event:0.0,cache_ttl_s=3600",3,11,t4_r020,0.0,,0.0,False
"sync=event:0.0,cache_ttl_s=3600",3,12,t4_r002,0.6667,,172800.0,True
"sync=event:0.0,cache_ttl_s=3600",3,13,t2_r029,0.8,,172800.0,True
"sync=event:0.0,cache_ttl_s=3600",3,14,t5_r019,0.0,,0.0,False
"sync=event:0.0,cache_ttl_s=3600",3,15,t1_r009,0.0,,0.0,False
"sync=event:0.0,cache_ttl_s=3600",3,16,t3_r004,0.6667,,3600.0,False
"sync=event:0.0,cache_ttl_s=3600",3,17,t5_r001,0.0,,0.0,False
"sync=event:0.0,cache_ttl_s=3600",3,18,t5_r020,0.8,,3600.0,False
"sync=event:0.0,cache_ttl_s=3600",3,19,t2_r001,0.6667,,172800.0,True
"sync=event:0.0,cache_ttl_s=3600",3,20,t2_r021,0.0,,0.0,False
"sync=event:0.0,cache_ttl_s=3600",3,21,t3_r028,1.0,,3600.0,False
"sync=event:0.0,cache_ttl_s=3600",3,22,t2_r012,0.8,,3600.0,False
"sync=event:0.0,cache_ttl_s=3600",3,23,t4_r005,0.8,,172800.0,True
"sync=event:0.0,cache_ttl_s=3600",3,24,t5_r027,0.0,,0.0,False
"sync=event:0.0,cache_ttl_s=3600",3,25,t5_r012,0.8,,172800.0,True
"sync=event:0.0,cache_ttl_s=3600",3,26,t5_r009,1.0,,172800.0,True
"sync=event:0.0,cache_ttl_s=3600",3,27,t2_r006,0.6667,,172800.0,True
"sync=event:0.0,cache_ttl_s=3600",3,28,t4_r025,0.8,,172800.0,True
"sync=event:0.0,cache_ttl_s=3600",3,29,t4_r012,0.8,,3600.0,False
"sync=event:0.0,cache_ttl_s=3600",3,30,t1_r005,0.0,,0.0,False
"sync=event:0.0,cache_ttl_s=3600",3,31,t5_r023,0.8,,172800.0,True
"sync=event:0.0,cache_ttl_s=3600",3,32,t1_r023,0.8,,3600.0,False
"sync=event:0.0,cache_ttl_s=3600",3,33,t3_r013,0.8,,172800.0,True
"sync=event:0.0,cache_ttl_s=3600",3,34,t2_r007,0.0,,0.0,False
"sync=event:0.0,cache_ttl_s=3600",3,35,t1_r023,0.8,,3600.0,False
"sync=event:0.0,cache_ttl_s=3600",3,36,t3_r001,0.8,,172800.0,True
"sync=event:0.0,cache_ttl_s=3600",3,37,t1_r026,0.0,,0.0,False
"sync=event:0.0,cache_ttl_s=3600",3,38,t4_r005,0.8,,172800.0,True
"sync=event:0.0,cache_ttl_s=3600",3,39,t1_r023,0.8,,3600.0,False
"sync=event:0.0,cache_ttl_s=3600",4,0,t3_r029,0.8,,172800.0,True
"sync=event:0.0,cache_ttl_s=3600",4,1,t1_r005,0.0,,0.0,False
"sync=event:0.0,cache_ttl_s=3600",4,2,t4_r027,0.8,,172800.0,True
"sync=event:0.0,cache_ttl_s=3600",4,3,t3_r016,1.0,,172800.0,True
"sync=event:0.0,cache_ttl_s=3600",4,4,t4_r018,0.8,,3600.0,False
"sync=event:0.0,cache_ttl_s=3600",4,5,t5_r020,0.8,,3600.0,False
"sync=event:0.0,cache_ttl_s=3600",4,6,t1_r024,0.6,,3600.0,False
"sync=event:0.0,cache_ttl_s=3600",4,7,t2_r024,0.0,,0.0,False
"sync=event:0.0,cache_ttl_s=3600",4,8,t2_r028,0.8,,3600.0,False
"sync=event:0.0,cache_ttl_s=3600",4,9,t4_r003,0.8,,172800.0,True
"sync=event:0.0,cache_ttl_s=3600",4,10,t1_r025,0.0,,0.0,False
"sync=event:0.0,cache_ttl_s=3600",4,11,t2_r016,0.6667,,172800.0,True
"sync=event:0.0,cache_ttl_s=3600",4,12,t3_r002,0.0,,0.0,False
"sync=event:0.0,cache_ttl_s=3600",4,13,t3_r002,0.0,,0.0,False
"sync=event:0.0,cache_ttl_s=3600",4,14,t4_r024,0.0,,0.0,False
"sync=event:0.0,cache_ttl_s=3600",4,15,t3_r001,0.8,,172800.0,True
"sync=event:0.0,cache_ttl_s=3600",4,16,t1_r008,0.8,,3600.0,False
"sync=event:0.0,cache_ttl_s=3600",4,17,t4_r020,0.0,,0.0,False
"sync=event:0.0,cache_ttl_s=3600",4,18,t3_r021,1.0,,172800.0,True
"sync=event:0.0,cache_ttl_s=3600",4,19,t4_r017,0.8,,3600.0,False
"sync=event:0.0,cache_ttl_s=3600",4,20,t1_r012,0.0,,0.0,False
"sync=event:0.0,cache_ttl_s=3600",4,21,t4_r003,0.8,,172800.0,True
"sync=event:0.0,cache_ttl_s=3600",4,22,t4_r018,0.8,,3600.0,False
"sync=event:0.0,cache_ttl_s=3600",4,23,t3_r001,0.8,,172800.0,True
"sync=event:0.0,cache_ttl_s=3600",4,24,t4_r018,0.8,,3600.0,False
"sync=event:0.0,cache_ttl_s=3600",4,25,t4_r009,0.0,,0.0,False
"sync=event:0.0,cache_ttl_s=3600",4,26,t4_r025,0.8,,172800.0,True
"sync=event:0.0,cache_ttl_s=3600",4,27,t2_r020,0.6667,,172800.0,True
"sync=event:0.0,cache_ttl_s=3600",4,28,t2_r018,0.6667,,172800.0,True
"sync=event:0.0,cache_ttl_s=3600",4,29,t2_r009,0.8,,3600.0,False
"sync=event:0.0,cache_ttl_s=3600",4,30,t3_r016,1.0,,172800.0,True
"sync=event:0.0,cache_ttl_s=3600",4,31,t2_r016,0.6667,,172800.0,True
"sync=event:0.0,cache_ttl_s=3600",4,32,t5_r029,0.8,,172800.0,True
"sync=event:0.0,cache_ttl_s=3600",4,33,t1_r018,0.0,,0.0,False
"sync=event:0.0,cache_ttl_s=3600",4,34,t3_r007,0.0,,0.0,False
"sync=event:0.0,cache_ttl_s=3600",4,35,t1_r022,0.0,,0.0,False
"sync=event:0.0,cache_ttl_s=3600",4,36,t4_r019,0.6667,,172800.0,True
"sync=event:0.0,cache_ttl_s=3600",4,37,t5_r000,0.6667,,172800.0,True
"sync=event:0.0,cache_ttl_s=3600",4,38,t3_r024,0.6,,172800.0,True
"sync=event:0.0,cache_ttl_s=3600",4,39,t2_r008,0.0,,0.0,False
"sync=event:0.0,cache_ttl_s=86400",0,0,t3_r005,0.8,,172800.0,True
"sync=event:0.0,cache_ttl_s=86400",0,1,t2_r004,0.8,,86400.0,False
"sync=event:0.0,cache_ttl_s=86400",0,2,t4_r001,1.0,,172800.0,True
"sync=event:0.0,cache_ttl_s=86400",0,3,t1_r015,0.0,,0.0,False
"sync=event:0.0,cache_ttl_s=86400",0,4,t2_r016,0.6667,,172800.0,True
"sync=event:0.0,cache_ttl_s=86400",0,5,t5_r016,0.0,,0.0,False
"sync=event:0.0,cache_ttl_s=86400",0,6,t1_r020,1.0,,172800.0,True
"sync=event:0.0,cache_ttl_s=86400",0,7,t4_r015,0.8,,86400.0,False
"sync=event:0.0,cache_ttl_s=86400",0,8,t4_r014,1.0,,172800.0,True
"sync=event:0.0,cache_ttl_s=86400",0,9,t3_r019,1.0,,172800.0,True
"sync=event:0.0,cache_ttl_s=86400",0,10,t5_r000,0.6667,,172800.0,True
"sync=event:0.0,cache_ttl_s=86400",0,11,t3_r029,0.8,,172800.0,True
"sync=event:0.0,cache_ttl_s=86400",0,12,t2_r009,0.8,,86400.0,False
"sync=event:0.0,cache_ttl_s=86400",0,13,t3_r011,0.0,,0.0,False
"sync=event:0.0,cache_ttl_s=86400",0,14,t3_r023,0.8,,86400.0,False
"sync=event:0.0,cache_ttl_s=86400",0,15,t2_r021,0.0,,0.0,False
"sync=event:0.0,cache_ttl_s=86400",0,16,t5_r015,0.0,,0.0,False
"sync=event:0.0,cache_ttl_s=86400",0,17,t4_r000,0.6667,,172800.0,True
"sync=event:0.0,cache_ttl_s=86400",0,18,t4_r022,0.8,,86400.0,False
"sync=event:0.0,cache_ttl_s=86400",0,19,t4_r026,0.0,,0.0,False
"sync=event:0.0,cache_ttl_s=86400",0,20,t4_r015,0.8,,86400.0,False
"sync=event:0.0,cache_ttl_s=86400",0,21,t1_r009,0.0,,0.0,False
"sync=event:0.0,cache_ttl_s=86400",0,22,t4_r023,0.6667,,172800.0,True
"sync=event:0.0,cache_ttl_s=86400",0,23,t2_r028,0.8,,86400.0,False
"sync=event:0.0,cache_ttl_s=86400",0,24,t2_r012,0.8,,86400.0,False
"sync=event:0.0,cache_ttl_s=86400",0,25,t2_r019,0.8,,86400.0,False
"sync=event:0.0,cache_ttl_s=86400",0,26,t4_r013,0.6,,86400.0,False
"sync=event:0.0,cache_ttl_s=86400",0,27,t5_r015,0.0,,0.0,False
"sync=event:0.0,cache_ttl_s=86400",0,28,t4_r028,0.0,,0.0,False
"sync=event:0.0,cache_ttl_s=86400",0,29,t3_r023,0.8,,86400.0,False
"sync=event:0.0,cache_ttl_s=86400",0,30,t5_r026,0.0,,0.0,False
"sync=event:0.0,cache_ttl_s=86400",0,31,t4_r002,0.6667,,172800.0,True
"sync=event:0.0,cache_ttl_s=86400",0,32,t3_r002,0.0,,0.0,False
"sync=event:0.0,cache_ttl_s=86400",0,33,t5_r012,0.8,,172800.0,True
"sync=event:0.0,cache_ttl_s=86400",0,34,t4_r016,0.8,,86400.0,False
"sync=event:0.0,cache_ttl_s=86400",0,35,t5_r018,0.8,,172800.0,True
"sync=event:0.0,cache_ttl_s=86400",0,36,t5_r026,0.0,,0.0,False
"sync=event:0.0,cache_ttl_s=86400",0,37,t4_r018,0.8,,86400.0,False
"sync=event:0.0,cache_ttl_s=86400",0,38,t2_r013,0.8,,86400.0,False
"sync=event:0.0,cache_ttl_s=86400",0,39,t4_r002,0.6667,,172800.0,True
"sync=event:0.0,cache_ttl_s=86400",1,0,t3_r008,0.8,,172800.0,True
"sync=event:0.0,cache_ttl_s=86400",1,1,t1_r000,0.8,,172800.0,True
"sync=event:0.0,cache_ttl_s=86400",1,2,t1_r015,0.0,,0.0,False
"sync=event:0.0,cache_ttl_s=86400",1,3,t4_r018,0.8,,86400.0,False
"sync=event:0.0,cache_ttl_s=86400",1,4,t5_r006,0.0,,0.0,False
"sync=event:0.0,cache_ttl_s=86400",1,5,t3_r019,1.0,,172800.0,True
"sync=event:0.0,cache_ttl_s=86400",1,6,t3_r004,0.6667,,86400.0,False
"sync=event:0.0,cache_ttl_s=86400",1,7,t2_r003,0.0,,0.0,False
"sync=event:0.0,cache_ttl_s=86400",1,8,t2_r028,0.8,,86400.0,False
"sync=event:0.0,cache_ttl_s=86400",1,9,t2_r026,0.0,,0.0,False
"sync=event:0.0,cache_ttl_s=86400",1,10,t4_r003,0.8,,172800.0,True
"sync=event:0.0,cache_ttl_s=86400",1,11,t3_r014,0.8,,172800.0,True
"sync=event:0.0,cache_ttl_s=86400",1,12,t1_r021,0.6667,,172800.0,True
"sync=event:0.0,cache_ttl_s=86400",1,13,t1_r023,0.8,,86400.0,False
"sync=event:0.0,cache_ttl_s=86400",1,14,t3_r007,0.0,,0.0,False
"sync=event:0.0,cache_ttl_s=86400",1,15,t2_r014,0.0,,0.0,False
"sync=event:0.0,cache_ttl_s=86400",1,16,t5_r001,0.0,,0.0,False
"sync=event:0.0,cache_ttl_s=86400",1,17,t3_r000,0.6667,,172800.0,True
"sync=event:0.0,cache_ttl_s=86400",1,18,t1_r013,0.0,,0.0,False
"sync=event:0.0,cache_ttl_s=86400",1,19,t4_r019,0.6667,,172800.0,True
"sync=event:0.0,cache_ttl_s=86400",1,20,t3_r024,0.6,,172800.0,True
"sync=event:0.0,cache_ttl_s=86400",1,21,t5_r018,0.8,,172800.0,True
"sync=event:0.0,cache_ttl_s=86400",1,22,t3_r021,1.0,,172800.0,True
"sync=event:0.0,cache_ttl_s=86400",1,23,t4_r024,0.0,,0.0,False
"sync=event:0.0,cache_ttl_s=86400",1,24,t3_r001,0.8,,172800.0,True
"sync=event:0.0,cache_ttl_s=86400",1,25,t3_r024,0.6,,172800.0,True
"sync=event:0.0,cache_ttl_s=86400",1,26,t5_r000,0.6667,,172800.0,True
"sync=event:0.0,cache_ttl_s=86400",1,27,t5_r026,0.0,,0.0,False
"sync=event:0.0,cache_ttl_s=86400",1,28,t3_r014,0.8,,172800.0,True
"sync=event:0.0,cache_ttl_s=86400",1,29,t1_r001,0.6667,,172800.0,True
"sync=event:0.0,cache_ttl_s=86400",1,30,t4_r011,0.0,,0.0,False
"sync=event:0.0,cache_ttl_s=86400",1,31,t4_r016,0.8,,86400.0,False
"sync=event:0.0,cache_ttl_s=86400",1,32,t4_r019,0.6667,,172800.0,True
"sync=event:0.0,cache_ttl_s=86400",1,33,t2_r018,0.6667,,172800.0,True
"sync=event:0.0,cache_ttl_s=86400",1,34,t4_r007,0.0,,0.0,False
"sync=event:0.0,cache_ttl_s=86400",1,35,t2_r004,0.8,,86400.0,False
"sync=event:0.0,cache_ttl_s=86400",1,36,t4_r006,0.0,,0.0,False
"sync=event:0.0,cache_ttl_s=86400",1,37,t3_r029,0.8,,172800.0,True
"sync=event:0.0,cache_ttl_s=86400",1,38,t1_r006,0.8,,172800.0,True
"sync=event:0.0,cache_ttl_s=86400",1,39,t5_r026,0.0,,0.0,False
"sync=event:0.0,cache_ttl_s=86400",2,0,t2_r013,0.8,,86400.0,False
"sync=event:0.0,cache_ttl_s=86400",2,1,t3_r022,0.8,,172800.0,True
"sync=event:0.0,cache_ttl_s=86400",2,2,t3_r005,0.8,,172800.0,True
"sync=event:0.0,cache_ttl_s=86400",2,3,t2_r016,0.6667,,172800.0,True
"sync=event:0.0,cache_ttl_s=86400",2,4,t3_r001,0.8,,172800.0,True
"sync=event:0.0,cache_ttl_s=86400",2,5,t5_r012,0.8,,172800.0,True
"sync=event:0.0,cache_ttl_s=86400",2,6,t5_r002,0.0,,0.0,False
"sync=event:0.0,cache_ttl_s=86400",2,7,t4_r013,0.6,,86400.0,False
"sync=event:0.0,cache_ttl_s=86400",2,8,t1_r014,0.0,,0.0,False
"sync=event:0.0,cache_ttl_s=86400",2,9,t4_r015,0.8,,86400.0,False
"sync=event:0.0,cache_ttl_s=86400",2,10,t4_r011,0.0,,0.0,False
"sync=event:0.0,cache_ttl_s=86400",2,11,t2_r002,0.0,,0.0,False
"sync=event:0.0,cache_ttl_s=86400",2,12,t1_r027,0.0,,0.0,False
"sync=event:0.0,cache_ttl_s=86400",2,13,t5_r005,0.8,,172800.0,True
"sync=event:0.0,cache_ttl_s=86400",2,14,t5_r014,0.8,,172800.0,True
"sync=event:0.0,cache_ttl_s=86400",2,15,t5_r003,0.8,,172800.0,True
"sync=event:0.0,cache_ttl_s=86400",2,16,t1_r013,0.0,,0.0,False
"sync=event:0.0,cache_ttl_s=86400",2,17,t2_r022,0.8,,86400.0,False
"sync=event:0.0,cache_ttl_s=86400",2,18,t5_r022,0.8,,172800.0,True
"sync=event:0.0,cache_ttl_s=86400",2,19,t1_r022,0.0,,0.0,False
"sync=event:0.0,cache_ttl_s=86400",2,20,t5_r008,0.0,,0.0,False
"sync=event:0.0,cache_ttl_s=86400",2,21,t1_r025,0.0,,0.0,False
"sync=event:0.0,cache_ttl_s=86400",2,22,t5_r029,0.8,,172800.0,True
"sync=event:0.0,cache_ttl_s=86400",2,23,t5_r007,0.8,,172800.0,True
"sync=event:0.0,cache_ttl_s=86400",2,24,t4_r024,0.0,,0.0,False
"sync=event:0.0,cache_ttl_s=86400",2,25,t4_r019,0.6667,,172800.0,True
"sync=event:0.0,cache_ttl_s=86400",2,26,t4_r016,0.8,,86400.0,False
"sync=event:0.0,cache_ttl_s=86400",2,27,t1_r029,0.0,,0.0,False
"sync=event:0.0,cache_ttl_s=86400",2,28,t2_r008,0.0,,0.0,False
"sync=event:0.0,cache_ttl_s=86400",2,29,t1_r014,0.0,,0.0,False
"sync=event:0.0,cache_ttl_s=86400",2,30,t4_r008,0.6667,,172800.0,True
"sync=event:0.0,cache_ttl_s=86400",2,31,t5_r021,0.8,,172800.0,True
"sync=event:0.0,cache_ttl_s=86400",2,32,t5_r025,0.0,,0.0,False
"sync=event:0.0,cache_ttl_s=86400",2,33,t3_r008,0.8,,172800.0,True
"sync=event:0.0,cache_ttl_s=86400",2,34,t4_r011,0.0,,0.0,False
"sync=event:0.0,cache_ttl_s=86400",2,35,t3_r011,0.0,,0.0,False
"sync=event:0.0,cache_ttl_s=86400",2,36,t5_r009,1.0,,172800.0,True
"sync=event:0.0,cache_ttl_s=86400",2,37,t3_r029,0.8,,172800.0,True
"sync=event:0.0,cache_ttl_s=86400",2,38,t4_r004,0.0,,0.0,False
"sync=event:0.0,cache_ttl_s=86400",2,39,t2_r006,0.6667,,172800.0,True
"sync=event:0.0,cache_ttl_s=86400",3,0,t4_r022,0.8,,86400.0,False
"sync=event:0.0,cache_ttl_s=86400",3,1,t4_r028,0.0,,0.0,False
"sync=event:0.0,cache_ttl_s=86400",3,2,t1_r028,0.0,,0.0,False
"sync=event:0.0,cache_ttl_s=86400",3,3,t5_r013,0.0,,0.0,False
"sync=event:0.0,cache_ttl_s=86400",3,4,t2_r008,0.0,,0.0,False
"sync=event:0.0,cache_ttl_s=86400",3,5,t1_r029,0.0,,0.0,False
"sync=event:0.0,cache_ttl_s=86400",3,6,t1_r016,0.8,,172800.0,True
"sync=event:0.0,cache_ttl_s=86400",3,7,t4_r008,0.6667,,172800.0,True
"sync=event:0.0,cache_ttl_s=86400",3,8,t5_r023,0.8,,172800.0,True
"sync=event:0.0,cache_ttl_s=86400",3,9,t4_r015,0.8,,86400.0,False
"sync=event:0.0,cache_ttl_s=86400",3,10,t2_r018,0.6667,,172800.0,True
"sync=event:0.0,cache_ttl_s=86400",3,11,t4_r020,0.0,,0.0,False
"sync=event:0.0,cache_ttl_s=86400",3,12,t4_r002,0.6667,,172800.0,True
"sync=event:0.0,cache_ttl_s=86400",3,13,t2_r029,0.8,,172800.0,True
"sync=event:0.0,cache_ttl_s=86400",3,14,t5_r019,0.0,,0.0,False
"sync=event:0.0,cache_ttl_s=86400",3,15,t1_r009,0.0,,0.0,False
"sync=event:0.0,cache_ttl_s=86400",3,16,t3_r004,0.6667,,86400.0,False
"sync=event:0.0,cache_ttl_s=86400",3,17,t5_r001,0.0,,0.0,False
"sync=event:0.0,cache_ttl_s=86400",3,18,t5_r020,0.8,,86400.0,False
"sync=event:0.0,cache_ttl_s=86400",3,19,t2_r001,0.6667,,172800.0,True
"sync=event:0.0,cache_ttl_s=86400",3,20,t2_r021,0.0,,0.0,False
"sync=event:0.0,cache_ttl_s=86400",3,21,t3_r028,1.0,,86400.0,False
"sync=event:0.0,cache_ttl_s=86400",3,22,t2_r012,0.8,,86400.0,False
"sync=event:0.0,cache_ttl_s=86400",3,23,t4_r005,0.8,,172800.0,True
"sync=event:0.0,cache_ttl_s=86400",3,24,t5_r027,0.0,,0.0,False
"sync=event:0.0,cache_ttl_s=86400",3,25,t5_r012,0.8,,172800.0,True
"sync=event:0.0,cache_ttl_s=86400",3,26,t5_r009,1.0,,172800.0,True
"sync=event:0.0,cache_ttl_s=86400",3,27,t2_r006,0.6667,,172800.0,True
"sync=event:0.0,cache_ttl_s=86400",3,28,t4_r025,0.8,,172800.0,True
"sync=event:0.0,cache_ttl_s=86400",3,29,t4_r012,0.8,,86400.0,False
"sync=event:0.0,cache_ttl_s=86400",3,30,t1_r005,0.0,,0.0,False
"sync=event:0.0,cache_ttl_s=86400",3,31,t5_r023,0.8,,172800.0,True
"sync=event:0.0,cache_ttl_s=86400",3,32,t1_r023,0.8,,86400.0,False
"sync=event:0.0,cache_ttl_s=86400",3,33,t3_r013,0.8,,172800.0,True
"sync=event:0.0,cache_ttl_s=86400",3,34,t2_r007,0.0,,0.0,False
"sync=event:0.0,cache_ttl_s=86400",3,35,t1_r023,0.8,,86400.0,False
"sync=event:0.0,cache_ttl_s=86400",3,36,t3_r001,0.8,,172800.0,True
"sync=event:0.0,cache_ttl_s=86400",3,37,t1_r026,0.0,,0.0,False
"sync=event:0.0,cache_ttl_s=86400",3,38,t4_r005,0.8,,172800.0,True
"sync=event:0.0,cache_ttl_s=86400",3,39,t1_r023,0.8,,86400.0,False
"sync=event:0.0,cache_ttl_s=86400",4,0,t3_r029,0.8,,172800.0,True
"sync=event:0.0,cache_ttl_s=86400",4,1,t1_r005,0.0,,0.0,False
"sync=event:0.0,cache_ttl_s=86400",4,2,t4_r027,0.8,,172800.0,True
"sync=event:0.0,cache_ttl_s=86400",4,3,t3_r016,1.0,,172800.0,True
"sync=event:0.0,cache_ttl_s=86400",4,4,t4_r018,0.8,,86400.0,False
"sync=event:0.0,cache_ttl_s=86400",4,5,t5_r020,0.8,,86400.0,False
"sync=event:0.0,cache_ttl_s=86400",4,6,t1_r024,0.6,,86400.0,False
"sync=event:0.0,cache_ttl_s=86400",4,7,t2_r024,0.0,,0.0,False
"sync=event:0.0,cache_ttl_s=86400",4,8,t2_r028,0.8,,86400.0,False
"sync=event:0.0,cache_ttl_s=86400",4,9,t4_r003,0.8,,172800.0,True
"sync=event:0.0,cache_ttl_s=86400",4,10,t1_r025,0.0,,0.0,False
"sync=event:0.0,cache_ttl_s=86400",4,11,t2_r016,0.6667,,172800.0,True
"sync=event:0.0,cache_ttl_s=86400",4,12,t3_r002,0.0,,0.0,False
"sync=event:0.0,cache_ttl_s=86400",4,13,t3_r002,0.0,,0.0,False
"sync=event:0.0,cache_ttl_s=86400",4,14,t4_r024,0.0,,0.0,False
"sync=event:0.0,cache_ttl_s=86400",4,15,t3_r001,0.8,,172800.0,True
"sync=event:0.0,cache_ttl_s=86400",4,16,t1_r008,0.8,,86400.0,False
"sync=event:0.0,cache_ttl_s=86400",4,17,t4_r020,0.0,,0.0,False
"sync=event:0.0,cache_ttl_s=86400",4,18,t3_r021,1.0,,172800.0,True
"sync=event:0.0,cache_ttl_s=86400",4,19,t4_r017,0.8,,86400.0,False
"sync=event:0.0,cache_ttl_s=86400",4,20,t1_r012,0.0,,0.0,False
"sync=event:0.0,cache_ttl_s=86400",4,21,t4_r003,0.8,,172800.0,True
"sync=event:0.0,cache_ttl_s=86400",4,22,t4_r018,0.8,,86400.0,False
"sync=event:0.0,cache_ttl_s=86400",4,23,t3_r001,0.8,,172800.0,True
"sync=event:0.0,cache_ttl_s=86400",4,24,t4_r018,0.8,,86400.0,False
"sync=event:0.0,cache_ttl_s=86400",4,25,t4_r009,0.0,,0.0,False
"sync=event:0.0,cache_ttl_s=86400",4,26,t4_r025,0.8,,172800.0,True
"sync=event:0.0,cache_ttl_s=86400",4,27,t2_r020,0.6667,,172800.0,True
"sync=event:0.0,cache_ttl_s=86400",4,28,t2_r018,0.6667,,172800.0,True
"sync=event:0.0,cache_ttl_s=86400",4,29,t2_r009,0.8,,86400.0,False
"sync=event:0.0,cache_ttl_s=86400",4,30,t3_r016,1.0,,172800.0,True
"sync=event:0.0,cache_ttl_s=86400",4,31,t2_r016,0.6667,,172800.0,True
"sync=event:0.0,cache_ttl_s=86400",4,32,t5_r029,0.8,,172800.0,True
"sync=event:0.0,cache_ttl_s=86400",4,33,t1_r018,0.0,,0.0,False
"sync=event:0.0,cache_ttl_s=86400",4,34,t3_r007,0.0,,0.0,False
"sync=event:0.0,cache_ttl_s=86400",4,35,t1_r022,0.0,,0.0,False
"sync=event:0.0,cache_ttl_s=86400",4,36,t4_r019,0.6667,,172800.0,True
"sync=event:0.0,cache_ttl_s=86400",4,37,t5_r000,0.6667,,172800.0,True
"sync=event:0.0,cache_ttl_s=86400",4,38,t3_r024,0.6,,172800.0,True
"sync=event:0.0,cache_ttl_s=86400",4,39,t2_r008,0.0,,0.0,False
"sync=event:0.05:86400,cache_ttl_s=600",0,0,t3_r005,0.8,,172800.0,True
"sync=event:0.05:86400,cache_ttl_s=600",0,1,t2_r004,0.8,,300.0,False
"sync=event:0.05:86400,cache_ttl_s=600",0,2,t4_r001,1.0,,172800.0,True
"sync=event:0.05:86400,cache_ttl_s=600",0,3,t1_r015,0.0,,0.0,False
"sync=event:0.05:86400,cache_ttl_s=600",0,4,t2_r016,0.6667,,172800.0,True
"sync=event:0.05:86400,cache_ttl_s=600",0,5,t5_r016,0.0,,0.0,False
"sync=event:0.05:86400,cache_ttl_s=600",0,6,t1_r020,1.0,,172800.0,True
"sync=event:0.05:86400,cache_ttl_s=600",0,7,t4_r015,0.8,,900.0,False
"sync=event:0.05:86400,cache_ttl_s=600",0,8,t4_r014,1.0,,172800.0,True
"sync=event:0.05:86400,cache_ttl_s=600",0,9,t3_r019,1.0,,172800.0,True
"sync=event:0.05:86400,cache_ttl_s=600",0,10,t5_r000,0.6667,,172800.0,True
"sync=event:0.05:86400,cache_ttl_s=600",0,11,t3_r029,0.8,,172800.0,True
"sync=event:0.05:86400,cache_ttl_s=600",0,12,t2_r009,0.8,,300.0,False
"sync=event:0.05:86400,cache_ttl_s=600",0,13,t3_r011,0.0,,0.0,False
"sync=event:0.05:86400,cache_ttl_s=600",0,14,t3_r023,0.8,,900.0,False
"sync=event:0.05:86400,cache_ttl_s=600",0,15,t2_r021,0.0,,0.0,False
"sync=event:0.05:86400,cache_ttl_s=600",0,16,t5_r015,0.0,,0.0,False
"sync=event:0.05:86400,cache_ttl_s=600",0,17,t4_r000,0.6667,,172800.0,True
"sync=event:0.05:86400,cache_ttl_s=600",0,18,t4_r022,0.8,,300.0,False
"sync=event:0.05:86400,cache_ttl_s=600",0,19,t4_r026,0.8,,43200.0,False
"sync=event:0.05:86400,cache_ttl_s=600",0,20,t4_r015,0.8,,300.0,False
"sync=event:0.05:86400,cache_ttl_s=600",0,21,t1_r009,0.0,,0.0,False
"sync=event:0.05:86400,cache_ttl_s=600",0,22,t4_r023,0.6667,,172800.0,True
"sync=event:0.05:86400,cache_ttl_s=600",0,23,t2_r028,0.8,,300.0,False
"sync=event:0.05:86400,cache_ttl_s=600",0,24,t2_r012,0.8,,900.0,False
"sync=event:0.05:86400,cache_ttl_s=600",0,25,t2_r019,0.8,,300.0,False
"sync=event:0.05:86400,cache_ttl_s=600",0,26,t4_r013,0.6,,900.0,False
"sync=event:0.05:86400,cache_ttl_s=600",0,27,t5_r015,0.0,,0.0,False
"sync=event:0.05:86400,cache_ttl_s=600",0,28,t4_r028,0.0,,0.0,False
"sync=event:0.05:86400,cache_ttl_s=600",0,29,t3_r023,0.8,,300.0,False
"sync=event:0.05:86400,cache_ttl_s=600",0,30,t5_r026,0.0,,0.0,False
"sync=event:0.05:86400,cache_ttl_s=600",0,31,t4_r002,0.6667,,172800.0,True
"sync=event:0.05:86400,cache_ttl_s=600",0,32,t3_r002,0.0,,0.0,False
"sync=event:0.05:86400,cache_ttl_s=600",0,33,t5_r012,0.8,,172800.0,True
"sync=event:0.05:86400,cache_ttl_s=600",0,34,t4_r016,0.8,,300.0,False
"sync=event:0.05:86400,cache_ttl_s=600",0,35,t5_r018,0.8,,172800.0,True
"sync=event:0.05:86400,cache_ttl_s=600",0,36,t5_r026,0.0,,0.0,False
"sync=event:0.05:86400,cache_ttl_s=600",0,37,t4_r018,0.8,,60.0,False
"sync=event:0.05:86400,cache_ttl_s=600",0,38,t2_r013,0.8,,300.0,False
"sync=event:0.05:86400,cache_ttl_s=600",0,39,t4_r002,0.6667,,172800.0,True
"sync=event:0.05:86400,cache_ttl_s=600",1,0,t3_r008,0.8,,172800.0,True
"sync=event:0.05:86400,cache_ttl_s=600",1,1,t1_r000,0.8,,172800.0,True
"sync=event:0.05:86400,cache_ttl_s=600",1,2,t1_r015,0.0,,0.0,False
"sync=event:0.05:86400,cache_ttl_s=600",1,3,t4_r018,0.8,,900.0,False
"sync=event:0.05:86400,cache_ttl_s=600",1,4,t5_r006,0.0,,0.0,False
"sync=event:0.05:86400,cache_ttl_s=600",1,5,t3_r019,1.0,,172800.0,True
"sync=event:0.05:86400,cache_ttl_s=600",1,6,t3_r004,0.6667,,900.0,False
"sync=event:0.05:86400,cache_ttl_s=600",1,7,t2_r003,0.0,,0.0,False
"sync=event:0.05:86400,cache_ttl_s=600",1,8,t2_r028,0.8,,900.0,False
"sync=event:0.05:86400,cache_ttl_s=600",1,9,t2_r026,0.6,,86400.0,False
"sync=event:0.05:86400,cache_ttl_s=600",1,10,t4_r003,0.8,,172800.0,True
"sync=event:0.05:86400,cache_ttl_s=600",1,11,t3_r014,0.8,,172800.0,True
"sync=event:0.05:86400,cache_ttl_s=600",1,12,t1_r021,0.8333,,64800.0,False
"sync=event:0.05:86400,cache_ttl_s=600",1,13,t1_r023,0.8,,900.0,False
"sync=event:0.05:86400,cache_ttl_s=600",1,14,t3_r007,0.0,,0.0,False
"sync=event:0.05:86400,cache_ttl_s=600",1,15,t2_r014,0.0,,0.0,False
"sync=event:0.05:86400,cache_ttl_s=600",1,16,t5_r001,0.0,,0.0,False
"sync=event:0.05:86400,cache_ttl_s=600",1,17,t3_r000,0.6667,,172800.0,True
"sync=event:0.05:86400,cache_ttl_s=600",1,18,t1_r013,0.0,,0.0,False
"sync=event:0.05:86400,cache_ttl_s=600",1,19,t4_r019,0.6667,,172800.0,True
"sync=event:0.05:86400,cache_ttl_s=600",1,20,t3_r024,0.6,,172800.0,True
"sync=event:0.05:86400,cache_ttl_s=600",1,21,t5_r018,0.8,,172800.0,True
"sync=event:0.05:86400,cache_ttl_s=600",1,22,t3_r021,1.0,,172800.0,True
"sync=event:0.05:86400,cache_ttl_s=600",1,23,t4_r024,0.0,,0.0,False
"sync=event:0.05:86400,cache_ttl_s=600",1,24,t3_r001,0.8,,172800.0,True
"sync=event:0.05:86400,cache_ttl_s=600",1,25,t3_r024,0.6,,172800.0,True
"sync=event:0.05:86400,cache_ttl_s=600",1,26,t5_r000,0.6667,,172800.0,True
"sync=event:0.05:86400,cache_ttl_s=600",1,27,t5_r026,0.8,,172800.0,True
"sync=event:0.05:86400,cache_ttl_s=600",1,28,t3_r014,0.8,,172800.0,True
"sync=event:0.05:86400,cache_ttl_s=600",1,29,t1_r001,0.6667,,172800.0,True
"sync=event:0.05:86400,cache_ttl_s=600",1,30,t4_r011,0.0,,0.0,False
"sync=event:0.05:86400,cache_ttl_s=600",1,31,t4_r016,0.8,,900.0,False
"sync=event:0.05:86400,cache_ttl_s=600",1,32,t4_r019,0.6667,,172800.0,True
"sync=event:0.05:86400,cache_ttl_s=600",1,33,t2_r018,0.6667,,172800.0,True
"sync=event:0.05:86400,cache_ttl_s=600",1,34,t4_r007,0.0,,0.0,False
"sync=event:0.05:86400,cache_ttl_s=600",1,35,t2_r004,0.8,,86400.0,False
"sync=event:0.05:86400,cache_ttl_s=600",1,36,t4_r006,0.0,,0.0,False
"sync=event:0.05:86400,cache_ttl_s=600",1,37,t3_r029,0.8,,172800.0,True
"sync=event:0.05:86400,cache_ttl_s=600",1,38,t1_r006,0.8,,172800.0,True
"sync=event:0.05:86400,cache_ttl_s=600",1,39,t5_r026,0.0,,0.0,False
"sync=event:0.05:86400,cache_ttl_s=600",2,0,t2_r013,0.8,,300.0,False
"sync=event:0.05:86400,cache_ttl_s=600",2,1,t3_r022,0.8,,172800.0,True
"sync=event:0.05:86400,cache_ttl_s=600",2,2,t3_r005,0.8,,172800.0,True
"sync=event:0.05:86400,cache_ttl_s=600",2,3,t2_r016,0.6667,,172800.0,True
"sync=event:0.05:86400,cache_ttl_s=600",2,4,t3_r001,0.8,,172800.0,True
"sync=event:0.05:86400,cache_ttl_s=600",2,5,t5_r012,0.8,,172800.0,True
"sync=event:0.05:86400,cache_ttl_s=600",2,6,t5_r002,0.0,,0.0,False
"sync=event:0.05:86400,cache_ttl_s=600",2,7,t4_r013,0.6,,300.0,False
"sync=event:0.05:86400,cache_ttl_s=600",2,8,t1_r014,0.0,,0.0,False
"sync=event:0.05:86400,cache_ttl_s=600",2,9,t4_r015,0.8,,64800.0,False
"sync=event:0.05:86400,cache_ttl_s=600",2,10,t4_r011,0.0,,0.0,False
"sync=event:0.05:86400,cache_ttl_s=600",2,11,t2_r002,0.0,,0.0,False
"sync=event:0.05:86400,cache_ttl_s=600",2,12,t1_r027,0.0,,0.0,False
"sync=event:0.05:86400,cache_ttl_s=600",2,13,t5_r005,0.8,,172800.0,True
"sync=event:0.05:86400,cache_ttl_s=600",2,14,t5_r014,0.8,,172800.0,True
"sync=event:0.05:86400,cache_ttl_s=600",2,15,t5_r003,0.8,,172800.0,True
"sync=event:0.05:86400,cache_ttl_s=600",2,16,t1_r013,0.0,,0.0,False
"sync=event:0.05:86400,cache_ttl_s=600",2,17,t2_r022,0.8,,900.0,False
"sync=event:0.05:86400,cache_ttl_s=600",2,18,t5_r022,0.8,,172800.0,True
"sync=event:0.05:86400,cache_ttl_s=600",2,19,t1_r022,0.0,,0.0,False
"sync=event:0.05:86400,cache_ttl_s=600",2,20,t5_r008,0.0,,0.0,False
"sync=event:0.05:86400,cache_ttl_s=600",2,21,t1_r025,0.0,,0.0,False
"sync=event:0.05:86400,cache_ttl_s=600",2,22,t5_r029,0.8,,172800.0,True
"sync=event:0.05:86400,cache_ttl_s=600",2,23,t5_r007,0.8,,172800.0,True
"sync=event:0.05:86400,cache_ttl_s=600",2,24,t4_r024,0.0,,0.0,False
"sync=event:0.05:86400,cache_ttl_s=600",2,25,t4_r019,0.6667,,172800.0,True
"sync=event:0.05:86400,cache_ttl_s=600",2,26,t4_r016,0.8,,300.0,False
"sync=event:0.05:86400,cache_ttl_s=600",2,27,t1_r029,0.0,,0.0,False
"sync=event:0.05:86400,cache_ttl_s=600",2,28,t2_r008,0.0,,0.0,False
"sync=event:0.05:86400,cache_ttl_s=600",2,29,t1_r014,0.0,,0.0,False
"sync=event:0.05:86400,cache_ttl_s=600",2,30,t4_r008,0.6667,,172800.0,True
"sync=event:0.05:86400,cache_ttl_s=600",2,31,t5_r021,0.8,,172800.0,True
"sync=event:0.05:86400,cache_ttl_s=600",2,32,t5_r025,0.0,,0.0,False
"sync=event:0.05:86400,cache_ttl_s=600",2,33,t3_r008,0.8,,172800.0,True
"sync=event:0.05:86400,cache_ttl_s=600",2,34,t4_r011,0.0,,0.0,False
"sync=event:0.05:86400,cache_ttl_s=600",2,35,t3_r011,0.0,,0.0,False
"sync=event:0.05:86400,cache_ttl_s=600",2,36,t5_r009,1.0,,172800.0,True
"sync=event:0.05:86400,cache_ttl_s=600",2,37,t3_r029,0.8,,172800.0,True
"sync=event:0.05:86400,cache_ttl_s=600",2,38,t4_r004,0.0,,0.0,False
"sync=event:0.05:86400,cache_ttl_s=600",2,39,t2_r006,0.6667,,172800.0,True
"sync=event:0.05:86400,cache_ttl_s=600",3,0,t4_r022,0.8,,900.0,False
"sync=event:0.05:86400,cache_ttl_s=600",3,1,t4_r028,0.0,,0.0,False
"sync=event:0.05:86400,cache_ttl_s=600",3,2,t1_r028,0.0,,0.0,False
"sync=event:0.05:86400,cache_ttl_s=600",3,3,t5_r013,0.0,,0.0,False
"sync=event:0.05:86400,cache_ttl_s=600",3,4,t2_r008,0.0,,0.0,False
"sync=event:0.05:86400,cache_ttl_s=600",3,5,t1_r029,0.0,,0.0,False
"sync=event:0.05:86400,cache_ttl_s=600",3,6,t1_r016,0.8,,172800.0,True
"sync=event:0.05:86400,cache_ttl_s=600",3,7,t4_r008,0.6667,,172800.0,True
"sync=event:0.05:86400,cache_ttl_s=600",3,8,t5_r023,0.8,,172800.0,True
"sync=event:0.05:86400,cache_ttl_s=600",3,9,t4_r015,0.8,,300.0,False
"sync=event:0.05:86400,cache_ttl_s=600",3,10,t2_r018,0.6667,,172800.0,True
"sync=event:0.05:86400,cache_ttl_s=600",3,11,t4_r020,0.0,,0.0,False
"sync=event:0.05:86400,cache_ttl_s=600",3,12,t4_r002,0.6667,,172800.0,True
"sync=event:0.05:86400,cache_ttl_s=600",3,13,t2_r029,0.8,,172800.0,True
"sync=event:0.05:86400,cache_ttl_s=600",3,14,t5_r019,0.0,,0.0,False
"sync=event:0.05:86400,cache_ttl_s=600",3,15,t1_r009,0.0,,0.0,False
"sync=event:0.05:86400,cache_ttl_s=600",3,16,t3_r004,0.6667,,300.0,False
"sync=event:0.05:86400,cache_ttl_s=600",3,17,t5_r001,0.0,,0.0,False
"sync=event:0.05:86400,cache_ttl_s=600",3,18,t5_r020,0.8,,900.0,False
"sync=event:0.05:86400,cache_ttl_s=600",3,19,t2_r001,0.6667,,172800.0,True
"sync=event:0.05:86400,cache_ttl_s=600",3,20,t2_r021,0.0,,0.0,False
"sync=event:0.05:86400,cache_ttl_s=600",3,21,t3_r028,1.0,,60.0,False
"sync=event:0.05:86400,cache_ttl_s=600",3,22,t2_r012,0.8,,60.0,False
"sync=event:0.05:86400,cache_ttl_s=600",3,23,t4_r005,0.8,,172800.0,True
"sync=event:0.05:86400,cache_ttl_s=600",3,24,t5_r027,0.0,,0.0,False
"sync=event:0.05:86400,cache_ttl_s=600",3,25,t5_r012,0.8,,172800.0,True
"sync=event:0.05:86400,cache_ttl_s=600",3,26,t5_r009,1.0,,172800.0,True
"sync=event:0.05:86400,cache_ttl_s=600",3,27,t2_r006,0.6667,,172800.0,True
"sync=event:0.05:86400,cache_ttl_s=600",3,28,t4_r025,0.8,,172800.0,True
"sync=event:0.05:86400,cache_ttl_s=600",3,29,t4_r012,0.8,,900.0,False
"sync=event:0.05:86400,cache_ttl_s=600",3,30,t1_r005,0.0,,0.0,False
"sync=event:0.05:86400,cache_ttl_s=600",3,31,t5_r023,0.8,,172800.0,True
"sync=event:0.05:86400,cache_ttl_s=600",3,32,t1_r023,0.8,,900.0,False
"sync=event:0.05:86400,cache_ttl_s=600",3,33,t3_r013,0.8,,172800.0,True
"sync=event:0.05:86400,cache_ttl_s=600",3,34,t2_r007,0.0,,0.0,False
"sync=event:0.05:86400,cache_ttl_s=600",3,35,t1_r023,0.8,,900.0,False
"sync=event:0.05:86400,cache_ttl_s=600",3,36,t3_r001,0.8,,172800.0,True
"sync=event:0.05:86400,cache_ttl_s=600",3,37,t1_r026,0.0,,0.0,False
"sync=event:0.05:86400,cache_ttl_s=600",3,38,t4_r005,0.8,,172800.0,True
"sync=event:0.05:86400,cache_ttl_s=600",3,39,t1_r023,0.8,,900.0,False
"sync=event:0.05:86400,cache_ttl_s=600",4,0,t3_r029,0.8,,172800.0,True
"sync=event:0.05:86400,cache_ttl_s=600",4,1,t1_r005,0.0,,0.0,False
"sync=event:0.05:86400,cache_ttl_s=600",4,2,t4_r027,0.8,,172800.0,True
"sync=event:0.05:86400,cache_ttl_s=600",4,3,t3_r016,1.0,,172800.0,True
"sync=event:0.05:86400,cache_ttl_s=600",4,4,t4_r018,0.8,,900.0,False
"sync=event:0.05:86400,cache_ttl_s=600",4,5,t5_r020,0.8,,900.0,False
"sync=event:0.05:86400,cache_ttl_s=600",4,6,t1_r024,0.6,,900.0,False
"sync=event:0.05:86400,cache_ttl_s=600",4,7,t2_r024,0.0,,0.0,False
"sync=event:0.05:86400,cache_ttl_s=600",4,8,t2_r028,0.8,,900.0,False
"sync=event:0.05:86400,cache_ttl_s=600",4,9,t4_r003,0.8,,172800.0,True
"sync=event:0.05:86400,cache_ttl_s=600",4,10,t1_r025,0.0,,0.0,False
"sync=event:0.05:86400,cache_ttl_s=600",4,11,t2_r016,0.6667,,172800.0,True
"sync=event:0.05:86400,cache_ttl_s=600",4,12,t3_r002,0.0,,0.0,False
"sync=event:0.05:86400,cache_ttl_s=600",4,13,t3_r002,0.0,,0.0,False
"sync=event:0.05:86400,cache_ttl_s=600",4,14,t4_r024,0.0,,0.0,False
"sync=event:0.05:86400,cache_ttl_s=600",4,15,t3_r001,0.8,,172800.0,True
"sync=event:0.05:86400,cache_ttl_s=600",4,16,t1_r008,0.8,,900.0,False
"sync=event:0.05:86400,cache_ttl_s=600",4,17,t4_r020,0.0,,0.0,False
"sync=event:0.05:86400,cache_ttl_s=600",4,18,t3_r021,1.0,,172800.0,True
"sync=event:0.05:86400,cache_ttl_s=600",4,19,t4_r017,0.8,,300.0,False
"sync=event:0.05:86400,cache_ttl_s=600",4,20,t1_r012,0.0,,0.0,False
"sync=event:0.05:86400,cache_ttl_s=600",4,21,t4_r003,0.8,,172800.0,True
"sync=event:0.05:86400,cache_ttl_s=600",4,22,t4_r018,0.8,,900.0,False
"sync=event:0.05:86400,cache_ttl_s=600",4,23,t3_r001,0.8,,172800.0,True
"sync=event:0.05:86400,cache_ttl_s=600",4,24,t4_r018,0.8,,900.0,False
"sync=event:0.05:86400,cache_ttl_s=600",4,25,t4_r009,0.0,,0.0,False
"sync=event:0.05:86400,cache_ttl_s=600",4,26,t4_r025,0.8,,172800.0,True
"sync=event:0.05:86400,cache_ttl_s=600",4,27,t2_r020,0.6667,,172800.0,True
"sync=event:0.05:86400,cache_ttl_s=600",4,28,t2_r018,0.6667,,172800.0,True
"sync=event:0.05:86400,cache_ttl_s=600",4,29,t2_r009,0.8,,900.0,False
"sync=event:0.05:86400,cache_ttl_s=600",4,30,t3_r016,1.0,,172800.0,True
"sync=event:0.05:86400,cache_ttl_s=600",4,31,t2_r016,0.6667,,172800.0,True
"sync=event:0.05:86400,cache_ttl_s=600",4,32,t5_r029,0.8,,172800.0,True
"sync=event:0.05:86400,cache_ttl_s=600",4,33,t1_r018,0.0,,0.0,False
"sync=event:0.05:86400,cache_ttl_s=600",4,34,t3_r007,0.0,,0.0,False
"sync=event:0.05:86400,cache_ttl_s=600",4,35,t1_r022,0.0,,0.0,False
"sync=event:0.05:86400,cache_ttl_s=600",4,36,t4_r019,0.8333,,172800.0,True
"sync=event:0.05:86400,cache_ttl_s=600",4,37,t5_r000,0.6667,,172800.0,True
"sync=event:0.05:86400,cache_ttl_s=600",4,38,t3_r024,0.6,,172800.0,True
"sync=event:0.05:86400,cache_ttl_s=600",4,39,t2_r008,0.6,,3600.0,False
"sync=event:0.05:86400,cache_ttl_s=3600",0,0,t3_r005,0.8,,172800.0,True
"sync=event:0.05:86400,cache_ttl_s=3600",0,1,t2_r004,0.8,,3600.0,False
"sync=event:0.05:86400,cache_ttl_s=3600",0,2,t4_r001,1.0,,172800.0,True
"sync=event:0.05:86400,cache_ttl_s=3600",0,3,t1_r015,0.0,,0.0,False
"sync=event:0.05:86400,cache_ttl_s=3600",0,4,t2_r016,0.6667,,172800.0,True
"sync=event:0.05:86400,cache_ttl_s=3600",0,5,t5_r016,0.0,,0.0,False
"sync=event:0.05:86400,cache_ttl_s=3600",0,6,t1_r020,1.0,,172800.0,True
"sync=event:0.05:86400,cache_ttl_s=3600",0,7,t4_r015,0.8,,3600.0,False
"sync=event:0.05:86400,cache_ttl_s=3600",0,8,t4_r014,1.0,,172800.0,True
"sync=event:0.05:86400,cache_ttl_s=3600",0,9,t3_r019,1.0,,172800.0,True
"sync=event:0.05:86400,cache_ttl_s=3600",0,10,t5_r000,0.6667,,172800.0,True
"sync=event:0.05:86400,cache_ttl_s=3600",0,11,t3_r029,0.8,,172800.0,True
"sync=event:0.05:86400,cache_ttl_s=3600",0,12,t2_r009,0.8,,3600.0,False
"sync=event:0.05:86400,cache_ttl_s=3600",0,13,t3_r011,0.0,,0.0,False
"sync=event:0.05:86400,cache_ttl_s=3600",0,14,t3_r023,0.8,,3600.0,False
"sync=event:0.05:86400,cache_ttl_s=3600",0,15,t2_r021,0.0,,0.0,False
"sync=event:0.05:86400,cache_ttl_s=3600",0,16,t5_r015,0.0,,0.0,False
"sync=event:0.05:86400,cache_ttl_s=3600",0,17,t4_r000,0.6667,,172800.0,True
"sync=event:0.05:86400,cache_ttl_s=3600",0,18,t4_r022,0.8,,3600.0,False
"sync=event:0.05:86400,cache_ttl_s=3600",0,19,t4_r026,0.8,,43200.0,False
"sync=event:0.05:86400,cache_ttl_s=3600",0,20,t4_r015,0.8,,3600.0,False
"sync=event:0.05:86400,cache_ttl_s=3600",0,21,t1_r009,0.0,,0.0,False
"sync=event:0.05:86400,cache_ttl_s=3600",0,22,t4_r023,0.6667,,172800.0,True
"sync=event:0.05:86400,cache_ttl_s=3600",0,23,t2_r028,0.8,,3600.0,False
"sync=event:0.05:86400,cache_ttl_s=3600",0,24,t2_r012,0.8,,3600.0,False
"sync=event:0.05:86400,cache_ttl_s=3600",0,25,t2_r019,0.8,,3600.0,False
"sync=event:0.05:86400,cache_ttl_s=3600",0,26,t4_r013,0.6,,3600.0,False
"sync=event:0.05:86400,cache_ttl_s=3600",0,27,t5_r015,0.0,,0.0,False
"sync=event:0.05:86400,cache_ttl_s=3600",0,28,t4_r028,0.0,,0.0,False
"sync=event:0.05:86400,cache_ttl_s=3600",0,29,t3_r023,0.8,,3600.0,False
"sync=event:0.05:86400,cache_ttl_s=3600",0,30,t5_r026,0.0,,0.0,False
"sync=event:0.05:86400,cache_ttl_s=3600",0,31,t4_r002,0.6667,,172800.0,True
"sync=event:0.05:86400,cache_ttl_s=3600",0,32,t3_r002,0.0,,0.0,False
"sync=event:0.05:86400,cache_ttl_s=3600",0,33,t5_r012,0.8,,172800.0,True
"sync=event:0.05:86400,cache_ttl_s=3600",0,34,t4_r016,0.8,,3600.0,False
"sync=event:0.05:86400,cache_ttl_s=3600",0,35,t5_r018,0.8,,172800.0,True
"sync=event:0.05:86400,cache_ttl_s=3600",0,36,t5_r026,0.0,,0.0,False
"sync=event:0.05:86400,cache_ttl_s=3600",0,37,t4_r018,0.8,,3600.0,False
"sync=event:0.05:86400,cache_ttl_s=3600",0,38,t2_r013,0.8,,3600.0,False
"sync=event:0.05:86400,cache_ttl_s=3600",0,39,t4_r002,0.6667,,172800.0,True
"sync=event:0.05:86400,cache_ttl_s=3600",1,0,t3_r008,0.8,,172800.0,True
"sync=event:0.05:86400,cache_ttl_s=3600",1,1,t1_r000,0.8,,172800.0,True
"sync=event:0.05:86400,cache_ttl_s=3600",1,2,t1_r015,0.0,,0.0,False
"sync=event:0.05:86400,cache_ttl_s=3600",1,3,t4_r018,0.8,,3600.0,False
"sync=event:0.05:86400,cache_ttl_s=3600",1,4,t5_r006,0.0,,0.0,False
"sync=event:0.05:86400,cache_ttl_s=3600",1,5,t3_r019,1.0,,172800.0,True
"sync=event:0.05:86400,cache_ttl_s=3600",1,6,t3_r004,0.6667,,3600.0,False
"sync=event:0.05:86400,cache_ttl_s=3600",1,7,t2_r003,0.0,,0.0,False
"sync=event:0.05:86400,cache_ttl_s=3600",1,8,t2_r028,0.8,,3600.0,False
"sync=event:0.05:86400,cache_ttl_s=3600",1,9,t2_r026,0.6,,86400.0,False
"sync=event:0.05:86400,cache_ttl_s=3600",1,10,t4_r003,0.8,,172800.0,True
"sync=event:0.05:86400,cache_ttl_s=3600",1,11,t3_r014,0.8,,172800.0,True
"sync=event:0.05:86400,cache_ttl_s=3600",1,12,t1_r021,0.8333,,64800.0,False
"sync=event:0.05:86400,cache_ttl_s=3600",1,13,t1_r023,0.8,,3600.0,False
"sync=event:0.05:86400,cache_ttl_s=3600",1,14,t3_r007,0.0,,0.0,False
"sync=event:0.05:86400,cache_ttl_s=3600",1,15,t2_r014,0.0,,0.0,False
"sync=event:0.05:86400,cache_ttl_s=3600",1,16,t5_r001,0.0,,0.0,False
"sync=event:0.05:86400,cache_ttl_s=3600",1,17,t3_r000,0.6667,,172800.0,True
"sync=event:0.05:86400,cache_ttl_s=3600",1,18,t1_r013,0.0,,0.0,False
"sync=event:0.05:86400,cache_ttl_s=3600",1,19,t4_r019,0.6667,,172800.0,True
"sync=event:0.05:86400,cache_ttl_s=3600",1,20,t3_r024,0.6,,172800.0,True
"sync=event:0.05:86400,cache_ttl_s=3600",1,21,t5_r018,0.8,,172800.0,True
"sync=event:0.05:86400,cache_ttl_s=3600",1,22,t3_r021,1.0,,172800.0,True
"sync=event:0.05:86400,cache_ttl_s=3600",1,23,t4_r024,0.0,,0.0,False
"sync=event:0.05:86400,cache_ttl_s=3600",1,24,t3_r001,0.8,,172800.0,True
"sync=event:0.05:86400,cache_ttl_s=3600",1,25,t3_r024,0.6,,172800.0,True
"sync=event:0.05:86400,cache_ttl_s=3600",1,26,t5_r000,0.6667,,172800.0,True
"sync=event:0.05:86400,cache_ttl_s=3600",1,27,t5_r026,0.8,,172800.0,True
"sync=event:0.05:86400,cache_ttl_s=3600",1,28,t3_r014,0.8,,172800.0,True
"sync=event:0.05:86400,cache_ttl_s=3600",1,29,t1_r001,0.6667,,172800.0,True
"sync=event:0.05:86400,cache_ttl_s=3600",1,30,t4_r011,0.0,,0.0,False
"sync=event:0.05:86400,cache_ttl_s=3600",1,31,t4_r016,0.8,,3600.0,False
"sync=event:0.05:86400,cache_ttl_s=3600",1,32,t4_r019,0.6667,,172800.0,True
"sync=event:0.05:86400,cache_ttl_s=3600",1,33,t2_r018,0.6667,,172800.0,True
"sync=event:0.05:86400,cache_ttl_s=3600",1,34,t4_r007,0.0,,0.0,False
"sync=event:0.05:86400,cache_ttl_s=3600",1,35,t2_r004,0.8,,86400.0,False
"sync=event:0.05:86400,cache_ttl_s=3600",1,36,t4_r006,0.0,,0.0,False
"sync=event:0.05:86400,cache_ttl_s=3600",1,37,t3_r029,0.8,,172800.0,True
"sync=event:0.05:86400,cache_ttl_s=3600",1,38,t1_r006,0.8,,172800.0,True
"sync=event:0.05:86400,cache_ttl_s=3600",1,39,t5_r026,0.0,,0.0,False
"sync=event:0.05:86400,cache_ttl_s=3600",2,0,t2_r013,0.8,,3600.0,False
"sync=event:0.05:86400,cache_ttl_s=3600",2,1,t3_r022,0.8,,172800.0,True
"sync=event:0.05:86400,cache_ttl_s=3600",2,2,t3_r005,0.8,,172800.0,True
"sync=event:0.05:86400,cache_ttl_s=3600",2,3,t2_r016,0.6667,,172800.0,True
"sync=event:0.05:86400,cache_ttl_s=3600",2,4,t3_r001,0.8,,172800.0,True
"sync=event:0.05:86400,cache_ttl_s=3600",2,5,t5_r012,0.8,,172800.0,True
"sync=event:0.05:86400,cache_ttl_s=3600",2,6,t5_r002,0.0,,0.0,False
"sync=event:0.05:86400,cache_ttl_s=3600",2,7,t4_r013,0.6,,3600.0,False
"sync=event:0.05:86400,cache_ttl_s=3600",2,8,t1_r014,0.0,,0.0,False
"sync=event:0.05:86400,cache_ttl_s=3600",2,9,t4_r015,0.8,,64800.0,False
"sync=event:0.05:86400,cache_ttl_s=3600",2,10,t4_r011,0.0,,0.0,False
"sync=event:0.05:86400,cache_ttl_s=3600",2,11,t2_r002,0.0,,0.0,False
"sync=event:0.05:86400,cache_ttl_s=3600",2,12,t1_r027,0.0,,0.0,False
"sync=event:0.05:86400,cache_ttl_s=3600",2,13,t5_r005,0.8,,172800.0,True
"sync=event:0.05:86400,cache_ttl_s=3600",2,14,t5_r014,0.8,,172800.0,True
"sync=event:0.05:86400,cache_ttl_s=3600",2,15,t5_r003,0.8,,172800.0,True
"sync=event:0.05:86400,cache_ttl_s=3600",2,16,t1_r013,0.0,,0.0,False
"sync=event:0.05:86400,cache_ttl_s=3600",2,17,t2_r022,0.8,,3600.0,False
"sync=event:0.05:86400,cache_ttl_s=3600",2,18,t5_r022,0.8,,172800.0,True
"sync=event:0.05:86400,cache_ttl_s=3600",2,19,t1_r022,0.0,,0.0,False
"sync=event:0.05:86400,cache_ttl_s=3600",2,20,t5_r008,0.0,,0.0,False
"sync=event:0.05:86400,cache_ttl_s=3600",2,21,t1_r025,0.0,,0.0,False
"sync=event:0.05:86400,cache_ttl_s=3600",2,22,t5_r029,0.8,,172800.0,True
"sync=event:0.05:86400,cache_ttl_s=3600",2,23,t5_r007,0.8,,172800.0,True
"sync=event:0.05:86400,cache_ttl_s=3600",2,24,t4_r024,0.0,,0.0,False
"sync=event:0.05:86400,cache_ttl_s=3600",2,25,t4_r019,0.6667,,172800.0,True
"sync=event:0.05:86400,cache_ttl_s=3600",2,26,t4_r016,0.8,,3600.0,False
"sync=event:0.05:86400,cache_ttl_s=3600",2,27,t1_r029,0.0,,0.0,False
"sync=event:0.05:86400,cache_ttl_s=3600",2,28,t2_r008,0.0,,0.0,False
"sync=event:0.05:86400,cache_ttl_s=3600",2,29,t1_r014,0.0,,0.0,False
"sync=event:0.05:86400,cache_ttl_s=3600",2,30,t4_r008,0.6667,,172800.0,True
"sync=event:0.05:86400,cache_ttl_s=3600",2,31,t5_r021,0.8,,172800.0,True
"sync=event:0.05:86400,cache_ttl_s=3600",2,32,t5_r025,0.0,,0.0,False
"sync=event:0.05:86400,cache_ttl_s=3600",2,33,t3_r008,0.8,,172800.0,True
"sync=event:0.05:86400,cache_ttl_s=3600",2,34,t4_r011,0.0,,0.0,False
"sync=event:0.05:86400,cache_ttl_s=3600",2,35,t3_r011,0.0,,0.0,False
"sync=event:0.05:86400,cache_ttl_s=3600",2,36,t5_r009,1.0,,172800.0,True
"sync=event:0.05:86400,cache_ttl_s=3600",2,37,t3_r029,0.8,,172800.0,True
"sync=event:0.05:86400,cache_ttl_s=3600",2,38,t4_r004,0.0,,0.0,False
"sync=event:0.05:86400,cache_ttl_s=3600",2,39,t2_r006,0.6667,,172800.0,True
"sync=event:0.05:86400,cache_ttl_s=3600",3,0,t4_r022,0.8,,3600.0,False
"sync=event:0.05:86400,cache_ttl_s=3600",3,1,t4_r028,0.0,,0.0,False
"sync=event:0.05:86400,cache_ttl_s=3600",3,2,t1_r028,0.0,,0.0,False
"sync=event:0.05:86400,cache_ttl_s=3600",3,3,t5_r013,0.0,,0.0,False
"sync=event:0.05:86400,cache_ttl_s=3600",3,4,t2_r008,0.0,,0.0,False
"sync=event:0.05:86400,cache_ttl_s=3600",3,5,t1_r029,0.0,,0.0,False
"sync=event:0.05:86400,cache_ttl_s=3600",3,6,t1_r016,0.8,,172800.0,True
"sync=event:0.05:86400,cache_ttl_s=3600",3,7,t4_r008,0.6667,,172800.0,True
"sync=event:0.05:86400,cache_ttl_s=3600",3,8,t5_r023,0.8,,172800.0,True
"sync=event:0.05:86400,cache_ttl_s=3600",3,9,t4_r015,0.8,,3600.0,False
"sync=event:0.05:86400,cache_ttl_s=3600",3,10,t2_r018,0.6667,,172800.0,True
"sync=event:0.05:86400,cache_ttl_s=3600",3,11,t4_r020,0.0,,0.0,False
"sync=event:0.05:86400,cache_ttl_s=3600",3,12,t4_r002,0.6667,,172800.0,True
"sync=event:0.05:86400,cache_ttl_s=3600",3,13,t2_r029,0.8,,172800.0,True
"sync=event:0.05:86400,cache_ttl_s=3600",3,14,t5_r019,0.0,,0.0,False
"sync=event:0.05:86400,cache_ttl_s=3600",3,15,t1_r009,0.0,,0.0,False
"sync=event:0.05:86400,cache_ttl_s=3600",3,16,t3_r004,0.6667,,3600.0,False
"sync=event:0.05:86400,cache_ttl_s=3600",3,17,t5_r001,0.0,,0.0,False
"sync=event:0.05:86400,cache_ttl_s=3600",3,18,t5_r020,0.8,,3600.0,False
"sync=event:0.05:86400,cache_ttl_s=3600",3,19,t2_r001,0.6667,,172800.0,True
"sync=event:0.05:86400,cache_ttl_s=3600",3,20,t2_r021,0.0,,0.0,False
"sync=event:0.05:86400,cache_ttl_s=3600",3,21,t3_r028,1.0,,3600.0,False
"sync=event:0.05:86400,cache_ttl_s=3600",3,22,t2_r012,0.8,,3600.0,False
"sync=event:0.05:86400,cache_ttl_s=3600",3,23,t4_r005,0.8,,172800.0,True
"sync=event:0.05:86400,cache_ttl_s=3600",3,24,t5_r027,0.0,,0.0,False
"sync=event:0.05:86400,cache_ttl_s=3600",3,25,t5_r012,0.8,,172800.0,True
"sync=event:0.05:86400,cache_ttl_s=3600",3,26,t5_r009,1.0,,172800.0,True
"sync=event:0.05:86400,cache_ttl_s=3600",3,27,t2_r006,0.6667,,172800.0,True
"sync=event:0.05:86400,cache_ttl_s=3600",3,28,t4_r025,0.8,,172800.0,True
"sync=event:0.05:86400,cache_ttl_s=3600",3,29,t4_r012,0.8,,3600.0,False
"sync=event:0.05:86400,cache_ttl_s=3600",3,30,t1_r005,0.0,,0.0,False
"sync=event:0.05:86400,cache_ttl_s=3600",3,31,t5_r023,0.8,,172800.0,True
"sync=event:0.05:86400,cache_ttl_s=3600",3,32,t1_r023,0.8,,3600.0,False
"sync=event:0.05:86400,cache_ttl_s=3600",3,33,t3_r013,0.8,,172800.0,True
"sync=event:0.05:86400,cache_ttl_s=3600",3,34,t2_r007,0.0,,0.0,False
"sync=event:0.05:86400,cache_ttl_s=3600",3,35,t1_r023,0.8,,3600.0,False
"sync=event:0.05:86400,cache_ttl_s=3600",3,36,t3_r001,0.8,,172800.0,True
"sync=event:0.05:86400,cache_ttl_s=3600",3,37,t1_r026,0.0,,0.0,False
"sync=event:0.05:86400,cache_ttl_s=3600",3,38,t4_r005,0.8,,172800.0,True
"sync=event:0.05:86400,cache_ttl_s=3600",3,39,t1_r023,0.8,,3600.0,False
"sync=event:0.05:86400,cache_ttl_s=3600",4,0,t3_r029,0.8,,172800.0,True
"sync=event:0.05:86400,cache_ttl_s=3600",4,1,t1_r005,0.0,,0.0,False
"sync=event:0.05:86400,cache_ttl_s=3600",4,2,t4_r027,0.8,,172800.0,True
"sync=event:0.05:86400,cache_ttl_s=3600",4,3,t3_r016,1.0,,172800.0,True
"sync=event:0.05:86400,cache_ttl_s=3600",4,4,t4_r018,0.8,,3600.0,False
"sync=event:0.05:86400,cache_ttl_s=3600",4,5,t5_r020,0.8,,3600.0,False
"sync=event:0.05:86400,cache_ttl_s=3600",4,6,t1_r024,0.6,,3600.0,False
"sync=event:0.05:86400,cache_ttl_s=3600",4,7,t2_r024,0.0,,0.0,False
"sync=event:0.05:86400,cache_ttl_s=3600",4,8,t2_r028,0.8,,3600.0,False
"sync=event:0.05:86400,cache_ttl_s=3600",4,9,t4_r003,0.8,,172800.0,True
"sync=event:0.05:86400,cache_ttl_s=3600",4,10,t1_r025,0.0,,0.0,False
"sync=event:0.05:86400,cache_ttl_s=3600",4,11,t2_r016,0.6667,,172800.0,True
"sync=event:0.05:86400,cache_ttl_s=3600",4,12,t3_r002,0.0,,0.0,False
"sync=event:0.05:86400,cache_ttl_s=3600",4,13,t3_r002,0.0,,0.0,False
"sync=event:0.05:86400,cache_ttl_s=3600",4,14,t4_r024,0.0,,0.0,False
"sync=event:0.05:86400,cache_ttl_s=3600",4,15,t3_r001,0.8,,172800.0,True
"sync=event:0.05:86400,cache_ttl_s=3600",4,16,t1_r008,0.8,,3600.0,False
"sync=event:0.05:86400,cache_ttl_s=3600",4,17,t4_r020,0.0,,0.0,False
"sync=event:0.05:86400,cache_ttl_s=3600",4,18,t3_r021,1.0,,172800.0,True
"sync=event:0.05:86400,cache_ttl_s=3600",4,19,t4_r017,0.8,,3600.0,False
"sync=event:0.05:86400,cache_ttl_s=3600",4,20,t1_r012,0.0,,0.0,False
"sync=event:0.05:86400,cache_ttl_s=3600",4,21,t4_r003,0.8,,172800.0,True
"sync=event:0.05:86400,cache_ttl_s=3600",4,22,t4_r018,0.8,,3600.0,False
"sync=event:0.05:86400,cache_ttl_s=3600",4,23,t3_r001,0.8,,172800.0,True
"sync=event:0.05:86400,cache_ttl_s=3600",4,24,t4_r018,0.8,,3600.0,False
"sync=event:0.05:86400,cache_ttl_s=3600",4,25,t4_r009,0.0,,0.0,False
"sync=event:0.05:86400,cache_ttl_s=3600",4,26,t4_r025,0.8,,172800.0,True
"sync=event:0.05:86400,cache_ttl_s=3600",4,27,t2_r020,0.6667,,172800.0,True
"sync=event:0.05:86400,cache_ttl_s=3600",4,28,t2_r018,0.6667,,172800.0,True
"sync=event:0.05:86400,cache_ttl_s=3600",4,29,t2_r009,0.8,,3600.0,False
"sync=event:0.05:86400,cache_ttl_s=3600",4,30,t3_r016,1.0,,172800.0,True
"sync=event:0.05:86400,cache_ttl_s=3600",4,31,t2_r016,0.6667,,172800.0,True
"sync=event:0.05:86400,cache_ttl_s=3600",4,32,t5_r029,0.8,,172800.0,True
"sync=event:0.05:86400,cache_ttl_s=3600",4,33,t1_r018,0.0,,0.0,False
"sync=event:0.05:86400,cache_ttl_s=3600",4,34,t3_r007,0.0,,0.0,False
"sync=event:0.05:86400,cache_ttl_s=3600",4,35,t1_r022,0.0,,0.0,False
"sync=event:0.05:86400,cache_ttl_s=3600",4,36,t4_r019,0.8333,,172800.0,True
"sync=event:0.05:86400,cache_ttl_s=3600",4,37,t5_r000,0.6667,,172800.0,True
"sync=event:0.05:86400,cache_ttl_s=3600",4,38,t3_r024,0.6,,172800.0,True
"sync=event:0.05:86400,cache_ttl_s=3600",4,39,t2_r008,0.6,,7200.0,False
"sync=event:0.05:86400,cache_ttl_s=86400",0,0,t3_r005,0.8,,172800.0,True
"sync=event:0.05:86400,cache_ttl_s=86400",0,1,t2_r004,0.8,,86400.0,False
"sync=event:0.05:86400,cache_ttl_s=86400",0,2,t4_r001,1.0,,172800.0,True
"sync=event:0.05:86400,cache_ttl_s=86400",0,3,t1_r015,0.0,,0.0,False
"sync=event:0.05:86400,cache_ttl_s=86400",0,4,t2_r016,0.6667,,172800.0,True
"sync=event:0.05:86400,cache_ttl_s=86400",0,5,t5_r016,0.0,,0.0,False
"sync=event:0.05:86400,cache_ttl_s=86400",0,6,t1_r020,1.0,,172800.0,True
"sync=event:0.05:86400,cache_ttl_s=86400",0,7,t4_r015,0.8,,86400.0,False
"sync=event:0.05:86400,cache_ttl_s=86400",0,8,t4_r014,1.0,,172800.0,True
"sync=event:0.05:86400,cache_ttl_s=86400",0,9,t3_r019,1.0,,172800.0,True
"sync=event:0.05:86400,cache_ttl_s=86400",0,10,t5_r000,0.6667,,172800.0,True
"sync=event:0.05:86400,cache_ttl_s=86400",0,11,t3_r029,0.8,,172800.0,True
"sync=event:0.05:86400,cache_ttl_s=86400",0,12,t2_r009,0.8,,86400.0,False
"sync=event:0.05:86400,cache_ttl_s=86400",0,13,t3_r011,0.0,,0.0,False
"sync=event:0.05:86400,cache_ttl_s=86400",0,14,t3_r023,0.8,,86400.0,False
"sync=event:0.05:86400,cache_ttl_s=86400",0,15,t2_r021,0.0,,0.0,False
"sync=event:0.05:86400,cache_ttl_s=86400",0,16,t5_r015,0.0,,0.0,False
"sync=event:0.05:86400,cache_ttl_s=86400",0,17,t4_r000,0.6667,,172800.0,True
"sync=event:0.05:86400,cache_ttl_s=86400",0,18,t4_r022,0.8,,86400.0,False
"sync=event:0.05:86400,cache_ttl_s=86400",0,19,t4_r026,0.8,,129600.0,False
"sync=event:0.05:86400,cache_ttl_s=86400",0,20,t4_r015,0.8,,86400.0,False
"sync=event:0.05:86400,cache_ttl_s=86400",0,21,t1_r009,0.0,,0.0,False
"sync=event:0.05:86400,cache_ttl_s=86400",0,22,t4_r023,0.6667,,172800.0,True
"sync=event:0.05:86400,cache_ttl_s=86400",0,23,t2_r028,0.8,,86400.0,False
"sync=event:0.05:86400,cache_ttl_s=86400",0,24,t2_r012,0.8,,86400.0,False
"sync=event:0.05:86400,cache_ttl_s=86400",0,25,t2_r019,0.8,,86400.0,False
"sync=event:0.05:86400,cache_ttl_s=86400",0,26,t4_r013,0.6,,86400.0,False
"sync=event:0.05:86400,cache_ttl_s=86400",0,27,t5_r015,0.0,,0.0,False
"sync=event:0.05:86400,cache_ttl_s=86400",0,28,t4_r028,0.0,,0.0,False
"sync=event:0.05:86400,cache_ttl_s=86400",0,29,t3_r023,0.8,,86400.0,False
"sync=event:0.05:86400,cache_ttl_s=86400",0,30,t5_r026,0.0,,0.0,False
"sync=event:0.05:86400,cache_ttl_s=86400",0,31,t4_r002,0.6667,,172800.0,True
"sync=event:0.05:86400,cache_ttl_s=86400",0,32,t3_r002,0.0,,0.0,False
"sync=event:0.05:86400,cache_ttl_s=86400",0,33,t5_r012,0.8,,172800.0,True
"sync=event:0.05:86400,cache_ttl_s=86400",0,34,t4_r016,0.8,,86400.0,False
"sync=event:0.05:86400,cache_ttl_s=86400",0,35,t5_r018,0.8,,172800.0,True
"sync=event:0.05:86400,cache_ttl_s=86400",0,36,t5_r026,0.0,,0.0,False
"sync=event:0.05:86400,cache_ttl_s=86400",0,37,t4_r018,0.8,,86400.0,False
"sync=event:0.05:86400,cache_ttl_s=86400",0,38,t2_r013,0.8,,86400.0,False
"sync=event:0.05:86400,cache_ttl_s=86400",0,39,t4_r002,0.6667,,172800.0,True
"sync=event:0.05:86400,cache_ttl_s=86400",1,0,t3_r008,0.8,,172800.0,True
"sync=event:0.05:86400,cache_ttl_s=86400",1,1,t1_r000,0.8,,172800.0,True
"sync=event:0.05:86400,cache_ttl_s=86400",1,2,t1_r015,0.0,,0.0,False
"sync=event:0.05:86400,cache_ttl_s=86400",1,3,t4_r018,0.8,,86400.0,False
"sync=event:0.05:86400,cache_ttl_s=86400",1,4,t5_r006,0.0,,0.0,False
"sync=event:0.05:86400,cache_ttl_s=86400",1,5,t3_r019,1.0,,172800.0,True
"sync=event:0.05:86400,cache_ttl_s=86400",1,6,t3_r004,0.6667,,86400.0,False
"sync=event:0.05:86400,cache_ttl_s=86400",1,7,t2_r003,0.0,,0.0,False
"sync=event:0.05:86400,cache_ttl_s=86400",1,8,t2_r028,0.8,,86400.0,False
"sync=event:0.05:86400,cache_ttl_s=86400",1,9,t2_r026,0.6,,129600.0,False
"sync=event:0.05:86400,cache_ttl_s=86400",1,10,t4_r003,0.8,,172800.0,True
"sync=event:0.05:86400,cache_ttl_s=86400",1,11,t3_r014,0.8,,172800.0,True
"sync=event:0.05:86400,cache_ttl_s=86400",1,12,t1_r021,0.8333,,129600.0,False
"sync=event:0.05:86400,cache_ttl_s=86400",1,13,t1_r023,0.8,,86400.0,False
"sync=event:0.05:86400,cache_ttl_s=86400",1,14,t3_r007,0.0,,0.0,False
"sync=event:0.05:86400,cache_ttl_s=86400",1,15,t2_r014,0.0,,0.0,False
"sync=event:0.05:86400,cache_ttl_s=86400",1,16,t5_r001,0.0,,0.0,False
"sync=event:0.05:86400,cache_ttl_s=86400",1,17,t3_r000,0.6667,,172800.0,True
"sync=event:0.05:86400,cache_ttl_s=86400",1,18,t1_r013,0.0,,0.0,False
"sync=event:0.05:86400,cache_ttl_s=86400",1,19,t4_r019,0.6667,,172800.0,True
"sync=event:0.05:86400,cache_ttl_s=86400",1,20,t3_r024,0.6,,172800.0,True
"sync=event:0.05:86400,cache_ttl_s=86400",1,21,t5_r018,0.8,,172800.0,True
"sync=event:0.05:86400,cache_ttl_s=86400",1,22,t3_r021,1.0,,172800.0,True
"sync=event:0.05:86400,cache_ttl_s=86400",1,23,t4_r024,0.0,,0.0,False
"sync=event:0.05:86400,cache_ttl_s=86400",1,24,t3_r001,0.8,,172800.0,True
"sync=event:0.05:86400,cache_ttl_s=86400",1,25,t3_r024,0.6,,172800.0,True
"sync=event:0.05:86400,cache_ttl_s=86400",1,26,t5_r000,0.6667,,172800.0,True
"sync=event:0.05:86400,cache_ttl_s=86400",1,27,t5_r026,0.8,,172800.0,True
"sync=event:0.05:86400,cache_ttl_s=86400",1,28,t3_r014,0.8,,172800.0,True
"sync=event:0.05:86400,cache_ttl_s=86400",1,29,t1_r001,0.6667,,172800.0,True
"sync=event:0.05:86400,cache_ttl_s=86400",1,30,t4_r011,0.0,,0.0,False
"sync=event:0.05:86400,cache_ttl_s=86400",1,31,t4_r016,0.8,,86400.0,False
"sync=event:0.05:86400,cache_ttl_s=86400",1,32,t4_r019,0.6667,,172800.0,True
"sync=event:0.05:86400,cache_ttl_s=86400",1,33,t2_r018,0.6667,,172800.0,True
"sync=event:0.05:86400,cache_ttl_s=86400",1,34,t4_r007,0.0,,0.0,False
"sync=event:0.05:86400,cache_ttl_s=86400",1,35,t2_r004,0.8,,129600.0,False
"sync=event:0.05:86400,cache_ttl_s=86400",1,36,t4_r006,0.0,,0.0,False
"sync=event:0.05:86400,cache_ttl_s=86400",1,37,t3_r029,0.8,,172800.0,True
"sync=event:0.05:86400,cache_ttl_s=86400",1,38,t1_r006,0.8,,172800.0,True
"sync=event:0.05:86400,cache_ttl_s=86400",1,39,t5_r026,0.0,,0.0,False
"sync=event:0.05:86400,cache_ttl_s=86400",2,0,t2_r013,0.8,,86400.0,False
"sync=event:0.05:86400,cache_ttl_s=86400",2,1,t3_r022,0.8,,172800.0,True
"sync=event:0.05:86400,cache_ttl_s=86400",2,2,t3_r005,0.8,,172800.0,True
"sync=event:0.05:86400,cache_ttl_s=86400",2,3,t2_r016,0.6667,,172800.0,True
"sync=event:0.05:86400,cache_ttl_s=86400",2,4,t3_r001,0.8,,172800.0,True
"sync=event:0.05:86400,cache_ttl_s=86400",2,5,t5_r012,0.8,,172800.0,True
"sync=event:0.05:86400,cache_ttl_s=86400",2,6,t5_r002,0.0,,0.0,False
"sync=event:0.05:86400,cache_ttl_s=86400",2,7,t4_r013,0.6,,86400.0,False
"sync=event:0.05:86400,cache_ttl_s=86400",2,8,t1_r014,0.0,,0.0,False
"sync=event:0.05:86400,cache_ttl_s=86400",2,9,t4_r015,0.8,,129600.0,False
"sync=event:0.05:86400,cache_ttl_s=86400",2,10,t4_r011,0.0,,0.0,False
"sync=event:0.05:86400,cache_ttl_s=86400",2,11,t2_r002,0.0,,0.0,False
"sync=event:0.05:86400,cache_ttl_s=86400",2,12,t1_r027,0.0,,0.0,False
"sync=event:0.05:86400,cache_ttl_s=86400",2,13,t5_r005,0.8,,172800.0,True
"sync=event:0.05:86400,cache_ttl_s=86400",2,14,t5_r014,0.8,,172800.0,True
"sync=event:0.05:86400,cache_ttl_s=86400",2,15,t5_r003,0.8,,172800.0,True
"sync=event:0.05:86400,cache_ttl_s=86400",2,16,t1_r013,0.0,,0.0,False
"sync=event:0.05:86400,cache_ttl_s=86400",2,17,t2_r022,0.8,,86400.0,False
"sync=event:0.05:86400,cache_ttl_s=86400",2,18,t5_r022,0.8,,172800.0,True
"sync=event:0.05:86400,cache_ttl_s=86400",2,19,t1_r022,0.0,,0.0,False
"sync=event:0.05:86400,cache_ttl_s=86400",2,20,t5_r008,0.0,,0.0,False
"sync=event:0.05:86400,cache_ttl_s=86400",2,21,t1_r025,0.0,,0.0,False
"sync=event:0.05:86400,cache_ttl_s=86400",2,22,t5_r029,0.8,,172800.0,True
"sync=event:0.05:86400,cache_ttl_s=86400",2,23,t5_r007,0.8,,172800.0,True
"sync=event:0.05:86400,cache_ttl_s=86400",2,24,t4_r024,0.0,,0.0,False
"sync=event:0.05:86400,cache_ttl_s=86400",2,25,t4_r019,0.6667,,172800.0,True
"sync=event:0.05:86400,cache_ttl_s=86400",2,26,t4_r016,0.8,,86400.0,False
"sync=event:0.05:86400,cache_ttl_s=86400",2,27,t1_r029,0.0,,0.0,False
"sync=event:0.05:86400,cache_ttl_s=86400",2,28,t2_r008,0.0,,0.0,False
"sync=event:0.05:86400,cache_ttl_s=86400",2,29,t1_r014,0.0,,0.0,False
"sync=event:0.05:86400,cache_ttl_s=86400",2,30,t4_r008,0.6667,,172800.0,True
"sync=event:0.05:86400,cache_ttl_s=86400",2,31,t5_r021,0.8,,172800.0,True
"sync=event:0.05:86400,cache_ttl_s=86400",2,32,t5_r025,0.0,,0.0,False
"sync=event:0.05:86400,cache_ttl_s=86400",2,33,t3_r008,0.8,,172800.0,True
"sync=event:0.05:86400,cache_ttl_s=86400",2,34,t4_r011,0.0,,0.0,False
"sync=event:0.05:86400,cache_ttl_s=86400",2,35,t3_r011,0.0,,0.0,False
"sync=event:0.05:86400,cache_ttl_s=86400",2,36,t5_r009,1.0,,172800.0,True
"sync=event:0.05:86400,cache_ttl_s=86400",2,37,t3_r029,0.8,,172800.0,True
"sync=event:0.05:86400,cache_ttl_s=86400",2,38,t4_r004,0.0,,0.0,False
"sync=event:0.05:86400,cache_ttl_s=86400",2,39,t2_r006,0.6667,,172800.0,True
"sync=event:0.05:86400,cache_ttl_s=86400",3,0,t4_r022,0.8,,86400.0,False
"sync=event:0.05:86400,cache_ttl_s=86400",3,1,t4_r028,0.0,,0.0,False
"sync=event:0.05:86400,cache_ttl_s=86400",3,2,t1_r028,0.0,,0.0,False
"sync=event:0.05:86400,cache_ttl_s=86400",3,3,t5_r013,0.0,,0.0,False
"sync=event:0.05:86400,cache_ttl_s=86400",3,4,t2_r008,0.0,,0.0,False
"sync=event:0.05:86400,cache_ttl_s=86400",3,5,t1_r029,0.0,,0.0,False
"sync=event:0.05:86400,cache_ttl_s=86400",3,6,t1_r016,0.8,,172800.0,True
"sync=event:0.05:86400,cache_ttl_s=86400",3,7,t4_r008,0.6667,,172800.0,True
"sync=event:0.05:86400,cache_ttl_s=86400",3,8,t5_r023,0.8,,172800.0,True
"sync=event:0.05:86400,cache_ttl_s=86400",3,9,t4_r015,0.8,,86400.0,False
"sync=event:0.05:86400,cache_ttl_s=86400",3,10,t2_r018,0.6667,,172800.0,True
"sync=event:0.05:86400,cache_ttl_s=86400",3,11,t4_r020,0.0,,0.0,False
"sync=event:0.05:86400,cache_ttl_s=86400",3,12,t4_r002,0.6667,,172800.0,True
"sync=event:0.05:86400,cache_ttl_s=86400",3,13,t2_r029,0.8,,172800.0,True
"sync=event:0.05:86400,cache_ttl_s=86400",3,14,t5_r019,0.0,,0.0,False
"sync=event:0.05:86400,cache_ttl_s=86400",3,15,t1_r009,0.0,,0.0,False
"sync=event:0.05:86400,cache_ttl_s=86400",3,16,t3_r004,0.6667,,86400.0,False
"sync=event:0.05:86400,cache_ttl_s=86400",3,17,t5_r001,0.0,,0.0,False
"sync=event:0.05:86400,cache_ttl_s=86400",3,18,t5_r020,0.8,,86400.0,False
"sync=event:0.05:86400,cache_ttl_s=86400",3,19,t2_r001,0.6667,,172800.0,True
"sync=event:0.05:86400,cache_ttl_s=86400",3,20,t2_r021,0.0,,0.0,False
"sync=event:0.05:86400,cache_ttl_s=86400",3,21,t3_r028,1.0,,86400.0,False
"sync=event:0.05:86400,cache_ttl_s=86400",3,22,t2_r012,0.8,,86400.0,False
"sync=event:0.05:86400,cache_ttl_s=86400",3,23,t4_r005,0.8,,172800.0,True
"sync=event:0.05:86400,cache_ttl_s=86400",3,24,t5_r027,0.0,,0.0,False
"sync=event:0.05:86400,cache_ttl_s=86400",3,25,t5_r012,0.8,,172800.0,True
"sync=event:0.05:86400,cache_ttl_s=86400",3,26,t5_r009,1.0,,172800.0,True
"sync=event:0.05:86400,cache_ttl_s=86400",3,27,t2_r006,0.6667,,172800.0,True
"sync=event:0.05:86400,cache_ttl_s=86400",3,28,t4_r025,0.8,,172800.0,True
"sync=event:0.05:86400,cache_ttl_s=86400",3,29,t4_r012,0.8,,86400.0,False
"sync=event:0.05:86400,cache_ttl_s=86400",3,30,t1_r005,0.0,,0.0,False
"sync=event:0.05:86400,cache_ttl_s=86400",3,31,t5_r023,0.8,,172800.0,True
"sync=event:0.05:86400,cache_ttl_s=86400",3,32,t1_r023,0.8,,86400.0,False
"sync=event:0.05:86400,cache_ttl_s=86400",3,33,t3_r013,0.8,,172800.0,True
"sync=event:0.05:86400,cache_ttl_s=86400",3,34,t2_r007,0.0,,0.0,False
"sync=event:0.05:86400,cache_ttl_s=86400",3,35,t1_r023,0.8,,86400.0,False
"sync=event:0.05:86400,cache_ttl_s=86400",3,36,t3_r001,0.8,,172800.0,True
"sync=event:0.05:86400,cache_ttl_s=86400",3,37,t1_r026,0.0,,0.0,False
"sync=event:0.05:86400,cache_ttl_s=86400",3,38,t4_r005,0.8,,172800.0,True
"sync=event:0.05:86400,cache_ttl_s=86400",3,39,t1_r023,0.8,,86400.0,False
"sync=event:0.05:86400,cache_ttl_s=86400",4,0,t3_r029,0.8,,172800.0,True
"sync=event:0.05:86400,cache_ttl_s=86400",4,1,t1_r005,0.0,,0.0,False
"sync=event:0.05:86400,cache_ttl_s=86400",4,2,t4_r027,0.8,,172800.0,True
"sync=event:0.05:86400,cache_ttl_s=86400",4,3,t3_r016,1.0,,172800.0,True
"sync=event:0.05:86400,cache_ttl_s=86400",4,4,t4_r018,0.8,,86400.0,False
"sync=event:0.05:86400,cache_ttl_s=86400",4,5,t5_r020,0.8,,86400.0,False
"sync=event:0.05:86400,cache_ttl_s=86400",4,6,t1_r024,0.6,,86400.0,False
"sync=event:0.05:86400,cache_ttl_s=86400",4,7,t2_r024,0.0,,0.0,False
"sync=event:0.05:86400,cache_ttl_s=86400",4,8,t2_r028,0.8,,86400.0,False
"sync=event:0.05:86400,cache_ttl_s=86400",4,9,t4_r003,0.8,,172800.0,True
"sync=event:0.05:86400,cache_ttl_s=86400",4,10,t1_r025,0.0,,0.0,False
"sync=event:0.05:86400,cache_ttl_s=86400",4,11,t2_r016,0.6667,,172800.0,True
"sync=event:0.05:86400,cache_ttl_s=86400",4,12,t3_r002,0.0,,0.0,False
"sync=event:0.05:86400,cache_ttl_s=86400",4,13,t3_r002,0.0,,0.0,False
"sync=event:0.05:86400,cache_ttl_s=86400",4,14,t4_r024,0.0,,0.0,False
"sync=event:0.05:86400,cache_ttl_s=86400",4,15,t3_r001,0.8,,172800.0,True
"sync=event:0.05:86400,cache_ttl_s=86400",4,16,t1_r008,0.8,,86400.0,False
"sync=event:0.05:86400,cache_ttl_s=86400",4,17,t4_r020,0.0,,0.0,False
"sync=event:0.05:86400,cache_ttl_s=86400",4,18,t3_r021,1.0,,172800.0,True
"sync=event:0.05:86400,cache_ttl_s=86400",4,19,t4_r017,0.8,,86400.0,False
"sync=event:0.05:86400,cache_ttl_s=86400",4,20,t1_r012,0.0,,0.0,False
"sync=event:0.05:86400,cache_ttl_s=86400",4,21,t4_r003,0.8,,172800.0,True
"sync=event:0.05:86400,cache_ttl_s=86400",4,22,t4_r018,0.8,,86400.0,False
"sync=event:0.05:86400,cache_ttl_s=86400",4,23,t3_r001,0.8,,172800.0,True
"sync=event:0.05:86400,cache_ttl_s=86400",4,24,t4_r018,0.8,,86400.0,False
"sync=event:0.05:86400,cache_ttl_s=86400",4,25,t4_r009,0.0,,0.0,False
"sync=event:0.05:86400,cache_ttl_s=86400",4,26,t4_r025,0.8,,172800.0,True
"sync=event:0.05:86400,cache_ttl_s=86400",4,27,t2_r020,0.6667,,172800.0,True
"sync=event:0.05:86400,cache_ttl_s=86400",4,28,t2_r018,0.6667,,172800.0,True
"sync=event:0.05:86400,cache_ttl_s=86400",4,29,t2_r009,0.8,,86400.0,False
"sync=event:0.05:86400,cache_ttl_s=86400",4,30,t3_r016,1.0,,172800.0,True
"sync=event:0.05:86400,cache_ttl_s=86400",4,31,t2_r016,0.6667,,172800.0,True
"sync=event:0.05:86400,cache_ttl_s=86400",4,32,t5_r029,0.8,,172800.0,True
"sync=event:0.05:86400,cache_ttl_s=86400",4,33,t1_r018,0.0,,0.0,False
"sync=event:0.05:86400,cache_ttl_s=86400",4,34,t3_r007,0.0,,0.0,False
"sync=event:0.05:86400,cache_ttl_s=86400",4,35,t1_r022,0.0,,0.0,False
"sync=event:0.05:86400,cache_ttl_s=86400",4,36,t4_r019,0.8333,,172800.0,True
"sync=event:0.05:86400,cache_ttl_s=86400",4,37,t5_r000,0.6667,,172800.0,True
"sync=event:0.05:86400,cache_ttl_s=86400",4,38,t3_r024,0.6,,172800.0,True
"sync=event:0.05:86400,cache_ttl_s=86400",4,39,t2_r008,0.6,,129600.0,False
