cell,seed,target,attacker,world,strategy,score_score,score_reranker,score_latency,score_refusal,score_content,score_combined
preset=strawman,0,t4_r020,insider,1,direct,0.99826,0.99533,0.97099,0.99986,0.99906,0.99963
preset=strawman,0,t4_r020,insider,1,paraphrase,0.44125,0.99173,0.37936,0.49395,0.48569,0.99107
preset=strawman,0,t4_r020,insider,1,comparative,0.89665,0.96972,0.47415,0.52488,0.49995,0.99001
preset=strawman,0,t4_r020,insider,1,timing_only,0.10139,0.99961,0.75678,0.46013,0.45736,0.99725
preset=strawman,0,t4_r020,outsider,1,direct,0.99826,0.99533,0.94277,0.99986,0.99906,0.99963
preset=strawman,0,t4_r020,outsider,1,paraphrase,0.44125,0.99173,0.32677,0.49395,0.48569,0.99107
preset=strawman,0,t4_r020,outsider,1,comparative,0.89665,0.96972,0.60634,0.52488,0.49995,0.99001
preset=strawman,0,t4_r020,outsider,1,timing_only,0.10139,0.99961,0.48682,0.46013,0.45736,0.99725
preset=strawman,0,t4_r020,insider,0,direct,0.03102,0.117,0.2474,0.35974,0.3637,0.00391
preset=strawman,0,t4_r020,insider,0,paraphrase,0.02869,0.00183,0.20936,0.49395,0.48569,0.00054
preset=strawman,0,t4_r020,insider,0,comparative,0.72101,0.0007,0.77565,0.45781,0.49995,0.00082
preset=strawman,0,t4_r020,insider,0,timing_only,0.08649,0.0061,0.54776,0.46013,0.45736,0.00108
preset=strawman,0,t4_r020,outsider,0,direct,0.03102,0.117,0.15335,0.35974,0.3637,0.00391
preset=strawman,0,t4_r020,outsider,0,paraphrase,0.02869,0.00183,0.30855,0.49395,0.48569,0.00054
preset=strawman,0,t4_r020,outsider,0,comparative,0.72101,0.0007,0.22181,0.52488,0.49995,0.00139
preset=strawman,0,t4_r020,outsider,0,timing_only,0.08649,0.0061,0.22041,0.46013,0.45736,0.00108
preset=strawman,0,t4_r027,insider,1,direct,0.99826,0.99747,0.97099,0.99986,0.99988,0.99988
preset=strawman,0,t4_r027,insider,1,paraphrase,0.99174,0.99834,0.47969,0.49395,0.48569,0.99977
preset=strawman,0,t4_r027,insider,1,comparative,0.966,0.99709,0.53758,0.52488,0.49995,0.9985
preset=strawman,0,t4_r027,insider,1,timing_only,0.99384,0.99961,0.90458,0.99934,0.99963,0.99972
preset=strawman,0,t4_r027,outsider,1,direct,0.99826,0.99747,0.88847,0.99986,0.99988,0.99988
preset=strawman,0,t4_r027,outsider,1,paraphrase,0.99174,0.99834,0.54086,0.49395,0.48569,0.99977
preset=strawman,0,t4_r027,outsider,1,comparative,0.966,0.99709,0.44351,0.52488,0.49995,0.9985
preset=strawman,0,t4_r027,outsider,1,timing_only,0.99384,0.99961,0.90458,0.99934,0.99963,0.99972
preset=strawman,0,t4_r027,insider,0,direct,0.19568,0.02542,0.5905,0.35974,0.3637,0.06837
preset=strawman,0,t4_r027,insider,0,paraphrase,0.58164,0.00559,0.53291,0.49395,0.48569,0.00632
preset=strawman,0,t4_r027,insider,0,comparative,0.5174,0.0007,0.62596,0.52488,0.49995,0.00079
preset=strawman,0,t4_r027,insider,0,timing_only,0.19852,0.0061,0.39587,0.46013,0.45736,0.00162
preset=strawman,0,t4_r027,outsider,0,direct,0.19568,0.02542,0.2474,0.35974,0.3637,0.03574
preset=strawman,0,t4_r027,outsider,0,paraphrase,0.58164,0.00559,0.64373,0.49395,0.48569,0.00632
preset=strawman,0,t4_r027,outsider,0,comparative,0.5174,0.0007,0.53758,0.52488,0.49995,0.00079
preset=strawman,0,t4_r027,outsider,0,timing_only,0.19852,0.0061,0.42968,0.46013,0.45736,0.00162
preset=strawman,0,t4_r018,insider,1,direct,0.59978,0.99533,0.35692,0.35974,0.3637,0.98604
preset=strawman,0,t4_r018,insider,1,paraphrase,0.30504,0.99834,0.22879,0.49395,0.48569,0.99742
preset=strawman,0,t4_r018,insider,1,comparative,0.89728,0.98543,0.61036,0.45781,0.49995,0.99795
preset=strawman,0,t4_r018,insider,1,timing_only,0.86801,0.99961,0.44703,0.46013,0.45736,0.99838
preset=strawman,0,t4_r018,outsider,1,direct,0.59978,0.99533,0.35692,0.35974,0.3637,0.98604
preset=strawman,0,t4_r018,outsider,1,paraphrase,0.30504,0.99834,0.44087,0.49395,0.48569,0.99742
preset=strawman,0,t4_r018,outsider,1,comparative,0.89728,0.98543,0.67017,0.52488,0.49995,0.99964
preset=strawman,0,t4_r018,outsider,1,timing_only,0.86801,0.99961,0.67756,0.46013,0.45736,0.99838
preset=strawman,0,t4_r018,insider,0,direct,0.03102,0.04474,0.39809,0.35974,0.3637,0.00081
preset=strawman,0,t4_r018,insider,0,paraphrase,0.40314,0.01867,0.44087,0.49395,0.48569,0.00558
preset=strawman,0,t4_r018,insider,0,comparative,0.04935,0.0007,0.82811,0.45781,0.49995,0.00082
preset=strawman,0,t4_r018,insider,0,timing_only,0.75146,0.00198,0.45555,0.46013,0.45736,0.00172
preset=strawman,0,t4_r018,outsider,0,direct,0.03102,0.04474,0.35692,0.35974,0.3637,0.00157
preset=strawman,0,t4_r018,outsider,0,paraphrase,0.40314,0.01867,0.45629,0.49395,0.48569,0.00558
preset=strawman,0,t4_r018,outsider,0,comparative,0.04935,0.0007,0.51544,0.52488,0.49995,0.00168
preset=strawman,0,t4_r018,outsider,0,timing_only,0.75146,0.00198,0.48621,0.46013,0.45736,0.00172
preset=strawman,0,t4_r023,insider,1,direct,0.9923,0.99747,0.95739,0.99998,0.99996,0.99968
preset=strawman,0,t4_r023,insider,1,paraphrase,0.17787,0.99831,0.49861,0.49395,0.48569,0.99715
preset=strawman,0,t4_r023,insider,1,comparative,0.58839,0.0007,0.91179,0.45781,0.49995,0.00082
preset=strawman,0,t4_r023,insider,1,timing_only,0.88512,0.99961,0.97213,0.99752,0.99963,0.99758
preset=strawman,0,t4_r023,outsider,1,direct,0.9923,0.99747,0.88847,0.99998,0.99996,0.99968
preset=strawman,0,t4_r023,outsider,1,paraphrase,0.17787,0.99831,0.89385,0.39289,0.48569,0.99726
preset=strawman,0,t4_r023,outsider,1,comparative,0.58839,0.0007,0.37211,0.52488,0.49995,0.00079
preset=strawman,0,t4_r023,outsider,1,timing_only,0.85982,0.99961,0.97213,0.99742,0.99963,0.99767
preset=strawman,0,t4_r023,insider,0,direct,0.02514,0.02542,0.30233,0.35974,0.3637,0.00518
preset=strawman,0,t4_r023,insider,0,paraphrase,0.01903,0.00899,0.36229,0.49395,0.48569,0.00333
preset=strawman,0,t4_r023,insider,0,comparative,0.58839,0.0007,0.49216,0.45781,0.49995,0.00082
preset=strawman,0,t4_r023,insider,0,timing_only,0.01048,0.0061,0.81749,0.46013,0.45736,0.00093
preset=strawman,0,t4_r023,outsider,0,direct,0.02514,0.02542,0.35692,0.35974,0.3637,0.00987
preset=strawman,0,t4_r023,outsider,0,paraphrase,0.01903,0.00899,0.64982,0.39289,0.48569,0.00346
preset=strawman,0,t4_r023,outsider,0,comparative,0.58839,0.0007,0.32523,0.52488,0.49995,0.00079
preset=strawman,0,t4_r023,outsider,0,timing_only,0.0119,0.0061,0.97213,0.99994,0.99963,0.01138
preset=strawman,0,t4_r019,insider,1,direct,0.49951,0.99747,0.54601,0.35974,0.3637,0.99765
preset=strawman,0,t4_r019,insider,1,paraphrase,0.05742,0.99834,0.54086,0.49395,0.48569,0.99447
preset=strawman,0,t4_r019,insider,1,comparative,0.89665,0.9934,0.26903,0.45781,0.49995,0.99819
preset=strawman,0,t4_r019,insider,1,timing_only,0.56342,0.99961,0.39587,0.46013,0.45736,0.99761
preset=strawman,0,t4_r019,outsider,1,direct,0.49951,0.99747,0.53637,0.35974,0.3637,0.99765
preset=strawman,0,t4_r019,outsider,1,paraphrase,0.05742,0.99834,0.3434,0.49395,0.48569,0.99447
preset=strawman,0,t4_r019,outsider,1,comparative,0.89665,0.9934,0.5336,0.45781,0.49995,0.99819
preset=strawman,0,t4_r019,outsider,1,timing_only,0.56342,0.99961,0.51062,0.46013,0.45736,0.99761
preset=strawman,0,t4_r019,insider,0,direct,0.03102,0.02542,0.38906,0.35974,0.3637,0.00713
preset=strawman,0,t4_r019,insider,0,paraphrase,0.26153,0.00899,0.3434,0.49395,0.48569,0.00387
preset=strawman,0,t4_r019,insider,0,comparative,0.06084,0.0007,0.49216,0.45781,0.49995,0.00082
preset=strawman,0,t4_r019,insider,0,timing_only,0.04542,0.00198,0.42968,0.46013,0.45736,0.00108
preset=strawman,0,t4_r019,outsider,0,direct,0.03102,0.02542,0.33276,0.35974,0.3637,0.00713
preset=strawman,0,t4_r019,outsider,0,paraphrase,0.26153,0.00899,0.3434,0.49395,0.48569,0.00387
preset=strawman,0,t4_r019,outsider,0,comparative,0.06084,0.0007,0.47172,0.45781,0.49995,0.00082
preset=strawman,0,t4_r019,outsider,0,timing_only,0.04542,0.00198,0.54772,0.46013,0.45736,0.00108
preset=strawman,0,t4_r011,insider,1,direct,0.99826,0.02542,0.93469,0.9997,0.99996,0.979
preset=strawman,0,t4_r011,insider,1,paraphrase,0.99174,0.99834,0.66255,0.49395,0.48569,0.99963
preset=strawman,0,t4_r011,insider,1,comparative,0.9064,0.98543,0.40849,0.52488,0.49995,0.99835
preset=strawman,0,t4_r011,insider,1,timing_only,0.99384,0.99961,0.5303,0.46013,0.45736,0.99932
preset=strawman,0,t4_r011,outsider,1,direct,0.99826,0.02542,0.94277,0.9997,0.99996,0.979
preset=strawman,0,t4_r011,outsider,1,paraphrase,0.99174,0.99834,0.65354,0.49395,0.48569,0.99879
preset=strawman,0,t4_r011,outsider,1,comparative,0.9064,0.98543,0.60517,0.52488,0.49995,0.99835
preset=strawman,0,t4_r011,outsider,1,timing_only,0.99384,0.99961,0.54776,0.46013,0.45736,0.99932
preset=strawman,0,t4_r011,insider,0,direct,0.11433,0.0054,0.09521,0.35974,0.3637,0.00224
preset=strawman,0,t4_r011,insider,0,paraphrase,0.05742,0.00986,0.47969,0.49395,0.48569,0.00575
preset=strawman,0,t4_r011,insider,0,comparative,0.04935,0.01175,0.68986,0.52488,0.49995,0.00139
preset=strawman,0,t4_r011,insider,0,timing_only,0.6839,0.00198,0.60722,0.46013,0.45736,0.00162
preset=strawman,0,t4_r011,outsider,0,direct,0.11433,0.0054,0.09521,0.35974,0.3637,0.00224
preset=strawman,0,t4_r011,outsider,0,paraphrase,0.05742,0.00986,0.54086,0.49395,0.48569,0.00575
preset=strawman,0,t4_r011,outsider,0,comparative,0.04935,0.01175,0.53758,0.52488,0.49995,0.00139
preset=strawman,0,t4_r011,outsider,0,timing_only,0.6839,0.00198,0.54776,0.46013,0.45736,0.00162
preset=strawman,0,t4_r008,insider,1,direct,0.93109,0.99747,0.30233,0.35974,0.3637,0.99961
preset=strawman,0,t4_r008,insider,1,paraphrase,0.44125,0.99831,0.41202,0.49395,0.48569,0.99805
preset=strawman,0,t4_r008,insider,1,comparative,0.80276,0.98543,0.39241,0.52488,0.49995,0.99937
preset=strawman,0,t4_r008,insider,1,timing_only,0.99384,0.99961,0.67264,0.46013,0.45736,0.99932
preset=strawman,0,t4_r008,outsider,1,direct,0.93109,0.99747,0.4467,0.35974,0.3637,0.99961
preset=strawman,0,t4_r008,outsider,1,paraphrase,0.44125,0.99831,0.45629,0.49395,0.48569,0.99805
preset=strawman,0,t4_r008,outsider,1,comparative,0.80276,0.98543,0.5336,0.45781,0.49995,0.99937
preset=strawman,0,t4_r008,outsider,1,timing_only,0.99384,0.99961,0.44952,0.46013,0.45736,0.99932
preset=strawman,0,t4_r008,insider,0,direct,0.03102,0.02542,0.4467,0.35974,0.3637,0.00713
preset=strawman,0,t4_r008,insider,0,paraphrase,0.01894,0.00302,0.45629,0.49395,0.48569,0.00387
preset=strawman,0,t4_r008,insider,0,comparative,0.72101,0.0007,0.50357,0.52488,0.49995,0.00079
preset=strawman,0,t4_r008,insider,0,timing_only,0.59736,0.00657,0.52401,0.46013,0.45736,0.00108
preset=strawman,0,t4_r008,outsider,0,direct,0.03102,0.02542,0.34008,0.35974,0.3637,0.00713
preset=strawman,0,t4_r008,outsider,0,paraphrase,0.01894,0.00302,0.45629,0.49395,0.48569,0.00387
preset=strawman,0,t4_r008,outsider,0,comparative,0.72101,0.0007,0.5336,0.45781,0.49995,0.00082
preset=strawman,0,t4_r008,outsider,0,timing_only,0.59736,0.00657,0.45441,0.46013,0.45736,0.00108
preset=strawman,0,t4_r009,insider,1,direct,0.02514,0.04474,0.37052,0.35974,0.3637,0.0005
preset=strawman,0,t4_r009,insider,1,paraphrase,0.93029,0.91834,0.54086,0.49395,0.48569,0.99668
preset=strawman,0,t4_r009,insider,1,comparative,0.91249,0.9934,0.39359,0.45781,0.49995,0.99819
preset=strawman,0,t4_r009,insider,1,timing_only,0.99384,0.99961,0.67264,0.46013,0.45736,0.99932
preset=strawman,0,t4_r009,outsider,1,direct,0.02514,0.04474,0.37052,0.35974,0.3637,0.0005
preset=strawman,0,t4_r009,outsider,1,paraphrase,0.93029,0.91834,0.46517,0.49395,0.48569,0.99668
preset=strawman,0,t4_r009,outsider,1,comparative,0.91249,0.9934,0.37917,0.45781,0.49995,0.99819
preset=strawman,0,t4_r009,outsider,1,timing_only,0.99384,0.99961,0.60722,0.46013,0.45736,0.99932
preset=strawman,0,t4_r009,insider,0,direct,0.02527,0.0054,0.36076,0.29775,0.3637,0.00048
preset=strawman,0,t4_r009,insider,0,paraphrase,0.0999,0.00986,0.3434,0.49395,0.48569,0.00575
preset=strawman,0,t4_r009,insider,0,comparative,0.72101,0.07118,0.49677,0.45781,0.49995,0.00195
preset=strawman,0,t4_r009,insider,0,timing_only,0.6839,0.02755,0.62991,0.46013,0.45736,0.02831
preset=strawman,0,t4_r009,outsider,0,direct,0.02527,0.0054,0.37052,0.35974,0.3637,0.00046
preset=strawman,0,t4_r009,outsider,0,paraphrase,0.0999,0.00986,0.46097,0.49395,0.48569,0.00575
preset=strawman,0,t4_r009,outsider,0,comparative,0.72101,0.07118,0.49415,0.45781,0.49995,0.00195
preset=strawman,0,t4_r009,outsider,0,timing_only,0.6839,0.02755,0.52401,0.46013,0.45736,0.02831
preset=strawman,0,t5_r013,insider,1,direct,0.39839,0.02476,0.97099,0.99986,0.99909,0.96186
preset=strawman,0,t5_r013,insider,1,paraphrase,0.83019,0.99797,0.64208,0.49395,0.48569,0.99799
preset=strawman,0,t5_r013,insider,1,comparative,0.97298,0.99373,0.44739,0.52488,0.49995,0.99924
preset=strawman,0,t5_r013,insider,1,timing_only,0.99384,0.99961,0.46795,0.46013,0.45736,0.99932
preset=strawman,0,t5_r013,outsider,1,direct,0.39839,0.02476,0.88847,0.99986,0.99909,0.96186
preset=strawman,0,t5_r013,outsider,1,paraphrase,0.83019,0.99797,0.44087,0.49395,0.48569,0.99799
preset=strawman,0,t5_r013,outsider,1,comparative,0.97298,0.99373,0.56547,0.52488,0.49995,0.99924
preset=strawman,0,t5_r013,outsider,1,timing_only,0.99384,0.99961,0.5303,0.46013,0.45736,0.99932
preset=strawman,0,t5_r013,insider,0,direct,0.02527,0.0054,0.28357,0.29775,0.3637,0.00048
preset=strawman,0,t5_r013,insider,0,paraphrase,0.61083,0.00771,0.69412,0.49395,0.48569,0.00575
preset=strawman,0,t5_r013,insider,0,comparative,0.94986,0.01175,0.51376,0.52488,0.49995,0.00859
preset=strawman,0,t5_r013,insider,0,timing_only,0.4201,0.03704,0.50978,0.46013,0.45736,0.02831
preset=strawman,0,t5_r013,outsider,0,direct,0.02527,0.0054,0.29026,0.35974,0.3637,0.00812
preset=strawman,0,t5_r013,outsider,0,paraphrase,0.61083,0.00771,0.47969,0.49395,0.48569,0.00575
preset=strawman,0,t5_r013,outsider,0,comparative,0.94986,0.01175,0.47062,0.52488,0.49995,0.00859
preset=strawman,0,t5_r013,outsider,0,timing_only,0.4201,0.03704,0.46795,0.46013,0.45736,0.02831
preset=strawman,0,t5_r018,insider,1,direct,0.48265,0.99747,0.33276,0.35974,0.3637,0.99744
preset=strawman,0,t5_r018,insider,1,paraphrase,0.44513,0.99834,0.6282,0.49395,0.48569,0.99719
preset=strawman,0,t5_r018,insider,1,comparative,0.38564,0.9934,0.25461,0.45781,0.49995,0.98814
preset=strawman,0,t5_r018,insider,1,timing_only,0.35008,0.99961,0.54776,0.46013,0.45736,0.99758
preset=strawman,0,t5_r018,outsider,1,direct,0.48265,0.99747,0.38261,0.35974,0.3637,0.99744
preset=strawman,0,t5_r018,outsider,1,paraphrase,0.44513,0.99834,0.54086,0.49395,0.48569,0.99719
preset=strawman,0,t5_r018,outsider,1,comparative,0.38564,0.9934,0.49415,0.45781,0.49995,0.98814
preset=strawman,0,t5_r018,outsider,1,timing_only,0.35008,0.99961,0.34654,0.46013,0.45736,0.99758
preset=strawman,0,t5_r018,insider,0,direct,0.02527,0.02542,0.44262,0.35974,0.3637,0.00852
preset=strawman,0,t5_r018,insider,0,paraphrase,0.05742,0.00913,0.32677,0.49395,0.48569,0.00575
preset=strawman,0,t5_r018,insider,0,comparative,0.38564,0.0007,0.37917,0.45781,0.49995,0.00095
preset=strawman,0,t5_r018,insider,0,timing_only,0.01587,0.04869,0.45555,0.46013,0.45736,0.04093
preset=strawman,0,t5_r018,outsider,0,direct,0.02527,0.02542,0.36443,0.35974,0.3637,0.00852
preset=strawman,0,t5_r018,outsider,0,paraphrase,0.05742,0.00913,0.4065,0.49395,0.48569,0.00575
preset=strawman,0,t5_r018,outsider,0,comparative,0.38564,0.0007,0.72758,0.45781,0.49995,0.00095
preset=strawman,0,t5_r018,outsider,0,timing_only,0.01587,0.04869,0.45555,0.46013,0.45736,0.04093
preset=strawman,0,t5_r006,insider,1,direct,0.02514,0.02476,0.15335,0.35974,0.3637,0.01531
preset=strawman,0,t5_r006,insider,1,paraphrase,0.83019,0.99834,0.45629,0.49395,0.48569,0.99792
preset=strawman,0,t5_r006,insider,1,comparative,0.82374,0.99712,0.52473,0.52488,0.49995,0.99789
preset=strawman,0,t5_r006,insider,1,timing_only,0.99384,0.99961,0.69498,0.46013,0.45736,0.99932
preset=strawman,0,t5_r006,outsider,1,direct,0.02514,0.02476,0.30574,0.35974,0.3637,0.06281
preset=strawman,0,t5_r006,outsider,1,paraphrase,0.83019,0.99834,0.41202,0.49395,0.48569,0.99792
preset=strawman,0,t5_r006,outsider,1,comparative,0.82374,0.99712,0.45137,0.52488,0.49995,0.99789
preset=strawman,0,t5_r006,outsider,1,timing_only,0.99384,0.99961,0.75678,0.46013,0.45736,0.99932
preset=strawman,0,t5_r006,insider,0,direct,0.02527,0.0054,0.15335,0.35974,0.3637,0.00215
preset=strawman,0,t5_r006,insider,0,paraphrase,0.05742,0.02663,0.69412,0.49395,0.48569,0.00575
preset=strawman,0,t5_r006,insider,0,comparative,0.14462,0.0007,0.52068,0.52488,0.49995,0.00079
preset=strawman,0,t5_r006,insider,0,timing_only,0.77451,0.03704,0.75678,0.46013,0.45736,0.05066
preset=strawman,0,t5_r006,outsider,0,direct,0.02527,0.0054,0.2474,0.35974,0.3637,0.00215
preset=strawman,0,t5_r006,outsider,0,paraphrase,0.05742,0.02663,0.69412,0.49395,0.48569,0.00575
preset=strawman,0,t5_r006,outsider,0,comparative,0.14462,0.0007,0.52068,0.52488,0.49995,0.00079
preset=strawman,0,t5_r006,outsider,0,timing_only,0.77451,0.03704,0.75678,0.46013,0.45736,0.05066
preset=strawman,0,t5_r016,insider,1,direct,0.99156,0.98843,0.97099,0.99986,0.99906,0.99907
preset=strawman,0,t5_r016,insider,1,paraphrase,0.05742,0.99797,0.22879,0.49395,0.48569,0.99464
preset=strawman,0,t5_r016,insider,1,comparative,0.06084,0.99815,0.51376,0.52488,0.49995,0.98678
preset=strawman,0,t5_r016,insider,1,timing_only,0.53613,0.99961,0.64878,0.46013,0.45736,0.99587
preset=strawman,0,t5_r016,outsider,1,direct,0.99156,0.98843,0.97099,0.99986,0.99906,0.99907
preset=strawman,0,t5_r016,outsider,1,paraphrase,0.95392,0.99797,0.1766,0.42282,0.99986,0.99864
preset=strawman,0,t5_r016,outsider,1,comparative,0.06084,0.99815,0.42926,0.45781,0.49995,0.98728
preset=strawman,0,t5_r016,outsider,1,timing_only,0.92022,0.01617,0.89902,0.43199,0.99638,0.11104
preset=strawman,0,t5_r016,insider,0,direct,0.03102,0.0054,0.31848,0.29775,0.3637,0.0004
preset=strawman,0,t5_r016,insider,0,paraphrase,0.02869,0.0007,0.37936,0.49395,0.48569,0.00241
preset=strawman,0,t5_r016,insider,0,comparative,0.06084,0.0007,0.53758,0.52488,0.49995,0.00079
preset=strawman,0,t5_r016,insider,0,timing_only,0.16713,0.00198,0.44952,0.46013,0.45736,0.00108
preset=strawman,0,t5_r016,outsider,0,direct,0.03102,0.0054,0.82853,0.29775,0.3637,0.0004
preset=strawman,0,t5_r016,outsider,0,paraphrase,0.02869,0.0007,0.45629,0.39289,0.48569,0.0025
preset=strawman,0,t5_r016,outsider,0,comparative,0.06084,0.0007,0.19767,0.45781,0.49995,0.00082
preset=strawman,0,t5_r016,outsider,0,timing_only,0.9528,0.00198,0.92213,0.25707,0.14658,0.00178
preset=strawman,0,t5_r014,insider,1,direct,0.9865,0.99747,0.97099,0.99986,0.99997,0.99975
preset=strawman,0,t5_r014,insider,1,paraphrase,0.9127,0.99834,0.49997,0.49395,0.48569,0.99919
preset=strawman,0,t5_r014,insider,1,comparative,0.8755,0.98543,0.58463,0.45781,0.49995,0.99813
preset=strawman,0,t5_r014,insider,1,timing_only,0.97129,0.99961,0.97213,0.99995,0.99638,0.99984
preset=strawman,0,t5_r014,outsider,1,direct,0.9865,0.99747,0.93469,0.99986,0.99997,0.99975
preset=strawman,0,t5_r014,outsider,1,paraphrase,0.9127,0.99834,0.64373,0.49395,0.48569,0.99919
preset=strawman,0,t5_r014,outsider,1,comparative,0.8755,0.98543,0.52011,0.52488,0.49995,0.99806
preset=strawman,0,t5_r014,outsider,1,timing_only,0.85207,0.99961,0.46795,0.46013,0.45736,0.99932
preset=strawman,0,t5_r014,insider,0,direct,0.02527,0.01981,0.2474,0.29775,0.3637,0.02062
preset=strawman,0,t5_r014,insider,0,paraphrase,0.02869,0.03034,0.37307,0.49395,0.48569,0.02995
preset=strawman,0,t5_r014,insider,0,comparative,0.02759,0.0007,0.77565,0.45781,0.49995,0.00033
preset=strawman,0,t5_r014,insider,0,timing_only,0.01587,0.00198,0.81749,0.41951,0.45736,0.00112
preset=strawman,0,t5_r014,outsider,0,direct,0.02527,0.01981,0.22069,0.35974,0.3637,0.00332
preset=strawman,0,t5_r014,outsider,0,paraphrase,0.02869,0.03034,0.61486,0.49395,0.48569,0.02995
preset=strawman,0,t5_r014,outsider,0,comparative,0.02759,0.0007,0.41685,0.52488,0.49995,0.00032
preset=strawman,0,t5_r014,outsider,0,timing_only,0.01587,0.00198,0.75678,0.46013,0.45736,0.00108
preset=strawman,0,t5_r008,insider,1,direct,0.93166,0.53053,0.97099,0.99986,0.99909,0.99377
preset=strawman,0,t5_r008,insider,1,paraphrase,0.96948,0.99797,0.49311,0.49395,0.48569,0.99964
preset=strawman,0,t5_r008,insider,1,comparative,0.91514,0.99099,0.53758,0.52488,0.49995,0.99812
preset=strawman,0,t5_r008,insider,1,timing_only,0.99384,0.99961,0.54776,0.46013,0.45736,0.99932
preset=strawman,0,t5_r008,outsider,1,direct,0.93166,0.53053,0.94277,0.99986,0.99909,0.99377
preset=strawman,0,t5_r008,outsider,1,paraphrase,0.96948,0.99797,0.46517,0.49395,0.48569,0.99964
preset=strawman,0,t5_r008,outsider,1,comparative,0.91514,0.99099,0.50357,0.52488,0.49995,0.99812
preset=strawman,0,t5_r008,outsider,1,timing_only,0.99384,0.99961,0.44881,0.46013,0.45736,0.99932
preset=strawman,0,t5_r008,insider,0,direct,0.02527,0.0054,0.28377,0.35974,0.3637,0.00215
preset=strawman,0,t5_r008,insider,0,paraphrase,0.0567,0.00986,0.40223,0.49395,0.48569,0.00575
preset=strawman,0,t5_r008,insider,0,comparative,0.02745,0.0007,0.62596,0.52488,0.49995,0.0002
preset=strawman,0,t5_r008,insider,0,timing_only,0.11458,0.02755,0.51393,0.46013,0.45736,0.01673
preset=strawman,0,t5_r008,outsider,0,direct,0.02527,0.0054,0.21839,0.35974,0.3637,0.00189
preset=strawman,0,t5_r008,outsider,0,paraphrase,0.0567,0.00986,0.54086,0.49395,0.48569,0.00575
preset=strawman,0,t5_r008,outsider,0,comparative,0.02745,0.0007,0.53758,0.52488,0.49995,0.0002
preset=strawman,0,t5_r008,outsider,0,timing_only,0.11458,0.02755,0.52401,0.46013,0.45736,0.01673
preset=strawman,0,t5_r017,insider,1,direct,0.99298,0.99747,0.95739,0.99986,0.99988,0.99986
preset=strawman,0,t5_r017,insider,1,paraphrase,0.81067,0.99806,0.58603,0.49395,0.48569,0.99934
preset=strawman,0,t5_r017,insider,1,comparative,0.87764,0.99373,0.77565,0.45781,0.49995,0.99819
preset=strawman,0,t5_r017,insider,1,timing_only,0.99384,0.99961,0.64554,0.46013,0.45736,0.99932
preset=strawman,0,t5_r017,outsider,1,direct,0.99298,0.99747,0.93469,0.99986,0.99988,0.99986
preset=strawman,0,t5_r017,outsider,1,paraphrase,0.81067,0.99806,0.45629,0.39289,0.48569,0.99934
preset=strawman,0,t5_r017,outsider,1,comparative,0.87764,0.99373,0.36723,0.45781,0.49995,0.99819
preset=strawman,0,t5_r017,outsider,1,timing_only,0.99887,0.99961,0.97213,0.99995,0.5018,0.99984
preset=strawman,0,t5_r017,insider,0,direct,0.03782,0.20378,0.30233,0.35974,0.3637,0.0048
preset=strawman,0,t5_r017,insider,0,paraphrase,0.61083,0.00375,0.41027,0.49395,0.48569,0.00276
preset=strawman,0,t5_r017,insider,0,comparative,0.02759,0.0007,0.32523,0.45781,0.49995,0.00033
preset=strawman,0,t5_r017,insider,0,timing_only,0.04542,0.00198,0.44703,0.46013,0.45736,0.00108
preset=strawman,0,t5_r017,outsider,0,direct,0.03782,0.20378,0.48206,0.29775,0.3637,0.00499
preset=strawman,0,t5_r017,outsider,0,paraphrase,0.61083,0.00375,0.58603,0.39289,0.48569,0.00287
preset=strawman,0,t5_r017,outsider,0,comparative,0.02759,0.0007,0.51376,0.45781,0.49995,0.00033
preset=strawman,0,t5_r017,outsider,0,timing_only,0.92022,0.00198,0.97213,0.99995,0.03636,0.03402
preset=strawman,0,t5_r000,insider,1,direct,0.96311,0.99747,0.97099,0.99971,0.99996,0.99973
preset=strawman,0,t5_r000,insider,1,paraphrase,0.05742,0.99834,0.57896,0.39289,0.48569,0.99468
preset=strawman,0,t5_r000,insider,1,comparative,0.87764,0.9934,0.35762,0.45781,0.49995,0.99819
preset=strawman,0,t5_r000,insider,1,timing_only,0.16616,0.99961,0.27722,0.41951,0.45736,0.99581
preset=strawman,0,t5_r000,outsider,1,direct,0.96311,0.99747,0.97099,0.99971,0.99996,0.99973
preset=strawman,0,t5_r000,outsider,1,paraphrase,0.05742,0.99834,0.20936,0.49395,0.48569,0.99447
preset=strawman,0,t5_r000,outsider,1,comparative,0.87764,0.9934,0.37536,0.52488,0.49995,0.99812
preset=strawman,0,t5_r000,outsider,1,timing_only,0.16616,0.99961,0.97213,0.99752,0.99963,0.99564
preset=strawman,0,t5_r000,insider,0,direct,0.06117,0.0054,0.27502,0.29775,0.3637,0.0004
preset=strawman,0,t5_r000,insider,0,paraphrase,0.01903,0.03652,0.62134,0.39289,0.48569,0.00515
preset=strawman,0,t5_r000,insider,0,comparative,0.46081,0.0007,0.60517,0.45781,0.49995,0.00082
preset=strawman,0,t5_r000,insider,0,timing_only,0.03932,0.00198,0.40167,0.41951,0.45736,0.00112
preset=strawman,0,t5_r000,outsider,0,direct,0.06117,0.0054,0.35692,0.35974,0.3637,0.00087
preset=strawman,0,t5_r000,outsider,0,paraphrase,0.01903,0.03652,0.33661,0.49395,0.48569,0.00495
preset=strawman,0,t5_r000,outsider,0,comparative,0.46081,0.0007,0.49415,0.45781,0.49995,0.00082
preset=strawman,0,t5_r000,outsider,0,timing_only,0.03932,0.00198,0.35518,0.46013,0.45736,0.00108
preset=strawman,1,t4_r015,insider,1,direct,0.12763,0.99747,0.2671,0.35974,0.3637,0.99798
preset=strawman,1,t4_r015,insider,1,paraphrase,0.99174,0.99834,0.69412,0.49395,0.48569,0.99963
preset=strawman,1,t4_r015,insider,1,comparative,0.97059,0.9934,0.25527,0.52488,0.49995,0.99806
preset=strawman,1,t4_r015,insider,1,timing_only,0.99384,0.99961,0.75678,0.46013,0.45736,0.99932
preset=strawman,1,t4_r015,outsider,1,direct,0.12763,0.99747,0.35138,0.35974,0.3637,0.99798
preset=strawman,1,t4_r015,outsider,1,paraphrase,0.99174,0.99834,0.62134,0.49395,0.48569,0.99963
preset=strawman,1,t4_r015,outsider,1,comparative,0.97059,0.9934,0.44739,0.52488,0.49995,0.99806
preset=strawman,1,t4_r015,outsider,1,timing_only,0.99384,0.99961,0.46795,0.46013,0.45736,0.99932
preset=strawman,1,t4_r015,insider,0,direct,0.02514,0.1687,0.2671,0.35974,0.3637,0.00225
preset=strawman,1,t4_r015,insider,0,paraphrase,0.05742,0.00724,0.57935,0.49395,0.48569,0.00387
preset=strawman,1,t4_r015,insider,0,comparative,0.02745,0.0007,0.44739,0.52488,0.49995,0.0002
preset=strawman,1,t4_r015,insider,0,timing_only,0.03932,0.0061,0.46795,0.46013,0.45736,0.00108
preset=strawman,1,t4_r015,outsider,0,direct,0.02514,0.1687,0.2671,0.35974,0.3637,0.00225
preset=strawman,1,t4_r015,outsider,0,paraphrase,0.05742,0.00724,0.57935,0.49395,0.48569,0.00387
preset=strawman,1,t4_r015,outsider,0,comparative,0.02745,0.0007,0.37412,0.52488,0.49995,0.0002
preset=strawman,1,t4_r015,outsider,0,timing_only,0.03932,0.0061,0.55847,0.46013,0.45736,0.00108
preset=strawman,1,t4_r000,insider,1,direct,0.99298,0.99747,0.94277,0.99998,0.99996,0.99986
preset=strawman,1,t4_r000,insider,1,paraphrase,0.84824,0.99831,0.64982,0.49395,0.48569,0.99742
preset=strawman,1,t4_r000,insider,1,comparative,0.97223,0.98788,0.58518,0.52488,0.49995,0.99803
preset=strawman,1,t4_r000,insider,1,timing_only,0.75168,0.99961,0.97213,0.99752,0.99963,0.99758
preset=strawman,1,t4_r000,outsider,1,direct,0.99298,0.99747,0.88847,0.99998,0.99996,0.99986
preset=strawman,1,t4_r000,outsider,1,paraphrase,0.84824,0.99831,0.44817,0.49395,0.48569,0.99742
preset=strawman,1,t4_r000,outsider,1,comparative,0.97223,0.98788,0.45137,0.45781,0.49995,0.9981
preset=strawman,1,t4_r000,outsider,1,timing_only,0.75168,0.99961,0.97213,0.99995,0.99963,0.99941
preset=strawman,1,t4_r000,insider,0,direct,0.02514,0.02542,0.51696,0.35974,0.3637,0.03304
preset=strawman,1,t4_r000,insider,0,paraphrase,0.02363,0.0007,0.3995,0.49395,0.48569,0.00311
preset=strawman,1,t4_r000,insider,0,comparative,0.02759,0.0007,0.37917,0.45781,0.49995,0.00033
preset=strawman,1,t4_r000,insider,0,timing_only,0.01163,0.00657,0.75678,0.46013,0.45736,0.00065
preset=strawman,1,t4_r000,outsider,0,direct,0.02514,0.02542,0.35692,0.35974,0.3637,0.01116
preset=strawman,1,t4_r000,outsider,0,paraphrase,0.02363,0.0007,0.3415,0.49395,0.48569,0.00311
preset=strawman,1,t4_r000,outsider,0,comparative,0.02759,0.0007,0.58518,0.45781,0.49995,0.00033
preset=strawman,1,t4_r000,outsider,0,timing_only,0.01163,0.00657,0.4226,0.46013,0.45736,0.00065
preset=strawman,1,t4_r007,insider,1,direct,0.31309,0.81546,0.22069,0.35974,0.3637,0.02511
preset=strawman,1,t4_r007,insider,1,paraphrase,0.9127,0.99834,0.3434,0.49395,0.48569,0.99919
preset=strawman,1,t4_r007,insider,1,comparative,0.90261,0.99373,0.39332,0.52488,0.49995,0.99812
preset=strawman,1,t4_r007,insider,1,timing_only,0.99384,0.99961,0.67264,0.46013,0.45736,0.99932
preset=strawman,1,t4_r007,outsider,1,direct,0.31309,0.81546,0.30233,0.35974,0.3637,0.02511
preset=strawman,1,t4_r007,outsider,1,paraphrase,0.9127,0.99834,0.4065,0.49395,0.48569,0.99919
preset=strawman,1,t4_r007,outsider,1,comparative,0.90261,0.99373,0.62596,0.52488,0.49995,0.99812
preset=strawman,1,t4_r007,outsider,1,timing_only,0.99384,0.99961,0.54776,0.46013,0.45736,0.99932
preset=strawman,1,t4_r007,insider,0,direct,0.03102,0.0054,0.22069,0.35974,0.3637,0.00039
preset=strawman,1,t4_r007,insider,0,paraphrase,0.28306,0.00643,0.36229,0.49395,0.48569,0.00387
preset=strawman,1,t4_r007,insider,0,comparative,0.25964,0.0007,0.62596,0.52488,0.49995,0.00079
preset=strawman,1,t4_r007,insider,0,timing_only,0.03932,0.00198,0.54776,0.46013,0.45736,0.00108
preset=strawman,1,t4_r007,outsider,0,direct,0.03102,0.0054,0.35692,0.35974,0.3637,0.00087
preset=strawman,1,t4_r007,outsider,0,paraphrase,0.28306,0.00643,0.40644,0.49395,0.48569,0.00387
preset=strawman,1,t4_r007,outsider,0,comparative,0.25964,0.0007,0.51376,0.52488,0.49995,0.00079
preset=strawman,1,t4_r007,outsider,0,timing_only,0.03932,0.00198,0.44703,0.46013,0.45736,0.00108
preset=strawman,1,t4_r003,insider,1,direct,0.98497,0.99747,0.35692,0.35974,0.3637,0.99926
preset=strawman,1,t4_r003,insider,1,paraphrase,0.99174,0.99797,0.32944,0.49395,0.48569,0.99978
preset=strawman,1,t4_r003,insider,1,comparative,0.9951,0.9934,0.50357,0.52488,0.49995,0.9997
preset=strawman,1,t4_r003,insider,1,timing_only,0.99384,0.99961,0.62991,0.46013,0.45736,0.99932
preset=strawman,1,t4_r003,outsider,1,direct,0.98497,0.99747,0.42079,0.35974,0.3637,0.99961
preset=strawman,1,t4_r003,outsider,1,paraphrase,0.99174,0.99797,0.32944,0.49395,0.48569,0.99978
preset=strawman,1,t4_r003,outsider,1,comparative,0.9951,0.9934,0.50357,0.52488,0.49995,0.9997
preset=strawman,1,t4_r003,outsider,1,timing_only,0.99384,0.99961,0.75678,0.46013,0.45736,0.99932
preset=strawman,1,t4_r003,insider,0,direct,0.28126,0.99051,0.35692,0.35974,0.3637,0.9857
preset=strawman,1,t4_r003,insider,0,paraphrase,0.1655,0.00986,0.32944,0.49395,0.48569,0.00864
preset=strawman,1,t4_r003,insider,0,comparative,0.06084,0.0007,0.25527,0.52488,0.49995,0.00079
preset=strawman,1,t4_r003,insider,0,timing_only,0.04542,0.03704,0.75678,0.46013,0.45736,0.01455
preset=strawman,1,t4_r003,outsider,0,direct,0.28126,0.99051,0.35692,0.35974,0.3637,0.9857
preset=strawman,1,t4_r003,outsider,0,paraphrase,0.1655,0.00986,0.32944,0.49395,0.48569,0.00864
preset=strawman,1,t4_r003,outsider,0,comparative,0.06084,0.0007,0.44739,0.52488,0.49995,0.00079
preset=strawman,1,t4_r003,outsider,0,timing_only,0.04542,0.03704,0.75678,0.46013,0.45736,0.01455
preset=strawman,1,t4_r001,insider,1,direct,0.97866,0.99533,0.94277,0.99986,0.99988,0.99898
preset=strawman,1,t4_r001,insider,1,paraphrase,0.61737,0.99797,0.64208,0.49395,0.48569,0.99753
preset=strawman,1,t4_r001,insider,1,comparative,0.06084,0.98543,0.53758,0.52488,0.49995,0.98584
preset=strawman,1,t4_r001,insider,1,timing_only,0.85974,0.99961,0.75678,0.46013,0.45736,0.99909
preset=strawman,1,t4_r001,outsider,1,direct,0.97866,0.99533,0.88847,0.99986,0.99988,0.99898
preset=strawman,1,t4_r001,outsider,1,paraphrase,0.61737,0.99797,0.40644,0.49395,0.48569,0.99753
preset=strawman,1,t4_r001,outsider,1,comparative,0.06084,0.98543,0.62466,0.52488,0.49995,0.98584
preset=strawman,1,t4_r001,outsider,1,timing_only,0.85974,0.99961,0.75678,0.46013,0.45736,0.99909
preset=strawman,1,t4_r001,insider,0,direct,0.02527,0.25907,0.28377,0.35974,0.3637,0.03398
preset=strawman,1,t4_r001,insider,0,paraphrase,0.09069,0.0007,0.4065,0.49395,0.48569,0.00223
preset=strawman,1,t4_r001,insider,0,comparative,0.02745,0.01175,0.49677,0.52488,0.49995,0.00016
preset=strawman,1,t4_r001,insider,0,timing_only,0.03932,0.01454,0.48621,0.46013,0.45736,0.0045
preset=strawman,1,t4_r001,outsider,0,direct,0.02527,0.25907,0.28377,0.35974,0.3637,0.03398
preset=strawman,1,t4_r001,outsider,0,paraphrase,0.09069,0.0007,0.46914,0.49395,0.48569,0.00223
preset=strawman,1,t4_r001,outsider,0,comparative,0.02745,0.01175,0.55849,0.52488,0.49995,0.00016
preset=strawman,1,t4_r001,outsider,0,timing_only,0.03932,0.01454,0.39587,0.46013,0.45736,0.0045
preset=strawman,1,t4_r017,insider,1,direct,0.99826,0.99747,0.97099,0.99986,0.99996,0.99988
preset=strawman,1,t4_r017,insider,1,paraphrase,0.99174,0.99831,0.45629,0.49395,0.48569,0.99977
preset=strawman,1,t4_r017,insider,1,comparative,0.97298,0.98532,0.37917,0.45781,0.49995,0.99924
preset=strawman,1,t4_r017,insider,1,timing_only,0.99384,0.99961,0.92213,0.99742,0.99963,0.99932
preset=strawman,1,t4_r017,outsider,1,direct,0.99826,0.99747,0.92506,0.99986,0.99996,0.99988
preset=strawman,1,t4_r017,outsider,1,paraphrase,0.99174,0.99831,0.52575,0.49395,0.48569,0.99977
preset=strawman,1,t4_r017,outsider,1,comparative,0.97298,0.98532,0.44831,0.45781,0.49995,0.99924
preset=strawman,1,t4_r017,outsider,1,timing_only,0.99384,0.99961,0.92213,0.99742,0.99963,0.99932
preset=strawman,1,t4_r017,insider,0,direct,0.21629,0.02542,0.12799,0.35974,0.3637,0.03794
preset=strawman,1,t4_r017,insider,0,paraphrase,0.57155,0.00771,0.62134,0.49395,0.48569,0.00864
preset=strawman,1,t4_r017,insider,0,comparative,0.72101,0.0007,0.5336,0.45781,0.49995,0.00082
preset=strawman,1,t4_r017,insider,0,timing_only,0.35008,0.00198,0.45555,0.46013,0.45736,0.0017
preset=strawman,1,t4_r017,outsider,0,direct,0.21629,0.02542,0.09521,0.35974,0.3637,0.0473
preset=strawman,1,t4_r017,outsider,0,paraphrase,0.57155,0.00771,0.64065,0.49395,0.48569,0.00864
preset=strawman,1,t4_r017,outsider,0,comparative,0.72101,0.0007,0.47172,0.45781,0.49995,0.00082
preset=strawman,1,t4_r017,outsider,0,timing_only,0.35008,0.00198,0.39587,0.46013,0.45736,0.0017
preset=strawman,1,t4_r021,insider,1,direct,0.93508,0.99051,0.97099,0.99986,0.99906,0.99895
preset=strawman,1,t4_r021,insider,1,paraphrase,0.57155,0.01368,0.44087,0.49395,0.48569,0.01058
preset=strawman,1,t4_r021,insider,1,comparative,0.94986,0.18275,0.56547,0.52488,0.49995,0.89242
preset=strawman,1,t4_r021,insider,1,timing_only,0.01587,0.99961,0.54776,0.41951,0.45736,0.99343
preset=strawman,1,t4_r021,outsider,1,direct,0.93508,0.99051,0.94277,0.99986,0.99906,0.99895
preset=strawman,1,t4_r021,outsider,1,paraphrase,0.57155,0.01368,0.45629,0.49395,0.48569,0.01058
preset=strawman,1,t4_r021,outsider,1,comparative,0.94986,0.18275,0.32523,0.52488,0.49995,0.89242
preset=strawman,1,t4_r021,outsider,1,timing_only,0.01587,0.99961,0.42968,0.46013,0.45736,0.99317
preset=strawman,1,t4_r021,insider,0,direct,0.19731,0.0054,0.12799,0.35974,0.3637,0.00255
preset=strawman,1,t4_r021,insider,0,paraphrase,0.02869,0.00143,0.3434,0.49395,0.48569,0.00072
preset=strawman,1,t4_r021,insider,0,comparative,0.04935,0.0007,0.45146,0.52488,0.49995,0.00079
preset=strawman,1,t4_r021,insider,0,timing_only,0.01048,0.0061,0.92213,0.41951,0.45736,0.00096
preset=strawman,1,t4_r021,outsider,0,direct,0.19731,0.0054,0.09521,0.35974,0.3637,0.00224
preset=strawman,1,t4_r021,outsider,0,paraphrase,0.02869,0.00143,0.44829,0.49395,0.48569,0.00072
preset=strawman,1,t4_r021,outsider,0,comparative,0.04935,0.0007,0.53758,0.52488,0.49995,0.00079
preset=strawman,1,t4_r021,outsider,0,timing_only,0.01048,0.0061,0.41597,0.46013,0.45736,0.00093
preset=strawman,1,t4_r023,insider,1,direct,0.9923,0.99747,0.93469,0.99998,0.99996,0.99968
preset=strawman,1,t4_r023,insider,1,paraphrase,0.17787,0.99831,0.50516,0.49395,0.48569,0.99715
preset=strawman,1,t4_r023,insider,1,comparative,0.94011,0.98543,0.513,0.45781,0.49995,0.99819
preset=strawman,1,t4_r023,insider,1,timing_only,0.88512,0.99961,0.65198,0.46013,0.45736,0.99758
preset=strawman,1,t4_r023,outsider,1,direct,0.9923,0.99747,0.94277,0.99998,0.99996,0.99968
preset=strawman,1,t4_r023,outsider,1,paraphrase,0.17787,0.99831,0.49861,0.49395,0.48569,0.99715
preset=strawman,1,t4_r023,outsider,1,comparative,0.94011,0.98543,0.5336,0.45781,0.49995,0.99819
preset=strawman,1,t4_r023,outsider,1,timing_only,0.88512,0.99961,0.67585,0.46013,0.45736,0.99758
preset=strawman,1,t4_r023,insider,0,direct,0.02514,0.02542,0.45285,0.29775,0.3637,0.00539
preset=strawman,1,t4_r023,insider,0,paraphrase,0.01903,0.00899,0.24022,0.49395,0.48569,0.00333
preset=strawman,1,t4_r023,insider,0,comparative,0.46081,0.0007,0.7216,0.45781,0.49995,0.00082
preset=strawman,1,t4_r023,insider,0,timing_only,0.01048,0.0061,0.60722,0.46013,0.45736,0.00093
preset=strawman,1,t4_r023,outsider,0,direct,0.02514,0.02542,0.35692,0.35974,0.3637,0.00987
preset=strawman,1,t4_r023,outsider,0,paraphrase,0.01903,0.00899,0.31444,0.49395,0.48569,0.00333
preset=strawman,1,t4_r023,outsider,0,comparative,0.46081,0.0007,0.32851,0.45781,0.49995,0.00082
preset=strawman,1,t4_r023,outsider,0,timing_only,0.01048,0.0061,0.39587,0.46013,0.45736,0.00093
preset=strawman,1,t5_r024,insider,1,direct,0.99826,0.99747,0.88847,0.99986,0.99996,0.99988
preset=strawman,1,t5_r024,insider,1,paraphrase,0.99174,0.99831,0.61486,0.49395,0.48569,0.99963
preset=strawman,1,t5_r024,insider,1,comparative,0.82374,0.9934,0.72758,0.45781,0.49995,0.99797
preset=strawman,1,t5_r024,insider,1,timing_only,0.99384,0.99961,0.92213,0.99742,0.99963,0.99932
preset=strawman,1,t5_r024,outsider,1,direct,0.99826,0.99747,0.94277,0.99986,0.99996,0.99988
preset=strawman,1,t5_r024,outsider,1,paraphrase,0.99174,0.99831,0.69412,0.49395,0.48569,0.99963
preset=strawman,1,t5_r024,outsider,1,comparative,0.82374,0.9934,0.52791,0.52488,0.49995,0.99789
preset=strawman,1,t5_r024,outsider,1,timing_only,0.99384,0.99961,0.97213,0.99752,0.99963,0.99932
preset=strawman,1,t5_r024,insider,0,direct,0.88732,0.22178,0.15335,0.35974,0.3637,0.03871
preset=strawman,1,t5_r024,insider,0,paraphrase,0.84824,0.0007,0.44829,0.49395,0.48569,0.00382
preset=strawman,1,t5_r024,insider,0,comparative,0.63533,0.0007,0.41685,0.45781,0.49995,0.00082
preset=strawman,1,t5_r024,insider,0,timing_only,0.23183,0.00198,0.49757,0.46013,0.45736,0.00162
preset=strawman,1,t5_r024,outsider,0,direct,0.88732,0.22178,0.28377,0.35974,0.3637,0.03871
preset=strawman,1,t5_r024,outsider,0,paraphrase,0.84824,0.0007,0.64208,0.49395,0.48569,0.00382
preset=strawman,1,t5_r024,outsider,0,comparative,0.63533,0.0007,0.34932,0.52488,0.49995,0.00158
preset=strawman,1,t5_r024,outsider,0,timing_only,0.23183,0.00198,0.54776,0.46013,0.45736,0.00162
preset=strawman,1,t5_r015,insider,1,direct,0.98835,0.98843,0.92506,0.99986,0.99906,0.99906
preset=strawman,1,t5_r015,insider,1,paraphrase,0.79222,0.99806,0.62134,0.49395,0.48569,0.99155
preset=strawman,1,t5_r015,insider,1,comparative,0.9786,0.99373,0.19767,0.52488,0.49995,0.99924
preset=strawman,1,t5_r015,insider,1,timing_only,0.5151,0.99961,0.44881,0.46013,0.45736,0.9985
preset=strawman,1,t5_r015,outsider,1,direct,0.98835,0.98843,0.88847,0.99986,0.99906,0.99906
preset=strawman,1,t5_r015,outsider,1,paraphrase,0.79222,0.99806,0.62134,0.49395,0.48569,0.99155
preset=strawman,1,t5_r015,outsider,1,comparative,0.9786,0.99373,0.7216,0.52488,0.49995,0.99924
preset=strawman,1,t5_r015,outsider,1,timing_only,0.5151,0.99961,0.45555,0.46013,0.45736,0.9985
preset=strawman,1,t5_r015,insider,0,direct,0.27013,0.0054,0.17618,0.35974,0.3637,0.00255
preset=strawman,1,t5_r015,insider,0,paraphrase,0.02869,0.00256,0.44829,0.49395,0.48569,0.00054
preset=strawman,1,t5_r015,insider,0,comparative,0.5174,0.0007,0.54558,0.52488,0.49995,0.00079
preset=strawman,1,t5_r015,insider,0,timing_only,0.01043,0.00657,0.40221,0.46013,0.45736,0.00056
preset=strawman,1,t5_r015,outsider,0,direct,0.27013,0.0054,0.09521,0.35974,0.3637,0.00224
preset=strawman,1,t5_r015,outsider,0,paraphrase,0.02869,0.00256,0.44778,0.49395,0.48569,0.00054
preset=strawman,1,t5_r015,outsider,0,comparative,0.5174,0.0007,0.44271,0.52488,0.49995,0.00079
preset=strawman,1,t5_r015,outsider,0,timing_only,0.01043,0.00657,0.45555,0.46013,0.45736,0.00056
preset=strawman,1,t5_r022,insider,1,direct,0.99826,0.99747,0.97099,0.99986,0.99988,0.99988
preset=strawman,1,t5_r022,insider,1,paraphrase,0.9127,0.99797,0.61486,0.49395,0.48569,0.99921
preset=strawman,1,t5_r022,insider,1,comparative,0.06084,0.99099,0.41436,0.52488,0.49995,0.98584
preset=strawman,1,t5_r022,insider,1,timing_only,0.97714,0.99961,0.78069,0.99738,0.95019,0.99932
preset=strawman,1,t5_r022,outsider,1,direct,0.99826,0.99747,0.93469,0.99986,0.99988,0.99988
preset=strawman,1,t5_r022,outsider,1,paraphrase,0.9127,0.99797,0.69412,0.49395,0.48569,0.99921
preset=strawman,1,t5_r022,outsider,1,comparative,0.06084,0.99099,0.36723,0.52488,0.49995,0.98584
preset=strawman,1,t5_r022,outsider,1,timing_only,0.97714,0.99961,0.78069,0.99738,0.95019,0.99932
preset=strawman,1,t5_r022,insider,0,direct,0.41175,0.22178,0.30574,0.35974,0.3637,0.16141
preset=strawman,1,t5_r022,insider,0,paraphrase,0.93029,0.00256,0.30855,0.49395,0.48569,0.00177
preset=strawman,1,t5_r022,insider,0,comparative,0.06084,0.0007,0.49677,0.52488,0.49995,0.00079
preset=strawman,1,t5_r022,insider,0,timing_only,0.75168,0.00739,0.30046,0.46013,0.45736,0.0017
preset=strawman,1,t5_r022,outsider,0,direct,0.41175,0.22178,0.2474,0.35974,0.3637,0.04275
preset=strawman,1,t5_r022,outsider,0,paraphrase,0.93029,0.00256,0.30855,0.49395,0.48569,0.00177
preset=strawman,1,t5_r022,outsider,0,comparative,0.06084,0.0007,0.44271,0.52488,0.49995,0.00079
preset=strawman,1,t5_r022,outsider,0,timing_only,0.75168,0.00739,0.42277,0.46013,0.45736,0.0017
preset=strawman,1,t5_r001,insider,1,direct,0.98134,0.10233,0.97099,0.9997,0.99996,0.97676
preset=strawman,1,t5_r001,insider,1,paraphrase,0.84824,0.99834,0.56268,0.49395,0.48569,0.99745
preset=strawman,1,t5_r001,insider,1,comparative,0.87764,0.98532,0.44351,0.52488,0.49995,0.99812
preset=strawman,1,t5_r001,insider,1,timing_only,0.88512,0.99961,0.52401,0.46013,0.45736,0.99758
preset=strawman,1,t5_r001,outsider,1,direct,0.98134,0.10233,0.88847,0.9997,0.99996,0.97676
preset=strawman,1,t5_r001,outsider,1,paraphrase,0.84824,0.99834,0.56268,0.49395,0.48569,0.99745
preset=strawman,1,t5_r001,outsider,1,comparative,0.87764,0.98532,0.49677,0.52488,0.49995,0.99812
preset=strawman,1,t5_r001,outsider,1,timing_only,0.88512,0.99961,0.67756,0.46013,0.45736,0.99758
preset=strawman,1,t5_r001,insider,0,direct,0.53924,0.0054,0.09521,0.35974,0.3637,0.00224
preset=strawman,1,t5_r001,insider,0,paraphrase,0.14561,0.00913,0.52575,0.49395,0.48569,0.00864
preset=strawman,1,t5_r001,insider,0,comparative,0.06084,0.68731,0.38353,0.52488,0.49995,0.8357
preset=strawman,1,t5_r001,insider,0,timing_only,0.6839,0.09593,0.44703,0.46013,0.45736,0.11402
preset=strawman,1,t5_r001,outsider,0,direct,0.53924,0.0054,0.25808,0.35974,0.3637,0.0037
preset=strawman,1,t5_r001,outsider,0,paraphrase,0.14561,0.00913,0.61486,0.49395,0.48569,0.00864
preset=strawman,1,t5_r001,outsider,0,comparative,0.06084,0.68731,0.37211,0.52488,0.49995,0.8357
preset=strawman,1,t5_r001,outsider,0,timing_only,0.6839,0.09593,0.45555,0.46013,0.45736,0.11402
preset=strawman,1,t5_r006,insider,1,direct,0.44894,0.02476,0.97099,0.99986,0.99909,0.95579
preset=strawman,1,t5_r006,insider,1,paraphrase,0.83019,0.99834,0.45629,0.49395,0.48569,0.99792
preset=strawman,1,t5_r006,insider,1,comparative,0.89665,0.98543,0.5336,0.45781,0.49995,0.99819
preset=strawman,1,t5_r006,insider,1,timing_only,0.99384,0.99961,0.45555,0.46013,0.45736,0.99932
preset=strawman,1,t5_r006,outsider,1,direct,0.44894,0.02476,0.93469,0.99986,0.99909,0.95579
preset=strawman,1,t5_r006,outsider,1,paraphrase,0.83019,0.99834,0.62134,0.49395,0.48569,0.99792
preset=strawman,1,t5_r006,outsider,1,comparative,0.89665,0.98543,0.29946,0.52488,0.49995,0.99728
preset=strawman,1,t5_r006,outsider,1,timing_only,0.99384,0.99961,0.42968,0.46013,0.45736,0.99932
preset=strawman,1,t5_r006,insider,0,direct,0.02527,0.0054,0.43664,0.29775,0.3637,0.00048
preset=strawman,1,t5_r006,insider,0,paraphrase,0.05742,0.02663,0.3995,0.49395,0.48569,0.00575
preset=strawman,1,t5_r006,insider,0,comparative,0.04935,0.01128,0.72758,0.45781,0.49995,0.00195
preset=strawman,1,t5_r006,insider,0,timing_only,0.77451,0.03704,0.33421,0.46013,0.45736,0.05066
preset=strawman,1,t5_r006,outsider,0,direct,0.02527,0.0054,0.2474,0.35974,0.3637,0.00215
preset=strawman,1,t5_r006,outsider,0,paraphrase,0.05742,0.02663,0.61486,0.49395,0.48569,0.00575
preset=strawman,1,t5_r006,outsider,0,comparative,0.04935,0.01128,0.40292,0.52488,0.49995,0.00188
preset=strawman,1,t5_r006,outsider,0,timing_only,0.77451,0.03704,0.37092,0.46013,0.45736,0.05066
preset=strawman,1,t5_r014,insider,1,direct,0.9865,0.99747,0.94816,0.99986,0.99997,0.99975
preset=strawman,1,t5_r014,insider,1,paraphrase,0.9127,0.99834,0.64373,0.49395,0.48569,0.99919
preset=strawman,1,t5_r014,insider,1,comparative,0.57383,0.91612,0.7216,0.45781,0.49995,0.96866
preset=strawman,1,t5_r014,insider,1,timing_only,0.97129,0.99961,0.97213,0.99995,0.99638,0.99984
preset=strawman,1,t5_r014,outsider,1,direct,0.9865,0.99747,0.94277,0.99986,0.99997,0.99975
preset=strawman,1,t5_r014,outsider,1,paraphrase,0.9127,0.99834,0.55934,0.49395,0.48569,0.99919
preset=strawman,1,t5_r014,outsider,1,comparative,0.57383,0.91612,0.49871,0.45781,0.49995,0.96866
preset=strawman,1,t5_r014,outsider,1,timing_only,0.85207,0.99961,0.42968,0.46013,0.45736,0.99932
preset=strawman,1,t5_r014,insider,0,direct,0.02527,0.01981,0.28377,0.29775,0.3637,0.01939
preset=strawman,1,t5_r014,insider,0,paraphrase,0.02869,0.03034,0.30855,0.49395,0.48569,0.02995
preset=strawman,1,t5_r014,insider,0,comparative,0.02759,0.0007,0.42822,0.45781,0.49995,0.00033
preset=strawman,1,t5_r014,insider,0,timing_only,0.01587,0.00198,0.60436,0.41951,0.45736,0.00112
preset=strawman,1,t5_r014,outsider,0,direct,0.02527,0.01981,0.09521,0.29775,0.3637,0.02429
preset=strawman,1,t5_r014,outsider,0,paraphrase,0.02869,0.03034,0.35637,0.49395,0.48569,0.02995
preset=strawman,1,t5_r014,outsider,0,comparative,0.02759,0.0007,0.37211,0.45781,0.49995,0.00033
preset=strawman,1,t5_r014,outsider,0,timing_only,0.01587,0.00198,0.75678,0.46013,0.45736,0.00108
preset=strawman,1,t5_r028,insider,1,direct,0.4238,0.08493,0.97099,0.99986,0.3637,0.99052
preset=strawman,1,t5_r028,insider,1,paraphrase,0.84824,0.99797,0.45629,0.49395,0.48569,0.99753
preset=strawman,1,t5_r028,insider,1,comparative,0.87764,0.98543,0.5336,0.45781,0.49995,0.99819
preset=strawman,1,t5_r028,insider,1,timing_only,0.85207,0.99961,0.42968,0.46013,0.45736,0.99932
preset=strawman,1,t5_r028,outsider,1,direct,0.4238,0.08493,0.88847,0.99986,0.3637,0.99052
preset=strawman,1,t5_r028,outsider,1,paraphrase,0.84824,0.99797,0.61486,0.49395,0.48569,0.99753
preset=strawman,1,t5_r028,outsider,1,comparative,0.87764,0.98543,0.34932,0.52488,0.49995,0.99692
preset=strawman,1,t5_r028,outsider,1,timing_only,0.85207,0.99961,0.34654,0.46013,0.45736,0.99932
preset=strawman,1,t5_r028,insider,0,direct,0.03015,0.0054,0.36443,0.29775,0.3637,0.00071
preset=strawman,1,t5_r028,insider,0,paraphrase,0.05742,0.00771,0.30855,0.49395,0.48569,0.00575
preset=strawman,1,t5_r028,insider,0,comparative,0.02745,0.25057,0.40849,0.45781,0.49995,0.08272
preset=strawman,1,t5_r028,insider,0,timing_only,0.04542,0.09741,0.54772,0.46013,0.45736,0.00379
preset=strawman,1,t5_r028,outsider,0,direct,0.03015,0.0054,0.2474,0.35974,0.3637,0.00146
preset=strawman,1,t5_r028,outsider,0,paraphrase,0.05742,0.00771,0.58281,0.39289,0.48569,0.00598
preset=strawman,1,t5_r028,outsider,0,comparative,0.02745,0.25057,0.41929,0.52488,0.49995,0.0798
preset=strawman,1,t5_r028,outsider,0,timing_only,0.04542,0.09741,0.40167,0.46013,0.45736,0.00379
preset=strawman,1,t5_r019,insider,1,direct,0.49951,0.04474,0.17708,0.35974,0.3637,0.00073
preset=strawman,1,t5_r019,insider,1,paraphrase,0.1655,0.99806,0.20936,0.49395,0.48569,0.99081
preset=strawman,1,t5_r019,insider,1,comparative,0.63533,0.99373,0.52011,0.52488,0.49995,0.98584
preset=strawman,1,t5_r019,insider,1,timing_only,0.45693,0.99961,0.54776,0.46013,0.45736,0.99758
preset=strawman,1,t5_r019,outsider,1,direct,0.49951,0.04474,0.36443,0.35974,0.3637,0.00073
preset=strawman,1,t5_r019,outsider,1,paraphrase,0.1655,0.99806,0.49311,0.49395,0.48569,0.99081
preset=strawman,1,t5_r019,outsider,1,comparative,0.63533,0.99373,0.51376,0.52488,0.49995,0.98584
preset=strawman,1,t5_r019,outsider,1,timing_only,0.45693,0.99961,0.34654,0.46013,0.45736,0.99758
preset=strawman,1,t5_r019,insider,0,direct,0.49951,0.04474,0.47962,0.35974,0.3637,0.00073
preset=strawman,1,t5_r019,insider,0,paraphrase,0.05742,0.00117,0.47969,0.49395,0.48569,0.00072
preset=strawman,1,t5_r019,insider,0,comparative,0.63533,0.0007,0.60634,0.52488,0.49995,0.00079
preset=strawman,1,t5_r019,insider,0,timing_only,0.05665,0.00198,0.44881,0.46013,0.45736,0.00108
preset=strawman,1,t5_r019,outsider,0,direct,0.49951,0.04474,0.47962,0.35974,0.3637,0.00073
preset=strawman,1,t5_r019,outsider,0,paraphrase,0.05742,0.00117,0.54086,0.49395,0.48569,0.00072
preset=strawman,1,t5_r019,outsider,0,comparative,0.63533,0.0007,0.39241,0.52488,0.49995,0.00079
preset=strawman,1,t5_r019,outsider,0,timing_only,0.05665,0.00198,0.44881,0.46013,0.45736,0.00108
preset=strawman,2,t4_r005,insider,1,direct,0.2975,0.99533,0.97099,0.99986,0.99988,0.99806
preset=strawman,2,t4_r005,insider,1,paraphrase,0.78907,0.00324,0.64208,0.49395,0.48569,0.00625
preset=strawman,2,t4_r005,insider,1,comparative,0.5174,0.9934,0.61036,0.45781,0.49995,0.98638
preset=strawman,2,t4_r005,insider,1,timing_only,0.75146,0.99961,0.70523,0.46013,0.45736,0.99761
preset=strawman,2,t4_r005,outsider,1,direct,0.2975,0.99533,0.94277,0.99986,0.99988,0.99806
preset=strawman,2,t4_r005,outsider,1,paraphrase,0.78907,0.00324,0.64208,0.49395,0.48569,0.00625
preset=strawman,2,t4_r005,outsider,1,comparative,0.5174,0.9934,0.49199,0.52488,0.49995,0.9979
preset=strawman,2,t4_r005,outsider,1,timing_only,0.75146,0.99961,0.45555,0.46013,0.45736,0.99761
preset=strawman,2,t4_r005,insider,0,direct,0.02514,0.1687,0.49805,0.35974,0.3637,0.05994
preset=strawman,2,t4_r005,insider,0,paraphrase,0.78907,0.00324,0.20936,0.49395,0.48569,0.00625
preset=strawman,2,t4_r005,insider,0,comparative,0.5174,0.9934,0.39332,0.45781,0.49995,0.98638
preset=strawman,2,t4_r005,insider,0,timing_only,0.75146,0.00198,0.75678,0.46013,0.45736,0.00172
preset=strawman,2,t4_r005,outsider,0,direct,0.02514,0.1687,0.34257,0.35974,0.3637,0.14229
preset=strawman,2,t4_r005,outsider,0,paraphrase,0.78907,0.00324,0.33319,0.49395,0.48569,0.00625
preset=strawman,2,t4_r005,outsider,0,comparative,0.5174,0.9934,0.51544,0.52488,0.49995,0.99519
preset=strawman,2,t4_r005,outsider,0,timing_only,0.75146,0.00198,0.30046,0.46013,0.45736,0.00172
preset=strawman,2,t4_r025,insider,1,direct,0.9923,0.99747,0.88847,0.99986,0.99988,0.99968
preset=strawman,2,t4_r025,insider,1,paraphrase,0.17787,0.99797,0.58603,0.49395,0.48569,0.99728
preset=strawman,2,t4_r025,insider,1,comparative,0.78653,0.99582,0.32523,0.52488,0.49995,0.98949
preset=strawman,2,t4_r025,insider,1,timing_only,0.77451,0.99961,0.90458,0.59727,0.99963,0.99761
preset=strawman,2,t4_r025,outsider,1,direct,0.9923,0.99747,0.97099,0.99986,0.99988,0.99968
preset=strawman,2,t4_r025,outsider,1,paraphrase,0.17787,0.99797,0.63473,0.49395,0.48569,0.99728
preset=strawman,2,t4_r025,outsider,1,comparative,0.78653,0.99582,0.41436,0.52488,0.49995,0.98949
preset=strawman,2,t4_r025,outsider,1,timing_only,0.77451,0.99961,0.90458,0.59727,0.99963,0.99761
preset=strawman,2,t4_r025,insider,0,direct,0.49951,0.22178,0.30574,0.35974,0.3637,0.30865
preset=strawman,2,t4_r025,insider,0,paraphrase,0.17787,0.00183,0.30855,0.49395,0.48569,0.00063
preset=strawman,2,t4_r025,insider,0,comparative,0.72101,0.0007,0.66273,0.52488,0.49995,0.00079
preset=strawman,2,t4_r025,insider,0,timing_only,0.04542,0.00198,0.39587,0.46013,0.45736,0.00108
preset=strawman,2,t4_r025,outsider,0,direct,0.49951,0.22178,0.15335,0.35974,0.3637,0.04324
preset=strawman,2,t4_r025,outsider,0,paraphrase,0.17787,0.00183,0.49311,0.49395,0.48569,0.00063
preset=strawman,2,t4_r025,outsider,0,comparative,0.72101,0.0007,0.50357,0.52488,0.49995,0.00079
preset=strawman,2,t4_r025,outsider,0,timing_only,0.04542,0.00198,0.42968,0.46013,0.45736,0.00108
preset=strawman,2,t4_r029,insider,1,direct,0.93109,0.99747,0.45355,0.35974,0.3637,0.99961
preset=strawman,2,t4_r029,insider,1,paraphrase,0.63491,0.99831,0.36229,0.49395,0.48569,0.99748
preset=strawman,2,t4_r029,insider,1,comparative,0.14485,0.99099,0.41685,0.45781,0.49995,0.98638
preset=strawman,2,t4_r029,insider,1,timing_only,0.93361,0.99961,0.60722,0.46013,0.45736,0.99909
preset=strawman,2,t4_r029,outsider,1,direct,0.93109,0.99747,0.2671,0.35974,0.3637,0.99961
preset=strawman,2,t4_r029,outsider,1,paraphrase,0.63491,0.99831,0.36229,0.49395,0.48569,0.99748
preset=strawman,2,t4_r029,outsider,1,comparative,0.14485,0.99099,0.67017,0.52488,0.49995,0.9979
preset=strawman,2,t4_r029,outsider,1,timing_only,0.93361,0.99961,0.34654,0.46013,0.45736,0.99909
preset=strawman,2,t4_r029,insider,0,direct,0.02514,0.02542,0.41362,0.35974,0.3637,0.00518
preset=strawman,2,t4_r029,insider,0,paraphrase,0.01903,0.00724,0.36229,0.49395,0.48569,0.00333
preset=strawman,2,t4_r029,insider,0,comparative,0.10227,0.0007,0.56547,0.45781,0.49995,0.00082
preset=strawman,2,t4_r029,insider,0,timing_only,0.01048,0.00739,0.70523,0.46013,0.45736,0.00093
preset=strawman,2,t4_r029,outsider,0,direct,0.02514,0.02542,0.37052,0.35974,0.3637,0.00518
preset=strawman,2,t4_r029,outsider,0,paraphrase,0.01903,0.00724,0.40644,0.49395,0.48569,0.00333
preset=strawman,2,t4_r029,outsider,0,comparative,0.10227,0.0007,0.51544,0.52488,0.49995,0.00168
preset=strawman,2,t4_r029,outsider,0,timing_only,0.01048,0.00739,0.37092,0.46013,0.45736,0.00093
preset=strawman,2,t4_r021,insider,1,direct,0.93508,0.99051,0.93469,0.99986,0.99906,0.99895
preset=strawman,2,t4_r021,insider,1,paraphrase,0.57155,0.01368,0.69412,0.49395,0.48569,0.01058
preset=strawman,2,t4_r021,insider,1,comparative,0.94011,0.18275,0.42822,0.52488,0.49995,0.89242
preset=strawman,2,t4_r021,insider,1,timing_only,0.01587,0.99961,0.56343,0.46013,0.45736,0.99317
preset=strawman,2,t4_r021,outsider,1,direct,0.93508,0.99051,0.88847,0.99986,0.99906,0.99895
preset=strawman,2,t4_r021,outsider,1,paraphrase,0.57155,0.01368,0.52575,0.49395,0.48569,0.01058
preset=strawman,2,t4_r021,outsider,1,comparative,0.94011,0.18275,0.42822,0.52488,0.49995,0.89242
preset=strawman,2,t4_r021,outsider,1,timing_only,0.01587,0.99961,0.51998,0.46013,0.45736,0.99317
preset=strawman,2,t4_r021,insider,0,direct,0.19731,0.0054,0.09521,0.35974,0.3637,0.00224
preset=strawman,2,t4_r021,insider,0,paraphrase,0.02869,0.00143,0.40644,0.49395,0.48569,0.00072
preset=strawman,2,t4_r021,insider,0,comparative,0.04935,0.0007,0.54214,0.52488,0.49995,0.00079
preset=strawman,2,t4_r021,insider,0,timing_only,0.01048,0.0061,0.44881,0.46013,0.45736,0.00093
preset=strawman,2,t4_r021,outsider,0,direct,0.19731,0.0054,0.17618,0.35974,0.3637,0.00224
preset=strawman,2,t4_r021,outsider,0,paraphrase,0.02869,0.00143,0.36229,0.49395,0.48569,0.00072
preset=strawman,2,t4_r021,outsider,0,comparative,0.04935,0.0007,0.60517,0.52488,0.49995,0.00079
preset=strawman,2,t4_r021,outsider,0,timing_only,0.01048,0.0061,0.37092,0.46013,0.45736,0.00093
preset=strawman,2,t4_r026,insider,1,direct,0.50435,0.98843,0.48206,0.35974,0.3637,0.99128
preset=strawman,2,t4_r026,insider,1,paraphrase,0.30504,0.99806,0.33661,0.49395,0.48569,0.99155
preset=strawman,2,t4_r026,insider,1,comparative,0.91514,0.9934,0.82811,0.45781,0.49995,0.99819
preset=strawman,2,t4_r026,insider,1,timing_only,0.86801,0.99961,0.49757,0.46013,0.45736,0.99838
preset=strawman,2,t4_r026,outsider,1,direct,0.50435,0.98843,0.36076,0.35974,0.3637,0.99128
preset=strawman,2,t4_r026,outsider,1,paraphrase,0.30504,0.99806,0.56268,0.49395,0.48569,0.99155
preset=strawman,2,t4_r026,outsider,1,comparative,0.91514,0.9934,0.34932,0.52488,0.49995,0.99728
preset=strawman,2,t4_r026,outsider,1,timing_only,0.86801,0.99961,0.42968,0.46013,0.45736,0.99838
preset=strawman,2,t4_r026,insider,0,direct,0.03102,0.0054,0.33167,0.35974,0.3637,0.00039
preset=strawman,2,t4_r026,insider,0,paraphrase,0.02869,0.00256,0.64373,0.49395,0.48569,0.00054
preset=strawman,2,t4_r026,insider,0,comparative,0.94011,0.0007,0.58507,0.45781,0.49995,0.00191
preset=strawman,2,t4_r026,insider,0,timing_only,0.01043,0.00739,0.42968,0.46013,0.45736,0.00056
preset=strawman,2,t4_r026,outsider,0,direct,0.03102,0.0054,0.37052,0.35974,0.3637,0.00039
preset=strawman,2,t4_r026,outsider,0,paraphrase,0.02869,0.00256,0.56268,0.49395,0.48569,0.00054
preset=strawman,2,t4_r026,outsider,0,comparative,0.94011,0.0007,0.32606,0.52488,0.49995,0.00367
preset=strawman,2,t4_r026,outsider,0,timing_only,0.01043,0.00739,0.50455,0.46013,0.45736,0.00056
preset=strawman,2,t4_r006,insider,1,direct,0.03015,0.20378,0.35692,0.29775,0.3637,0.00978
preset=strawman,2,t4_r006,insider,1,paraphrase,0.90216,0.99834,0.32677,0.49395,0.48569,0.99745
preset=strawman,2,t4_r006,insider,1,comparative,0.06084,0.9934,0.49415,0.45781,0.49995,0.98588
preset=strawman,2,t4_r006,insider,1,timing_only,0.97714,0.99961,0.44881,0.46013,0.45736,0.99926
preset=strawman,2,t4_r006,outsider,1,direct,0.03015,0.20378,0.24036,0.29775,0.3637,0.00471
preset=strawman,2,t4_r006,outsider,1,paraphrase,0.90216,0.99834,0.44978,0.49395,0.48569,0.99745
preset=strawman,2,t4_r006,outsider,1,comparative,0.06084,0.9934,0.51544,0.52488,0.49995,0.98012
preset=strawman,2,t4_r006,outsider,1,timing_only,0.97714,0.99961,0.45555,0.46013,0.45736,0.99926
preset=strawman,2,t4_r006,insider,0,direct,0.03015,0.0054,0.35692,0.29775,0.3637,0.00148
preset=strawman,2,t4_r006,insider,0,paraphrase,0.02869,0.00643,0.36229,0.49395,0.48569,0.00387
preset=strawman,2,t4_r006,insider,0,comparative,0.31596,0.0007,0.72758,0.45781,0.49995,0.00082
preset=strawman,2,t4_r006,insider,0,timing_only,0.4201,0.01454,0.22041,0.46013,0.45736,0.00907
preset=strawman,2,t4_r006,outsider,0,direct,0.03015,0.0054,0.41362,0.29775,0.3637,0.00071
preset=strawman,2,t4_r006,outsider,0,paraphrase,0.02869,0.00643,0.40644,0.49395,0.48569,0.00387
preset=strawman,2,t4_r006,outsider,0,comparative,0.31596,0.0007,0.34932,0.52488,0.49995,0.00158
preset=strawman,2,t4_r006,outsider,0,timing_only,0.4201,0.01454,0.51937,0.46013,0.45736,0.00907
preset=strawman,2,t4_r027,insider,1,direct,0.98497,0.99747,0.15335,0.35974,0.3637,0.99307
preset=strawman,2,t4_r027,insider,1,paraphrase,0.99174,0.99834,0.64373,0.49395,0.48569,0.99977
preset=strawman,2,t4_r027,insider,1,comparative,0.966,0.9934,0.32851,0.52488,0.49995,0.9985
preset=strawman,2,t4_r027,insider,1,timing_only,0.99384,0.99961,0.62692,0.46013,0.45736,0.99932
preset=strawman,2,t4_r027,outsider,1,direct,0.98497,0.99747,0.32239,0.35974,0.3637,0.99945
preset=strawman,2,t4_r027,outsider,1,paraphrase,0.99174,0.99834,0.64373,0.49395,0.48569,0.99977
preset=strawman,2,t4_r027,outsider,1,comparative,0.966,0.9934,0.32851,0.52488,0.49995,0.9985
preset=strawman,2,t4_r027,outsider,1,timing_only,0.99384,0.99961,0.56343,0.46013,0.45736,0.99932
preset=strawman,2,t4_r027,insider,0,direct,0.19568,0.02542,0.15335,0.35974,0.3637,0.03574
preset=strawman,2,t4_r027,insider,0,paraphrase,0.58164,0.00559,0.64373,0.49395,0.48569,0.00632
preset=strawman,2,t4_r027,insider,0,comparative,0.06084,0.0007,0.32851,0.52488,0.49995,0.00079
preset=strawman,2,t4_r027,insider,0,timing_only,0.19852,0.0061,0.51998,0.46013,0.45736,0.00162
preset=strawman,2,t4_r027,outsider,0,direct,0.19568,0.02542,0.2474,0.35974,0.3637,0.03798
preset=strawman,2,t4_r027,outsider,0,paraphrase,0.58164,0.00559,0.64373,0.49395,0.48569,0.00632
preset=strawman,2,t4_r027,outsider,0,comparative,0.06084,0.0007,0.32851,0.52488,0.49995,0.00079
preset=strawman,2,t4_r027,outsider,0,timing_only,0.19852,0.0061,0.58372,0.46013,0.45736,0.00162
preset=strawman,2,t4_r028,insider,1,direct,0.99547,0.06213,0.68298,0.99986,0.99909,0.99355
preset=strawman,2,t4_r028,insider,1,paraphrase,0.61737,0.99797,0.32677,0.49395,0.48569,0.99753
preset=strawman,2,t4_r028,insider,1,comparative,0.06084,0.96972,0.91179,0.45781,0.49995,0.92386
preset=strawman,2,t4_r028,insider,1,timing_only,0.97714,0.99961,0.27182,0.46013,0.45736,0.99932
preset=strawman,2,t4_r028,outsider,1,direct,0.99547,0.06213,0.93469,0.99986,0.99909,0.99355
preset=strawman,2,t4_r028,outsider,1,paraphrase,0.61737,0.99797,0.36229,0.49395,0.48569,0.99753
preset=strawman,2,t4_r028,outsider,1,comparative,0.06084,0.96972,0.22181,0.52488,0.49995,0.94611
preset=strawman,2,t4_r028,outsider,1,timing_only,0.97714,0.99961,0.52401,0.46013,0.45736,0.99932
preset=strawman,2,t4_r028,insider,0,direct,0.02527,0.0054,0.41545,0.29775,0.3637,0.00048
preset=strawman,2,t4_r028,insider,0,paraphrase,0.0999,0.00986,0.91319,0.99814,0.99713,0.00575
preset=strawman,2,t4_r028,insider,0,comparative,0.06084,0.0007,0.51376,0.45781,0.49995,0.00082
preset=strawman,2,t4_r028,insider,0,timing_only,0.41147,0.02755,0.92213,0.99835,0.51138,0.02831
preset=strawman,2,t4_r028,outsider,0,direct,0.02527,0.0054,0.61308,0.35974,0.3637,0.01257
preset=strawman,2,t4_r028,outsider,0,paraphrase,0.0999,0.00986,0.54086,0.49395,0.48569,0.00575
preset=strawman,2,t4_r028,outsider,0,comparative,0.06084,0.0007,0.44271,0.52488,0.49995,0.00079
preset=strawman,2,t4_r028,outsider,0,timing_only,0.41147,0.02755,0.45555,0.46013,0.45736,0.02831
preset=strawman,2,t5_r004,insider,1,direct,0.48437,0.99051,0.29263,0.35974,0.3637,0.99022
preset=strawman,2,t5_r004,insider,1,paraphrase,0.7011,0.99797,0.35637,0.49395,0.48569,0.9975
preset=strawman,2,t5_r004,insider,1,comparative,0.9786,0.99712,0.60634,0.52488,0.49995,0.99924
preset=strawman,2,t5_r004,insider,1,timing_only,0.75168,0.99961,0.60722,0.46013,0.45736,0.99758
preset=strawman,2,t5_r004,outsider,1,direct,0.48437,0.99051,0.47962,0.35974,0.3637,0.99022
preset=strawman,2,t5_r004,outsider,1,paraphrase,0.7011,0.99797,0.30855,0.49395,0.48569,0.9975
preset=strawman,2,t5_r004,outsider,1,comparative,0.9786,0.99712,0.39241,0.52488,0.49995,0.99924
preset=strawman,2,t5_r004,outsider,1,timing_only,0.75168,0.99961,0.54776,0.46013,0.45736,0.99758
preset=strawman,2,t5_r004,insider,0,direct,0.65717,0.0054,0.28357,0.35974,0.3637,0.00039
preset=strawman,2,t5_r004,insider,0,paraphrase,0.0999,0.04888,0.33319,0.49395,0.48569,0.00072
preset=strawman,2,t5_r004,insider,0,comparative,0.49393,0.0007,0.66273,0.52488,0.49995,0.00063
preset=strawman,2,t5_r004,insider,0,timing_only,0.01043,0.00657,0.41966,0.46013,0.45736,0.00108
preset=strawman,2,t5_r004,outsider,0,direct,0.65717,0.0054,0.31848,0.35974,0.3637,0.00039
preset=strawman,2,t5_r004,outsider,0,paraphrase,0.0999,0.04888,0.49311,0.49395,0.48569,0.00072
preset=strawman,2,t5_r004,outsider,0,comparative,0.49393,0.0007,0.54558,0.52488,0.49995,0.00063
preset=strawman,2,t5_r004,outsider,0,timing_only,0.01043,0.00657,0.34654,0.46013,0.45736,0.00108
preset=strawman,2,t5_r011,insider,1,direct,0.99826,0.99747,0.68298,0.99986,0.99996,0.99988
preset=strawman,2,t5_r011,insider,1,paraphrase,0.99174,0.99831,0.49311,0.49395,0.48569,0.99977
preset=strawman,2,t5_r011,insider,1,comparative,0.9951,0.9934,0.45137,0.52488,0.49995,0.9997
preset=strawman,2,t5_r011,insider,1,timing_only,0.99384,0.99961,0.97213,0.99742,0.99963,0.99932
preset=strawman,2,t5_r011,outsider,1,direct,0.99826,0.99747,0.88847,0.99986,0.99996,0.99988
preset=strawman,2,t5_r011,outsider,1,paraphrase,0.99174,0.99831,0.47969,0.49395,0.48569,0.99977
preset=strawman,2,t5_r011,outsider,1,comparative,0.9951,0.9934,0.52068,0.52488,0.49995,0.9997
preset=strawman,2,t5_r011,outsider,1,timing_only,0.99384,0.99961,0.97213,0.99742,0.99963,0.99932
preset=strawman,2,t5_r011,insider,0,direct,0.99367,0.99051,0.97099,0.99986,0.99996,0.99932
preset=strawman,2,t5_r011,insider,0,paraphrase,0.3593,0.00913,0.40082,0.49395,0.48569,0.00902
preset=strawman,2,t5_r011,insider,0,comparative,0.5174,0.0007,0.53758,0.52488,0.49995,0.00079
preset=strawman,2,t5_r011,insider,0,timing_only,0.86801,0.99961,0.97213,0.99752,0.99963,0.99838
preset=strawman,2,t5_r011,outsider,0,direct,0.99367,0.99051,0.93469,0.99986,0.99996,0.99932
preset=strawman,2,t5_r011,outsider,0,paraphrase,0.3593,0.00913,0.52575,0.49395,0.48569,0.00902
preset=strawman,2,t5_r011,outsider,0,comparative,0.5174,0.0007,0.66273,0.52488,0.49995,0.00079
preset=strawman,2,t5_r011,outsider,0,timing_only,0.86801,0.99961,0.97213,0.99752,0.99963,0.99838
preset=strawman,2,t5_r023,insider,1,direct,0.62215,0.99747,0.4467,0.35974,0.3637,0.99862
preset=strawman,2,t5_r023,insider,1,paraphrase,0.49922,0.99834,0.37936,0.49395,0.48569,0.99745
preset=strawman,2,t5_r023,insider,1,comparative,0.36629,0.98543,0.47062,0.52488,0.49995,0.98768
preset=strawman,2,t5_r023,insider,1,timing_only,0.70054,0.99961,0.60722,0.46013,0.45736,0.99758
preset=strawman,2,t5_r023,outsider,1,direct,0.62215,0.99747,0.34008,0.35974,0.3637,0.99862
preset=strawman,2,t5_r023,outsider,1,paraphrase,0.49922,0.99834,0.38526,0.39289,0.48569,0.99755
preset=strawman,2,t5_r023,outsider,1,comparative,0.36629,0.98543,0.37207,0.45781,0.49995,0.98814
preset=strawman,2,t5_r023,outsider,1,timing_only,0.98436,0.99961,0.97213,0.99995,0.01721,0.99941
preset=strawman,2,t5_r023,insider,0,direct,0.28126,0.22178,0.2671,0.35974,0.3637,0.00864
preset=strawman,2,t5_r023,insider,0,paraphrase,0.62852,0.00724,0.36229,0.49395,0.48569,0.00571
preset=strawman,2,t5_r023,insider,0,comparative,0.63533,0.0007,0.2591,0.52488,0.49995,0.00079
preset=strawman,2,t5_r023,insider,0,timing_only,0.19852,0.00198,0.54776,0.46013,0.45736,0.00162
preset=strawman,2,t5_r023,outsider,0,direct,0.28126,0.22178,0.30233,0.35974,0.3637,0.00864
preset=strawman,2,t5_r023,outsider,0,paraphrase,0.62852,0.00724,0.70686,0.39289,0.48569,0.00594
preset=strawman,2,t5_r023,outsider,0,comparative,0.63533,0.0007,0.58518,0.45781,0.49995,0.00082
preset=strawman,2,t5_r023,outsider,0,timing_only,0.94566,0.00198,0.97213,0.99995,0.95019,0.12387
preset=strawman,2,t5_r015,insider,1,direct,0.98835,0.98843,0.93469,0.99986,0.99906,0.99906
preset=strawman,2,t5_r015,insider,1,paraphrase,0.79222,0.99806,0.62134,0.49395,0.48569,0.99155
preset=strawman,2,t5_r015,insider,1,comparative,0.94011,0.96605,0.4895,0.52488,0.49995,0.99001
preset=strawman,2,t5_r015,insider,1,timing_only,0.5151,0.99961,0.35518,0.46013,0.45736,0.9985
preset=strawman,2,t5_r015,outsider,1,direct,0.98835,0.98843,0.88847,0.99986,0.99906,0.99906
preset=strawman,2,t5_r015,outsider,1,paraphrase,0.79222,0.99806,0.80876,0.39289,0.48569,0.99187
preset=strawman,2,t5_r015,outsider,1,comparative,0.94011,0.96605,0.32523,0.45781,0.49995,0.99039
preset=strawman,2,t5_r015,outsider,1,timing_only,0.96609,0.99961,0.86195,0.99994,0.99956,0.99979
preset=strawman,2,t5_r015,insider,0,direct,0.27013,0.0054,0.09521,0.35974,0.3637,0.00224
preset=strawman,2,t5_r015,insider,0,paraphrase,0.02869,0.00256,0.40082,0.49395,0.48569,0.00054
preset=strawman,2,t5_r015,insider,0,comparative,0.04935,0.0007,0.41685,0.52488,0.49995,0.00079
preset=strawman,2,t5_r015,insider,0,timing_only,0.01043,0.00657,0.44881,0.46013,0.45736,0.00056
preset=strawman,2,t5_r015,outsider,0,direct,0.27013,0.0054,0.82853,0.29775,0.3637,0.0004
preset=strawman,2,t5_r015,outsider,0,paraphrase,0.02869,0.00256,0.31444,0.39289,0.48569,0.00056
preset=strawman,2,t5_r015,outsider,0,comparative,0.04935,0.0007,0.61036,0.45781,0.49995,0.00082
preset=strawman,2,t5_r015,outsider,0,timing_only,0.94457,0.00657,0.97213,0.99638,0.14658,0.00093
preset=strawman,2,t5_r008,insider,1,direct,0.03102,0.53053,0.34257,0.35974,0.3637,0.41623
preset=strawman,2,t5_r008,insider,1,paraphrase,0.96948,0.99797,0.47969,0.49395,0.48569,0.99964
preset=strawman,2,t5_r008,insider,1,comparative,0.97717,0.99712,0.51246,0.52488,0.49995,0.99789
preset=strawman,2,t5_r008,insider,1,timing_only,0.99384,0.99961,0.42968,0.46013,0.45736,0.99932
preset=strawman,2,t5_r008,outsider,1,direct,0.03102,0.53053,0.17618,0.35974,0.3637,0.08776
preset=strawman,2,t5_r008,outsider,1,paraphrase,0.96948,0.99797,0.6282,0.49395,0.48569,0.99964
preset=strawman,2,t5_r008,outsider,1,comparative,0.97717,0.99712,0.4895,0.52488,0.49995,0.99789
preset=strawman,2,t5_r008,outsider,1,timing_only,0.99384,0.99961,0.50455,0.46013,0.45736,0.99932
preset=strawman,2,t5_r008,insider,0,direct,0.02527,0.0054,0.09521,0.35974,0.3637,0.00189
preset=strawman,2,t5_r008,insider,0,paraphrase,0.0567,0.00986,0.54086,0.49395,0.48569,0.00575
preset=strawman,2,t5_r008,insider,0,comparative,0.14485,0.0007,0.47062,0.52488,0.49995,0.00079
preset=strawman,2,t5_r008,insider,0,timing_only,0.11458,0.02755,0.30046,0.46013,0.45736,0.01673
preset=strawman,2,t5_r008,outsider,0,direct,0.02527,0.0054,0.09521,0.35974,0.3637,0.00189
preset=strawman,2,t5_r008,outsider,0,paraphrase,0.0567,0.00986,0.54086,0.49395,0.48569,0.00575
preset=strawman,2,t5_r008,outsider,0,comparative,0.14485,0.0007,0.4895,0.52488,0.49995,0.00079
preset=strawman,2,t5_r008,outsider,0,timing_only,0.11458,0.02755,0.54772,0.46013,0.45736,0.01673
preset=strawman,2,t5_r003,insider,1,direct,0.99826,0.99747,0.97099,0.99986,0.99996,0.99988
preset=strawman,2,t5_r003,insider,1,paraphrase,0.99174,0.99831,0.96865,0.99995,0.99998,0.9999
preset=strawman,2,t5_r003,insider,1,comparative,0.9064,0.98543,0.52473,0.52488,0.49995,0.99835
preset=strawman,2,t5_r003,insider,1,timing_only,0.99384,0.99961,0.97213,0.99995,0.99963,0.99972
preset=strawman,2,t5_r003,outsider,1,direct,0.99826,0.99747,0.88847,0.99986,0.99996,0.99988
preset=strawman,2,t5_r003,outsider,1,paraphrase,0.99174,0.99831,0.96865,0.99995,0.99998,0.9999
preset=strawman,2,t5_r003,outsider,1,comparative,0.9064,0.98543,0.39332,0.52488,0.49995,0.99835
preset=strawman,2,t5_r003,outsider,1,timing_only,0.99384,0.99961,0.97213,0.99995,0.99963,0.99972
preset=strawman,2,t5_r003,insider,0,direct,0.48258,0.20378,0.30975,0.35974,0.3637,0.00662
preset=strawman,2,t5_r003,insider,0,paraphrase,0.57155,0.00143,0.36229,0.49395,0.48569,0.00096
preset=strawman,2,t5_r003,insider,0,comparative,0.10227,0.0007,0.61036,0.45781,0.49995,0.00082
preset=strawman,2,t5_r003,insider,0,timing_only,0.16616,0.00657,0.64554,0.46013,0.45736,0.00162
preset=strawman,2,t5_r003,outsider,0,direct,0.48258,0.20378,0.36443,0.35974,0.3637,0.00662
preset=strawman,2,t5_r003,outsider,0,paraphrase,0.57155,0.00143,0.31444,0.49395,0.48569,0.00096
preset=strawman,2,t5_r003,outsider,0,comparative,0.10227,0.0007,0.82959,0.52488,0.49995,0.00348
preset=strawman,2,t5_r003,outsider,0,timing_only,0.16616,0.00657,0.52401,0.46013,0.45736,0.00162
preset=strawman,2,t5_r005,insider,1,direct,0.98497,0.99747,0.49222,0.35974,0.3637,0.99961
preset=strawman,2,t5_r005,insider,1,paraphrase,0.99174,0.99834,0.60361,0.49395,0.48569,0.99977
preset=strawman,2,t5_r005,insider,1,comparative,0.97465,0.9934,0.39241,0.52488,0.49995,0.99803
preset=strawman,2,t5_r005,insider,1,timing_only,0.99384,0.99961,0.39587,0.46013,0.45736,0.99932
preset=strawman,2,t5_r005,outsider,1,direct,0.98497,0.99747,0.51494,0.35974,0.3637,0.99961
preset=strawman,2,t5_r005,outsider,1,paraphrase,0.99174,0.99834,0.68617,0.49395,0.48569,0.99977
preset=strawman,2,t5_r005,outsider,1,comparative,0.97465,0.9934,0.49677,0.52488,0.49995,0.99803
preset=strawman,2,t5_r005,outsider,1,timing_only,0.99384,0.99961,0.22041,0.46013,0.45736,0.99932
preset=strawman,2,t5_r005,insider,0,direct,0.49037,0.02542,0.4037,0.35974,0.3637,0.00915
preset=strawman,2,t5_r005,insider,0,paraphrase,0.61998,0.00724,0.68617,0.49395,0.48569,0.00674
preset=strawman,2,t5_r005,insider,0,comparative,0.72101,0.0007,0.54558,0.52488,0.49995,0.00079
preset=strawman,2,t5_r005,insider,0,timing_only,0.70054,0.00198,0.37092,0.46013,0.45736,0.00132
preset=strawman,2,t5_r005,outsider,0,direct,0.49037,0.02542,0.2496,0.35974,0.3637,0.00915
preset=strawman,2,t5_r005,outsider,0,paraphrase,0.61998,0.00724,0.49997,0.49395,0.48569,0.00674
preset=strawman,2,t5_r005,outsider,0,comparative,0.72101,0.0007,0.49677,0.52488,0.49995,0.00079
preset=strawman,2,t5_r005,outsider,0,timing_only,0.70054,0.00198,0.42968,0.46013,0.45736,0.00132
preset=strawman,2,t5_r002,insider,1,direct,0.24309,0.58388,0.30233,0.35974,0.3637,0.00864
preset=strawman,2,t5_r002,insider,1,paraphrase,0.54754,0.99834,0.45629,0.49395,0.48569,0.99719
preset=strawman,2,t5_r002,insider,1,comparative,0.89728,0.98543,0.47062,0.52488,0.49995,0.99803
preset=strawman,2,t5_r002,insider,1,timing_only,0.78602,0.99961,0.62991,0.46013,0.45736,0.99758
preset=strawman,2,t5_r002,outsider,1,direct,0.24309,0.58388,0.4467,0.35974,0.3637,0.00864
preset=strawman,2,t5_r002,outsider,1,paraphrase,0.54754,0.99834,0.44087,0.49395,0.48569,0.99719
preset=strawman,2,t5_r002,outsider,1,comparative,0.89728,0.98543,0.63013,0.52488,0.49995,0.99803
preset=strawman,2,t5_r002,outsider,1,timing_only,0.78602,0.99961,0.69498,0.46013,0.45736,0.99758
preset=strawman,2,t5_r002,insider,0,direct,0.10738,0.0054,0.30233,0.35974,0.3637,0.00039
preset=strawman,2,t5_r002,insider,0,paraphrase,0.05742,0.00036,0.75236,0.49395,0.48569,0.00202
preset=strawman,2,t5_r002,insider,0,comparative,0.06084,0.07118,0.2591,0.52488,0.49995,0.00188
preset=strawman,2,t5_r002,insider,0,timing_only,0.22578,0.02755,0.69498,0.46013,0.45736,0.02831
preset=strawman,2,t5_r002,outsider,0,direct,0.10738,0.0054,0.3776,0.35974,0.3637,0.00039
preset=strawman,2,t5_r002,outsider,0,paraphrase,0.05742,0.00036,0.69412,0.49395,0.48569,0.00202
preset=strawman,2,t5_r002,outsider,0,comparative,0.06084,0.07118,0.62596,0.52488,0.49995,0.00188
preset=strawman,2,t5_r002,outsider,0,timing_only,0.22578,0.02755,0.75678,0.46013,0.45736,0.02831
preset=baseline,0,t4_r020,insider,1,direct,0.99672,0.99924,0.79927,0.99835,0.99841,0.98473
preset=baseline,0,t4_r020,insider,1,paraphrase,0.50756,0.4998,0.40631,0.49438,0.49638,0.36936
preset=baseline,0,t4_r020,insider,1,comparative,0.50494,0.49969,0.67836,0.49968,0.50158,0.74338
preset=baseline,0,t4_r020,insider,1,timing_only,0.84743,0.4998,0.36018,0.93875,0.75436,0.7478
preset=baseline,0,t4_r020,outsider,1,direct,0.45264,0.43101,0.21936,0.43539,0.43675,0.18974
preset=baseline,0,t4_r020,outsider,1,paraphrase,0.50678,0.4998,0.52184,0.49438,0.49638,0.51355
preset=baseline,0,t4_r020,outsider,1,comparative,0.50907,0.4998,0.31631,0.49968,0.50158,0.26975
preset=baseline,0,t4_r020,outsider,1,timing_only,0.48481,0.4998,0.6833,0.47299,0.47433,0.66116
preset=baseline,0,t4_r020,insider,0,direct,0.47666,0.42984,0.32065,0.43539,0.43675,0.28825
preset=baseline,0,t4_r020,insider,0,paraphrase,0.50756,0.4998,0.45255,0.49438,0.49638,0.3461
preset=baseline,0,t4_r020,insider,0,comparative,0.1186,0.49969,0.38224,0.97295,0.90764,0.68795
preset=baseline,0,t4_r020,insider,0,timing_only,0.48481,0.4998,0.37978,0.47299,0.47433,0.36936
preset=baseline,0,t4_r020,outsider,0,direct,0.45264,0.43101,0.62234,0.43539,0.43675,0.63662
preset=baseline,0,t4_r020,outsider,0,paraphrase,0.50678,0.4998,0.52184,0.49438,0.49638,0.53943
preset=baseline,0,t4_r020,outsider,0,comparative,0.50907,0.4998,0.31631,0.49968,0.50158,0.26975
preset=baseline,0,t4_r020,outsider,0,timing_only,0.48481,0.4998,0.70401,0.47299,0.47433,0.66116
preset=baseline,0,t4_r027,insider,1,direct,0.99672,0.99924,0.79927,0.99835,0.9999,0.98473
preset=baseline,0,t4_r027,insider,1,paraphrase,0.49799,0.4998,0.42555,0.99818,0.99978,0.92381
preset=baseline,0,t4_r027,insider,1,comparative,0.5108,0.49969,0.36953,0.49968,0.50158,0.33395
preset=baseline,0,t4_r027,insider,1,timing_only,0.49445,0.4998,0.49741,0.99832,0.99603,0.91454
preset=baseline,0,t4_r027,outsider,1,direct,0.47666,0.43101,0.32065,0.43539,0.43675,0.28825
preset=baseline,0,t4_r027,outsider,1,paraphrase,0.49786,0.4998,0.49741,0.49438,0.49638,0.49078
preset=baseline,0,t4_r027,outsider,1,comparative,0.50563,0.49969,0.54631,0.49968,0.50158,0.52445
preset=baseline,0,t4_r027,outsider,1,timing_only,0.48033,0.4998,0.54233,0.47299,0.47433,0.47458
preset=baseline,0,t4_r027,insider,0,direct,0.44909,0.42984,0.39212,0.43539,0.43675,0.38021
preset=baseline,0,t4_r027,insider,0,paraphrase,0.49799,0.4998,0.52085,0.49438,0.49638,0.44604
preset=baseline,0,t4_r027,insider,0,comparative,0.5108,0.49969,0.52074,0.49968,0.50158,0.49078
preset=baseline,0,t4_r027,insider,0,timing_only,0.49445,0.4998,0.36216,0.47299,0.47433,0.42835
preset=baseline,0,t4_r027,outsider,0,direct,0.47666,0.43101,0.55349,0.43539,0.43675,0.52482
preset=baseline,0,t4_r027,outsider,0,paraphrase,0.49786,0.4998,0.49741,0.49438,0.49638,0.65753
preset=baseline,0,t4_r027,outsider,0,comparative,0.50563,0.49969,0.3254,0.49968,0.50158,0.22921
preset=baseline,0,t4_r027,outsider,0,timing_only,0.48033,0.4998,0.69753,0.47299,0.47433,0.73428
preset=baseline,0,t4_r018,insider,1,direct,0.44358,0.42984,0.51149,0.43539,0.43675,0.5204
preset=baseline,0,t4_r018,insider,1,paraphrase,0.49799,0.4998,0.52085,0.49438,0.49638,0.51411
preset=baseline,0,t4_r018,insider,1,comparative,0.50494,0.50153,0.52752,0.49968,0.50158,0.55753
preset=baseline,0,t4_r018,insider,1,timing_only,0.49445,0.4998,0.69595,0.47299,0.47433,0.74691
preset=baseline,0,t4_r018,outsider,1,direct,0.36284,0.42984,0.52931,0.43539,0.43675,0.42489
preset=baseline,0,t4_r018,outsider,1,paraphrase,0.49799,0.4998,0.7198,0.49438,0.49638,0.65255
preset=baseline,0,t4_r018,outsider,1,comparative,0.48489,0.4998,0.76111,0.49968,0.50158,0.75378
preset=baseline,0,t4_r018,outsider,1,timing_only,0.49445,0.4998,0.69595,0.47299,0.47433,0.74691
preset=baseline,0,t4_r018,insider,0,direct,0.44358,0.42984,0.51149,0.43539,0.43675,0.5204
preset=baseline,0,t4_r018,insider,0,paraphrase,0.49799,0.4998,0.21862,0.49438,0.49638,0.29995
preset=baseline,0,t4_r018,insider,0,comparative,0.50494,0.50153,0.52074,0.49968,0.50158,0.61495
preset=baseline,0,t4_r018,insider,0,timing_only,0.49445,0.4998,0.27893,0.47299,0.47433,0.23713
preset=baseline,0,t4_r018,outsider,0,direct,0.36284,0.42984,0.3486,0.43539,0.43675,0.42489
preset=baseline,0,t4_r018,outsider,0,paraphrase,0.49799,0.4998,0.21862,0.49438,0.49638,0.29995
preset=baseline,0,t4_r018,outsider,0,comparative,0.48489,0.4998,0.76111,0.49968,0.50158,0.75378
preset=baseline,0,t4_r018,outsider,0,timing_only,0.49445,0.4998,0.27893,0.47299,0.47433,0.23713
preset=baseline,0,t4_r023,insider,1,direct,0.99637,0.99924,0.79927,0.99495,0.87758,0.97404
preset=baseline,0,t4_r023,insider,1,paraphrase,0.47217,0.4998,0.56517,0.49438,0.49638,0.58136
preset=baseline,0,t4_r023,insider,1,comparative,0.50494,0.50153,0.31631,0.49968,0.50158,0.3193
preset=baseline,0,t4_r023,insider,1,timing_only,0.48554,0.4998,0.48166,0.47299,0.47433,0.40753
preset=baseline,0,t4_r023,outsider,1,direct,0.41066,0.91318,0.6876,0.43539,0.43675,0.57976
preset=baseline,0,t4_r023,outsider,1,paraphrase,0.4898,0.4992,0.49741,0.49438,0.49638,0.43015
preset=baseline,0,t4_r023,outsider,1,comparative,0.4925,0.50153,0.26067,0.49968,0.50158,0.31608
preset=baseline,0,t4_r023,outsider,1,timing_only,0.46488,0.49873,0.62708,0.47299,0.47433,0.68884
preset=baseline,0,t4_r023,insider,0,direct,0.44343,0.42984,0.41746,0.43539,0.43675,0.21489
preset=baseline,0,t4_r023,insider,0,paraphrase,0.47217,0.4998,0.3351,0.49438,0.49638,0.23638
preset=baseline,0,t4_r023,insider,0,comparative,0.50494,0.50153,0.3274,0.49968,0.50158,0.35208
preset=baseline,0,t4_r023,insider,0,timing_only,0.48554,0.4998,0.6812,0.47299,0.47433,0.67902
preset=baseline,0,t4_r023,outsider,0,direct,0.41066,0.91318,0.44218,0.43539,0.43675,0.40056
preset=baseline,0,t4_r023,outsider,0,paraphrase,0.4898,0.4992,0.49741,0.49438,0.49638,0.44201
preset=baseline,0,t4_r023,outsider,0,comparative,0.4925,0.50153,0.25487,0.49968,0.50158,0.25539
preset=baseline,0,t4_r023,outsider,0,timing_only,0.46488,0.49873,0.6812,0.47299,0.47433,0.76116
preset=baseline,0,t4_r019,insider,1,direct,0.44801,0.42984,0.47742,0.43539,0.43675,0.44839
preset=baseline,0,t4_r019,insider,1,paraphrase,0.49799,0.4998,0.45255,0.49438,0.49638,0.47181
preset=baseline,0,t4_r019,insider,1,comparative,0.50494,0.50153,0.75883,0.49968,0.50158,0.86034
preset=baseline,0,t4_r019,insider,1,timing_only,0.49445,0.4998,0.33705,0.47299,0.47433,0.42924
preset=baseline,0,t4_r019,outsider,1,direct,0.41066,0.42984,0.65469,0.43539,0.43675,0.60482
preset=baseline,0,t4_r019,outsider,1,paraphrase,0.50678,0.4998,0.54035,0.49438,0.49638,0.57034
preset=baseline,0,t4_r019,outsider,1,comparative,0.50494,0.50153,0.54631,0.49968,0.50158,0.57428
preset=baseline,0,t4_r019,outsider,1,timing_only,0.48481,0.4998,0.69595,0.47299,0.47433,0.61933
preset=baseline,0,t4_r019,insider,0,direct,0.44801,0.42984,0.47742,0.43539,0.43675,0.4573
preset=baseline,0,t4_r019,insider,0,paraphrase,0.49799,0.4998,0.45255,0.49438,0.49638,0.47181
preset=baseline,0,t4_r019,insider,0,comparative,0.50494,0.50153,0.42172,0.49968,0.50158,0.45815
preset=baseline,0,t4_r019,insider,0,timing_only,0.49445,0.4998,0.34145,0.47299,0.47433,0.42835
preset=baseline,0,t4_r019,outsider,0,direct,0.41066,0.42984,0.54285,0.43539,0.43675,0.58946
preset=baseline,0,t4_r019,outsider,0,paraphrase,0.50678,0.4998,0.75819,0.49438,0.49638,0.75096
preset=baseline,0,t4_r019,outsider,0,comparative,0.50494,0.50153,0.73048,0.49968,0.50158,0.80347
preset=baseline,0,t4_r019,outsider,0,timing_only,0.48481,0.4998,0.286,0.47299,0.47433,0.47522
preset=baseline,0,t4_r011,insider,1,direct,0.99672,0.50409,0.79927,0.98972,0.99517,0.97246
preset=baseline,0,t4_r011,insider,1,paraphrase,0.49653,0.4998,0.47329,0.49438,0.49638,0.38573
preset=baseline,0,t4_r011,insider,1,comparative,0.36077,0.4998,0.30182,0.49968,0.50158,0.34821
preset=baseline,0,t4_r011,insider,1,timing_only,0.48554,0.4998,0.55998,0.47299,0.47433,0.5534
preset=baseline,0,t4_r011,outsider,1,direct,0.92527,0.42984,0.46426,0.43539,0.01056,0.38106
preset=baseline,0,t4_r011,outsider,1,paraphrase,0.99282,0.4998,0.48166,0.49438,0.38114,0.39349
preset=baseline,0,t4_r011,outsider,1,comparative,0.27794,0.50098,0.58179,0.49968,0.02235,0.51852
preset=baseline,0,t4_r011,outsider,1,timing_only,0.87093,0.4998,0.3563,0.47299,0.39223,0.31827
preset=baseline,0,t4_r011,insider,0,direct,0.44115,0.42984,0.41746,0.43539,0.43675,0.30868
preset=baseline,0,t4_r011,insider,0,paraphrase,0.49653,0.4998,0.56517,0.49438,0.49638,0.51912
preset=baseline,0,t4_r011,insider,0,comparative,0.36077,0.4998,0.24615,0.49968,0.50158,0.26563
preset=baseline,0,t4_r011,insider,0,timing_only,0.48554,0.4998,0.34001,0.47299,0.47433,0.41045
preset=baseline,0,t4_r011,outsider,0,direct,0.92527,0.42984,0.52639,0.43539,0.01056,0.58275
preset=baseline,0,t4_r011,outsider,0,paraphrase,0.99282,0.4998,0.73229,0.49438,0.38114,0.72099
preset=baseline,0,t4_r011,outsider,0,comparative,0.27794,0.50098,0.58179,0.49968,0.02235,0.51852
preset=baseline,0,t4_r011,outsider,0,timing_only,0.87093,0.4998,0.52184,0.47299,0.39223,0.52602
preset=baseline,0,t4_r008,insider,1,direct,0.44596,0.42984,0.44218,0.43539,0.43675,0.45875
preset=baseline,0,t4_r008,insider,1,paraphrase,0.49775,0.4998,0.37865,0.49438,0.49638,0.37918
preset=baseline,0,t4_r008,insider,1,comparative,0.48489,0.49826,0.63865,0.49968,0.50158,0.7477
preset=baseline,0,t4_r008,insider,1,timing_only,0.48033,0.4998,0.36216,0.47299,0.47433,0.36773
preset=baseline,0,t4_r008,outsider,1,direct,0.45058,0.42984,0.71202,0.43539,0.43675,0.51741
preset=baseline,0,t4_r008,outsider,1,paraphrase,0.49653,0.4998,0.73661,0.49438,0.49638,0.72753
preset=baseline,0,t4_r008,outsider,1,comparative,0.50354,0.49826,0.5009,0.49968,0.50158,0.5358
preset=baseline,0,t4_r008,outsider,1,timing_only,0.48317,0.4998,0.57847,0.47299,0.47433,0.58157
preset=baseline,0,t4_r008,insider,0,direct,0.44596,0.42984,0.44218,0.43539,0.43675,0.45875
preset=baseline,0,t4_r008,insider,0,paraphrase,0.49775,0.4998,0.43962,0.49438,0.49638,0.39325
preset=baseline,0,t4_r008,insider,0,comparative,0.48489,0.49826,0.75883,0.49968,0.50158,0.83793
preset=baseline,0,t4_r008,insider,0,timing_only,0.48033,0.4998,0.27893,0.47299,0.47433,0.20801
preset=baseline,0,t4_r008,outsider,0,direct,0.45058,0.42984,0.32354,0.43539,0.43675,0.40187
preset=baseline,0,t4_r008,outsider,0,paraphrase,0.49653,0.4998,0.49246,0.49438,0.49638,0.42773
preset=baseline,0,t4_r008,outsider,0,comparative,0.50354,0.49826,0.68147,0.49968,0.50158,0.65281
preset=baseline,0,t4_r008,outsider,0,timing_only,0.48317,0.4998,0.48373,0.47299,0.47433,0.46539
preset=baseline,0,t4_r009,insider,1,direct,0.44345,0.42984,0.30522,0.43539,0.43675,0.34714
preset=baseline,0,t4_r009,insider,1,paraphrase,0.49786,0.4998,0.60793,0.49438,0.49638,0.6546
preset=baseline,0,t4_r009,insider,1,comparative,0.50907,0.4998,0.59423,0.49968,0.50158,0.69329
preset=baseline,0,t4_r009,insider,1,timing_only,0.48481,0.4998,0.50421,0.47299,0.47433,0.48973
preset=baseline,0,t4_r009,outsider,1,direct,0.44596,0.42984,0.31563,0.43539,0.43675,0.24965
preset=baseline,0,t4_r009,outsider,1,paraphrase,0.37123,0.49784,0.64965,0.49438,0.49638,0.63717
preset=baseline,0,t4_r009,outsider,1,comparative,0.49588,0.49232,0.72146,0.49968,0.50158,0.68065
preset=baseline,0,t4_r009,outsider,1,timing_only,0.48352,0.50153,0.47441,0.47299,0.47433,0.51287
preset=baseline,0,t4_r009,insider,0,direct,0.44345,0.42984,0.51246,0.43539,0.43675,0.48304
preset=baseline,0,t4_r009,insider,0,paraphrase,0.49786,0.4998,0.42686,0.49438,0.49638,0.45802
preset=baseline,0,t4_r009,insider,0,comparative,0.50907,0.4998,0.63865,0.49968,0.50158,0.69765
preset=baseline,0,t4_r009,insider,0,timing_only,0.48481,0.4998,0.49741,0.47299,0.47433,0.47716
preset=baseline,0,t4_r009,outsider,0,direct,0.44596,0.42984,0.68701,0.43539,0.43675,0.72827
preset=baseline,0,t4_r009,outsider,0,paraphrase,0.37123,0.49784,0.59824,0.49438,0.49638,0.61425
preset=baseline,0,t4_r009,outsider,0,comparative,0.49588,0.49232,0.60208,0.49968,0.50158,0.62301
preset=baseline,0,t4_r009,outsider,0,timing_only,0.48352,0.50153,0.26392,0.47299,0.47433,0.27078
preset=baseline,0,t5_r013,insider,1,direct,0.89378,0.6102,0.94839,0.99835,0.99611,0.90686
preset=baseline,0,t5_r013,insider,1,paraphrase,0.50079,0.4998,0.55953,0.49438,0.49638,0.63831
preset=baseline,0,t5_r013,insider,1,comparative,0.50757,0.50204,0.73839,0.49968,0.50158,0.71434
preset=baseline,0,t5_r013,insider,1,timing_only,0.48096,0.4998,0.49741,0.47299,0.47433,0.48356
preset=baseline,0,t5_r013,outsider,1,direct,0.44358,0.42984,0.62692,0.43539,0.43675,0.52934
preset=baseline,0,t5_r013,outsider,1,paraphrase,0.49799,0.4998,0.33705,0.49438,0.49638,0.42924
preset=baseline,0,t5_r013,outsider,1,comparative,0.50563,0.4998,0.55115,0.49968,0.50158,0.52966
preset=baseline,0,t5_r013,outsider,1,timing_only,0.49445,0.4998,0.45255,0.47299,0.47433,0.50678
preset=baseline,0,t5_r013,insider,0,direct,0.44596,0.42984,0.2653,0.43539,0.43675,0.26341
preset=baseline,0,t5_r013,insider,0,paraphrase,0.50079,0.4998,0.62359,0.49438,0.49638,0.51826
preset=baseline,0,t5_r013,insider,0,comparative,0.50757,0.50204,0.1529,0.49968,0.50158,0.21992
preset=baseline,0,t5_r013,insider,0,timing_only,0.48096,0.4998,0.40453,0.47299,0.47433,0.34162
preset=baseline,0,t5_r013,outsider,0,direct,0.44358,0.42984,0.47742,0.43539,0.43675,0.48849
preset=baseline,0,t5_r013,outsider,0,paraphrase,0.49799,0.4998,0.33278,0.49438,0.49638,0.42835
preset=baseline,0,t5_r013,outsider,0,comparative,0.50563,0.4998,0.53311,0.49968,0.50158,0.44577
preset=baseline,0,t5_r013,outsider,0,timing_only,0.49445,0.4998,0.45255,0.47299,0.47433,0.47181
preset=baseline,0,t5_r018,insider,1,direct,0.45727,0.42984,0.32386,0.43539,0.43675,0.24221
preset=baseline,0,t5_r018,insider,1,paraphrase,0.49491,0.4998,0.49741,0.49438,0.49638,0.55422
preset=baseline,0,t5_r018,insider,1,comparative,0.50907,0.49969,0.69418,0.49968,0.50158,0.73262
preset=baseline,0,t5_r018,insider,1,timing_only,0.4267,0.4998,0.49741,0.47299,0.47433,0.45085
preset=baseline,0,t5_r018,outsider,1,direct,0.43307,0.4117,0.38442,0.43539,0.43675,0.33322
preset=baseline,0,t5_r018,outsider,1,paraphrase,0.49786,0.49927,0.6805,0.49438,0.49638,0.81852
preset=baseline,0,t5_r018,outsider,1,comparative,0.36077,0.4998,0.57898,0.49968,0.50158,0.5615
preset=baseline,0,t5_r018,outsider,1,timing_only,0.48195,0.50153,0.55998,0.47299,0.47433,0.45039
preset=baseline,0,t5_r018,insider,0,direct,0.45727,0.42984,0.52639,0.43539,0.43675,0.57055
preset=baseline,0,t5_r018,insider,0,paraphrase,0.49491,0.4998,0.49741,0.49438,0.49638,0.47716
preset=baseline,0,t5_r018,insider,0,comparative,0.50907,0.49969,0.38692,0.49968,0.50158,0.3336
preset=baseline,0,t5_r018,insider,0,timing_only,0.4267,0.4998,0.7123,0.47299,0.47433,0.68077
preset=baseline,0,t5_r018,outsider,0,direct,0.43307,0.4117,0.35229,0.43539,0.43675,0.31633
preset=baseline,0,t5_r018,outsider,0,paraphrase,0.49786,0.49927,0.38921,0.49438,0.49638,0.4384
preset=baseline,0,t5_r018,outsider,0,comparative,0.36077,0.4998,0.69418,0.49968,0.50158,0.69591
preset=baseline,0,t5_r018,outsider,0,timing_only,0.48195,0.50153,0.67807,0.47299,0.47433,0.60459
preset=baseline,0,t5_r006,insider,1,direct,0.44358,0.42984,0.51149,0.43539,0.43675,0.5204
preset=baseline,0,t5_r006,insider,1,paraphrase,0.49799,0.4998,0.40184,0.49438,0.49638,0.40713
preset=baseline,0,t5_r006,insider,1,comparative,0.50494,0.49969,0.55115,0.49968,0.50158,0.55562
preset=baseline,0,t5_r006,insider,1,timing_only,0.49445,0.4998,0.69595,0.47299,0.47433,0.74691
preset=baseline,0,t5_r006,outsider,1,direct,0.44801,0.42984,0.48628,0.43539,0.43675,0.47789
preset=baseline,0,t5_r006,outsider,1,paraphrase,0.49786,0.4998,0.37865,0.49438,0.49638,0.4003
preset=baseline,0,t5_r006,outsider,1,comparative,0.50494,0.49969,0.73839,0.49968,0.50158,0.71386
preset=baseline,0,t5_r006,outsider,1,timing_only,0.2331,0.4998,0.26025,0.47299,0.47433,0.23149
preset=baseline,0,t5_r006,insider,0,direct,0.44358,0.42984,0.40714,0.43539,0.43675,0.3994
preset=baseline,0,t5_r006,insider,0,paraphrase,0.49799,0.4998,0.6158,0.49438,0.49638,0.54225
preset=baseline,0,t5_r006,insider,0,comparative,0.50494,0.49969,0.55115,0.49968,0.50158,0.55562
preset=baseline,0,t5_r006,insider,0,timing_only,0.49445,0.4998,0.286,0.47299,0.47433,0.60447
preset=baseline,0,t5_r006,outsider,0,direct,0.44801,0.42984,0.65469,0.43539,0.43675,0.61094
preset=baseline,0,t5_r006,outsider,0,paraphrase,0.49786,0.4998,0.43962,0.49438,0.49638,0.41463
preset=baseline,0,t5_r006,outsider,0,comparative,0.50494,0.49969,0.47056,0.49968,0.50158,0.5074
preset=baseline,0,t5_r006,outsider,0,timing_only,0.2331,0.4998,0.6812,0.47299,0.47433,0.67902
preset=baseline,0,t5_r016,insider,1,direct,0.94734,0.99924,0.94839,0.99835,0.99841,0.94236
preset=baseline,0,t5_r016,insider,1,paraphrase,0.4722,0.4998,0.39928,0.49438,0.49638,0.36936
preset=baseline,0,t5_r016,insider,1,comparative,0.50955,0.50157,0.37558,0.49968,0.50158,0.36796
preset=baseline,0,t5_r016,insider,1,timing_only,0.9386,0.4998,0.78759,0.93875,0.75436,0.78759
preset=baseline,0,t5_r016,outsider,1,direct,0.47291,0.4716,0.21487,0.43539,0.43675,0.18941
preset=baseline,0,t5_r016,outsider,1,paraphrase,0.50083,0.66007,0.49741,0.49438,0.49638,0.56695
preset=baseline,0,t5_r016,outsider,1,comparative,0.49588,0.49958,0.58498,0.49968,0.50158,0.62665
preset=baseline,0,t5_r016,outsider,1,timing_only,0.47853,0.87072,0.35818,0.47299,0.47433,0.2803
preset=baseline,0,t5_r016,insider,0,direct,0.3675,0.42984,0.65469,0.43539,0.43675,0.5862
preset=baseline,0,t5_r016,insider,0,paraphrase,0.4722,0.4998,0.47329,0.49438,0.49638,0.35891
preset=baseline,0,t5_r016,insider,0,comparative,0.50955,0.50157,0.28781,0.49968,0.50158,0.3938
preset=baseline,0,t5_r016,insider,0,timing_only,0.48481,0.4998,0.47329,0.47299,0.47433,0.36936
preset=baseline,0,t5_r016,outsider,0,direct,0.47291,0.4716,0.28479,0.43539,0.43675,0.22506
preset=baseline,0,t5_r016,outsider,0,paraphrase,0.50083,0.66007,0.33154,0.49438,0.49638,0.46497
preset=baseline,0,t5_r016,outsider,0,comparative,0.49588,0.49958,0.68603,0.49968,0.50158,0.67829
preset=baseline,0,t5_r016,outsider,0,timing_only,0.47853,0.87072,0.286,0.47299,0.47433,0.32303
preset=baseline,0,t5_r014,insider,1,direct,0.99637,0.99924,0.79927,0.99835,0.99976,0.98473
preset=baseline,0,t5_r014,insider,1,paraphrase,0.4898,0.66007,0.40631,0.49438,0.49638,0.39141
preset=baseline,0,t5_r014,insider,1,comparative,0.50563,0.49826,0.68467,0.49968,0.50158,0.73781
preset=baseline,0,t5_r014,insider,1,timing_only,0.70881,0.48648,0.72303,0.03217,0.50068,0.33409
preset=baseline,0,t5_r014,outsider,1,direct,0.44909,0.42984,0.45701,0.43539,0.43675,0.43177
preset=baseline,0,t5_r014,outsider,1,paraphrase,0.48166,0.49129,0.62785,0.49438,0.49638,0.7653
preset=baseline,0,t5_r014,outsider,1,comparative,0.51134,0.49958,0.59423,0.49968,0.50158,0.60258
preset=baseline,0,t5_r014,outsider,1,timing_only,0.48403,0.4998,0.37183,0.47299,0.47433,0.45607
preset=baseline,0,t5_r014,insider,0,direct,0.29936,0.47357,0.44218,0.43539,0.43675,0.38801
preset=baseline,0,t5_r014,insider,0,paraphrase,0.4898,0.66007,0.42555,0.49438,0.49638,0.35609
preset=baseline,0,t5_r014,insider,0,comparative,0.50563,0.49826,0.68147,0.49968,0.50158,0.64705
preset=baseline,0,t5_r014,insider,0,timing_only,0.70881,0.48648,0.62277,0.5748,0.97503,0.37712
preset=baseline,0,t5_r014,outsider,0,direct,0.44909,0.42984,0.45701,0.43539,0.43675,0.43177
preset=baseline,0,t5_r014,outsider,0,paraphrase,0.48166,0.49129,0.69787,0.49438,0.49638,0.78562
preset=baseline,0,t5_r014,outsider,0,comparative,0.51134,0.49958,0.59423,0.49968,0.50158,0.60258
preset=baseline,0,t5_r014,outsider,0,timing_only,0.48403,0.4998,0.55998,0.47299,0.47433,0.5534
preset=baseline,0,t5_r008,insider,1,direct,0.79148,0.57751,0.96721,0.99835,0.99611,0.9407
preset=baseline,0,t5_r008,insider,1,paraphrase,0.49799,0.4998,0.52085,0.49438,0.49638,0.51411
preset=baseline,0,t5_r008,insider,1,comparative,0.41641,0.49826,0.51459,0.49968,0.50158,0.66881
preset=baseline,0,t5_r008,insider,1,timing_only,0.49445,0.4998,0.26392,0.47299,0.47433,0.42924
preset=baseline,0,t5_r008,outsider,1,direct,0.44358,0.42984,0.21262,0.43539,0.43675,0.16791
preset=baseline,0,t5_r008,outsider,1,paraphrase,0.50041,0.4998,0.49741,0.49438,0.49638,0.56765
preset=baseline,0,t5_r008,outsider,1,comparative,0.49959,0.4998,0.52752,0.49968,0.50158,0.50715
preset=baseline,0,t5_r008,outsider,1,timing_only,0.43111,0.4998,0.25173,0.47299,0.47433,0.47205
preset=baseline,0,t5_r008,insider,0,direct,0.44358,0.42984,0.21262,0.43539,0.43675,0.16791
preset=baseline,0,t5_r008,insider,0,paraphrase,0.49799,0.4998,0.52085,0.49438,0.49638,0.51411
preset=baseline,0,t5_r008,insider,0,comparative,0.41641,0.49826,0.14794,0.49968,0.50158,0.32087
preset=baseline,0,t5_r008,insider,0,timing_only,0.49445,0.4998,0.4129,0.47299,0.47433,0.43659
preset=baseline,0,t5_r008,outsider,0,direct,0.44358,0.42984,0.21262,0.43539,0.43675,0.16791
preset=baseline,0,t5_r008,outsider,0,paraphrase,0.50041,0.4998,0.49741,0.49438,0.49638,0.49078
preset=baseline,0,t5_r008,outsider,0,comparative,0.49959,0.4998,0.52074,0.49968,0.50158,0.49456
preset=baseline,0,t5_r008,outsider,0,timing_only,0.43111,0.4998,0.37978,0.47299,0.47433,0.47205
preset=baseline,0,t5_r017,insider,1,direct,0.99672,0.99924,0.96721,0.98297,0.99873,0.9756
preset=baseline,0,t5_r017,insider,1,paraphrase,0.50041,0.4998,0.26392,0.49438,0.49638,0.41573
preset=baseline,0,t5_r017,insider,1,comparative,0.50757,0.50085,0.69418,0.49968,0.50158,0.69765
preset=baseline,0,t5_r017,insider,1,timing_only,0.48317,0.4998,0.54233,0.47299,0.47433,0.51083
preset=baseline,0,t5_r017,outsider,1,direct,0.47074,0.6102,0.52915,0.43539,0.43675,0.46134
preset=baseline,0,t5_r017,outsider,1,paraphrase,0.50083,0.90139,0.41485,0.49438,0.49638,0.58869
preset=baseline,0,t5_r017,outsider,1,comparative,0.4925,0.50153,0.68603,0.49968,0.50158,0.67701
preset=baseline,0,t5_r017,outsider,1,timing_only,0.47853,0.49873,0.41485,0.47299,0.47433,0.58869
preset=baseline,0,t5_r017,insider,0,direct,0.44358,0.42984,0.22867,0.43539,0.43675,0.3604
preset=baseline,0,t5_r017,insider,0,paraphrase,0.50041,0.4998,0.42555,0.49438,0.49638,0.42927
preset=baseline,0,t5_r017,insider,0,comparative,0.50757,0.50085,0.45495,0.49968,0.50158,0.45191
preset=baseline,0,t5_r017,insider,0,timing_only,0.48317,0.4998,0.55968,0.47299,0.47433,0.63161
preset=baseline,0,t5_r017,outsider,0,direct,0.47074,0.6102,0.52915,0.43539,0.43675,0.46134
preset=baseline,0,t5_r017,outsider,0,paraphrase,0.50083,0.90139,0.48526,0.49438,0.49638,0.58869
preset=baseline,0,t5_r017,outsider,0,comparative,0.4925,0.50153,0.47056,0.49968,0.50158,0.40707
preset=baseline,0,t5_r017,outsider,0,timing_only,0.47853,0.49873,0.48526,0.47299,0.47433,0.58869
preset=baseline,0,t5_r000,insider,1,direct,0.99637,0.99924,0.79927,0.99495,0.87758,0.97404
preset=baseline,0,t5_r000,insider,1,paraphrase,0.5003,0.4998,0.66746,0.49438,0.49638,0.70881
preset=baseline,0,t5_r000,insider,1,comparative,0.49588,0.50497,0.67836,0.49968,0.50158,0.73881
preset=baseline,0,t5_r000,insider,1,timing_only,0.48352,0.4998,0.41358,0.47299,0.47433,0.39934
preset=baseline,0,t5_r000,outsider,1,direct,0.4673,0.42984,0.36915,0.43539,0.43675,0.38343
preset=baseline,0,t5_r000,outsider,1,paraphrase,0.4722,0.4998,0.49741,0.49438,0.49638,0.48877
preset=baseline,0,t5_r000,outsider,1,comparative,0.50955,0.4998,0.68467,0.49968,0.50158,0.71361
preset=baseline,0,t5_r000,outsider,1,timing_only,0.47459,0.4998,0.46195,0.47299,0.47433,0.16803
preset=baseline,0,t5_r000,insider,0,direct,0.59756,0.43101,0.4775,0.43539,0.43675,0.30606
preset=baseline,0,t5_r000,insider,0,paraphrase,0.5003,0.4998,0.52085,0.49438,0.49638,0.30633
preset=baseline,0,t5_r000,insider,0,comparative,0.49588,0.50497,0.28853,0.49968,0.50158,0.3399
preset=baseline,0,t5_r000,insider,0,timing_only,0.48352,0.4998,0.40453,0.47299,0.47433,0.28751
preset=baseline,0,t5_r000,outsider,0,direct,0.4673,0.42984,0.51842,0.43539,0.43675,0.38343
preset=baseline,0,t5_r000,outsider,0,paraphrase,0.4722,0.4998,0.33154,0.49438,0.49638,0.35274
preset=baseline,0,t5_r000,outsider,0,comparative,0.50955,0.4998,0.73971,0.49968,0.50158,0.75875
preset=baseline,0,t5_r000,outsider,0,timing_only,0.47459,0.4998,0.69595,0.47299,0.47433,0.61933
preset=baseline,1,t4_r015,insider,1,direct,0.4673,0.42984,0.43497,0.43539,0.43675,0.38805
preset=baseline,1,t4_r015,insider,1,paraphrase,0.50756,0.4998,0.26342,0.49438,0.49638,0.36936
preset=baseline,1,t4_r015,insider,1,comparative,0.50563,0.49969,0.63682,0.49968,0.50158,0.6118
preset=baseline,1,t4_r015,insider,1,timing_only,0.46186,0.4998,0.4129,0.47299,0.47433,0.31607
preset=baseline,1,t4_r015,outsider,1,direct,0.4673,0.42984,0.4001,0.43539,0.43675,0.45464
preset=baseline,1,t4_r015,outsider,1,paraphrase,0.50196,0.4998,0.49009,0.49438,0.49638,0.45433
preset=baseline,1,t4_r015,outsider,1,comparative,0.51134,0.4998,0.52752,0.49968,0.50158,0.49352
preset=baseline,1,t4_r015,outsider,1,timing_only,0.48481,0.4998,0.45196,0.47299,0.47433,0.31711
preset=baseline,1,t4_r015,insider,0,direct,0.4673,0.42984,0.56097,0.43539,0.43675,0.61231
preset=baseline,1,t4_r015,insider,0,paraphrase,0.50756,0.4998,0.39928,0.49438,0.49638,0.36936
preset=baseline,1,t4_r015,insider,0,comparative,0.50563,0.49969,0.59423,0.49968,0.50158,0.6118
preset=baseline,1,t4_r015,insider,0,timing_only,0.46186,0.4998,0.60105,0.47299,0.47433,0.31784
preset=baseline,1,t4_r015,outsider,0,direct,0.4673,0.42984,0.32065,0.43539,0.43675,0.28479
preset=baseline,1,t4_r015,outsider,0,paraphrase,0.50196,0.4998,0.41358,0.49438,0.49638,0.39131
preset=baseline,1,t4_r015,outsider,0,comparative,0.51134,0.4998,0.52752,0.49968,0.50158,0.49352
preset=baseline,1,t4_r015,outsider,0,timing_only,0.48481,0.4998,0.49741,0.47299,0.47433,0.47716
preset=baseline,1,t4_r000,insider,1,direct,0.99672,0.99924,0.79927,0.99495,0.87758,0.97404
preset=baseline,1,t4_r000,insider,1,paraphrase,0.49799,0.4998,0.54218,0.49438,0.49638,0.5487
preset=baseline,1,t4_r000,insider,1,comparative,0.51134,0.49969,0.32995,0.49968,0.50158,0.46433
preset=baseline,1,t4_r000,insider,1,timing_only,0.49445,0.4998,0.40453,0.47299,0.47433,0.44464
preset=baseline,1,t4_r000,outsider,1,direct,0.44596,0.42984,0.3486,0.43539,0.43675,0.42489
preset=baseline,1,t4_r000,outsider,1,paraphrase,0.49799,0.4998,0.69595,0.49438,0.49638,0.74691
preset=baseline,1,t4_r000,outsider,1,comparative,0.50354,0.49969,0.52752,0.49968,0.50158,0.5097
preset=baseline,1,t4_r000,outsider,1,timing_only,0.49445,0.4998,0.3351,0.47299,0.47433,0.37491
preset=baseline,1,t4_r000,insider,0,direct,0.44358,0.42984,0.21262,0.43539,0.43675,0.16791
preset=baseline,1,t4_r000,insider,0,paraphrase,0.49799,0.4998,0.3351,0.49438,0.49638,0.37491
preset=baseline,1,t4_r000,insider,0,comparative,0.51134,0.49969,0.62994,0.49968,0.50158,0.68479
preset=baseline,1,t4_r000,insider,0,timing_only,0.49445,0.4998,0.23615,0.47299,0.47433,0.35177
preset=baseline,1,t4_r000,outsider,0,direct,0.44596,0.42984,0.25585,0.43539,0.43675,0.42489
preset=baseline,1,t4_r000,outsider,0,paraphrase,0.49799,0.4998,0.27893,0.49438,0.49638,0.23713
preset=baseline,1,t4_r000,outsider,0,comparative,0.50354,0.49969,0.47516,0.49968,0.50158,0.32983
preset=baseline,1,t4_r000,outsider,0,timing_only,0.49445,0.4998,0.27893,0.47299,0.47433,0.23713
preset=baseline,1,t4_r007,insider,1,direct,0.44358,0.42984,0.62692,0.43539,0.43675,0.52934
preset=baseline,1,t4_r007,insider,1,paraphrase,0.49799,0.4998,0.3351,0.49438,0.49638,0.37491
preset=baseline,1,t4_r007,insider,1,comparative,0.49825,0.50153,0.42172,0.49968,0.50158,0.45048
preset=baseline,1,t4_r007,insider,1,timing_only,0.49445,0.4998,0.45255,0.47299,0.47433,0.47181
preset=baseline,1,t4_r007,outsider,1,direct,0.44358,0.42984,0.62692,0.43539,0.43675,0.52934
preset=baseline,1,t4_r007,outsider,1,paraphrase,0.49653,0.49784,0.57604,0.49438,0.49638,0.53908
preset=baseline,1,t4_r007,outsider,1,comparative,0.50563,0.4998,0.79026,0.49968,0.50158,0.58756
preset=baseline,1,t4_r007,outsider,1,timing_only,0.46758,0.50153,0.57788,0.47299,0.47433,0.52973
preset=baseline,1,t4_r007,insider,0,direct,0.44358,0.42984,0.2653,0.43539,0.43675,0.38377
preset=baseline,1,t4_r007,insider,0,paraphrase,0.49799,0.4998,0.27893,0.49438,0.49638,0.23713
preset=baseline,1,t4_r007,insider,0,comparative,0.49825,0.50153,0.45141,0.49968,0.50158,0.47234
preset=baseline,1,t4_r007,insider,0,timing_only,0.49445,0.4998,0.52085,0.47299,0.47433,0.51411
preset=baseline,1,t4_r007,outsider,0,direct,0.44358,0.42984,0.47742,0.43539,0.43675,0.48849
preset=baseline,1,t4_r007,outsider,0,paraphrase,0.49653,0.49784,0.57604,0.49438,0.49638,0.53908
preset=baseline,1,t4_r007,outsider,0,comparative,0.50563,0.4998,0.79026,0.49968,0.50158,0.58756
preset=baseline,1,t4_r007,outsider,0,timing_only,0.46758,0.50153,0.57788,0.47299,0.47433,0.52973
preset=baseline,1,t4_r003,insider,1,direct,0.44648,0.50409,0.52639,0.43539,0.43675,0.39237
preset=baseline,1,t4_r003,insider,1,paraphrase,0.50545,0.48305,0.52184,0.49438,0.49638,0.56385
preset=baseline,1,t4_r003,insider,1,comparative,0.50955,0.50153,0.46225,0.49968,0.50158,0.61618
preset=baseline,1,t4_r003,insider,1,timing_only,0.59872,0.49873,0.59037,0.99223,0.09444,0.48025
preset=baseline,1,t4_r003,outsider,1,direct,0.42751,0.44974,0.55412,0.43539,0.43675,0.40626
preset=baseline,1,t4_r003,outsider,1,paraphrase,0.49786,0.4998,0.47329,0.49438,0.49638,0.45802
preset=baseline,1,t4_r003,outsider,1,comparative,0.49959,0.4998,0.69418,0.49968,0.50158,0.73623
preset=baseline,1,t4_r003,outsider,1,timing_only,0.48554,0.4998,0.52085,0.47299,0.47433,0.49004
preset=baseline,1,t4_r003,insider,0,direct,0.44648,0.50409,0.52639,0.43539,0.43675,0.39237
preset=baseline,1,t4_r003,insider,0,paraphrase,0.50545,0.48305,0.52184,0.49438,0.49638,0.61912
preset=baseline,1,t4_r003,insider,0,comparative,0.50955,0.50153,0.67309,0.49968,0.50158,0.52217
preset=baseline,1,t4_r003,insider,0,timing_only,0.59872,0.49873,0.59037,0.99223,0.09444,0.48025
preset=baseline,1,t4_r003,outsider,0,direct,0.42751,0.44974,0.21733,0.43539,0.43675,0.28621
preset=baseline,1,t4_r003,outsider,0,paraphrase,0.49786,0.4998,0.55953,0.49438,0.49638,0.63831
preset=baseline,1,t4_r003,outsider,0,comparative,0.49959,0.4998,0.45141,0.49968,0.50158,0.41346
preset=baseline,1,t4_r003,outsider,0,timing_only,0.48554,0.4998,0.27533,0.47299,0.47433,0.43784
preset=baseline,1,t4_r001,insider,1,direct,0.99637,0.99924,0.96721,0.98297,0.99873,0.9756
preset=baseline,1,t4_r001,insider,1,paraphrase,0.50041,0.4998,0.54218,0.49438,0.49638,0.53336
preset=baseline,1,t4_r001,insider,1,comparative,0.50563,0.49969,0.52074,0.49968,0.50158,0.495
preset=baseline,1,t4_r001,insider,1,timing_only,0.48096,0.4998,0.6833,0.47299,0.47433,0.60749
preset=baseline,1,t4_r001,outsider,1,direct,0.47666,0.42984,0.46553,0.43539,0.43675,0.39826
preset=baseline,1,t4_r001,outsider,1,paraphrase,0.46434,0.4998,0.50421,0.49438,0.49638,0.48973
preset=baseline,1,t4_r001,outsider,1,comparative,0.51134,0.4998,0.73839,0.49968,0.50158,0.70596
preset=baseline,1,t4_r001,outsider,1,timing_only,0.4801,0.4998,0.49741,0.47299,0.47433,0.55839
preset=baseline,1,t4_r001,insider,0,direct,0.44358,0.42984,0.6876,0.43539,0.43675,0.65053
preset=baseline,1,t4_r001,insider,0,paraphrase,0.50041,0.4998,0.47329,0.49438,0.49638,0.46659
preset=baseline,1,t4_r001,insider,0,comparative,0.50563,0.49969,0.36953,0.49968,0.50158,0.33773
preset=baseline,1,t4_r001,insider,0,timing_only,0.48096,0.4998,0.42555,0.47299,0.47433,0.36096
preset=baseline,1,t4_r001,outsider,0,direct,0.47666,0.42984,0.72358,0.43539,0.43675,0.47456
preset=baseline,1,t4_r001,outsider,0,paraphrase,0.46434,0.4998,0.50421,0.49438,0.49638,0.48973
preset=baseline,1,t4_r001,outsider,0,comparative,0.51134,0.4998,0.58498,0.49968,0.50158,0.61624
preset=baseline,1,t4_r001,outsider,0,timing_only,0.4801,0.4998,0.49741,0.47299,0.47433,0.48138
preset=baseline,1,t4_r017,insider,1,direct,0.99672,0.99924,0.96721,0.99835,0.99657,0.98234
preset=baseline,1,t4_r017,insider,1,paraphrase,0.49786,0.4998,0.52085,0.49438,0.49638,0.42239
preset=baseline,1,t4_r017,insider,1,comparative,0.38936,0.50157,0.85584,0.8455,0.99598,0.81068
preset=baseline,1,t4_r017,insider,1,timing_only,0.7359,0.4998,0.74785,0.95992,0.6694,0.84541
preset=baseline,1,t4_r017,outsider,1,direct,0.44358,0.42984,0.39693,0.43539,0.43675,0.44973
preset=baseline,1,t4_r017,outsider,1,paraphrase,0.49786,0.4998,0.26025,0.49438,0.49638,0.23149
preset=baseline,1,t4_r017,outsider,1,comparative,0.49588,0.49958,0.49409,0.49968,0.50158,0.55275
preset=baseline,1,t4_r017,outsider,1,timing_only,0.4267,0.4998,0.49741,0.47299,0.47433,0.47716
preset=baseline,1,t4_r017,insider,0,direct,0.79148,0.50409,0.96721,0.98972,0.99611,0.88962
preset=baseline,1,t4_r017,insider,0,paraphrase,0.49786,0.4998,0.33705,0.49438,0.49638,0.40737
preset=baseline,1,t4_r017,insider,0,comparative,0.38936,0.50157,0.85584,0.60204,0.55197,0.64241
preset=baseline,1,t4_r017,insider,0,timing_only,0.47459,0.4998,0.54718,0.47299,0.47433,0.53256
preset=baseline,1,t4_r017,outsider,0,direct,0.44358,0.42984,0.39693,0.43539,0.43675,0.44973
preset=baseline,1,t4_r017,outsider,0,paraphrase,0.49786,0.4998,0.66746,0.49438,0.49638,0.67902
preset=baseline,1,t4_r017,outsider,0,comparative,0.49588,0.49958,0.41747,0.49968,0.50158,0.4883
preset=baseline,1,t4_r017,outsider,0,timing_only,0.4267,0.4998,0.49741,0.47299,0.47433,0.45174
preset=baseline,1,t4_r021,insider,1,direct,0.99637,0.99924,0.96721,0.99835,0.99841,0.98473
preset=baseline,1,t4_r021,insider,1,paraphrase,0.50756,0.4998,0.43612,0.49438,0.49638,0.52287
preset=baseline,1,t4_r021,insider,1,comparative,0.50354,0.50153,0.63682,0.49968,0.50158,0.66876
preset=baseline,1,t4_r021,insider,1,timing_only,0.47127,0.4998,0.61934,0.47299,0.47433,0.61048
preset=baseline,1,t4_r021,outsider,1,direct,0.47666,0.42984,0.60101,0.43539,0.43675,0.56904
preset=baseline,1,t4_r021,outsider,1,paraphrase,0.49554,0.4998,0.57847,0.49438,0.49638,0.58157
preset=baseline,1,t4_r021,outsider,1,comparative,0.5108,0.4998,0.52752,0.49968,0.50158,0.49352
preset=baseline,1,t4_r021,outsider,1,timing_only,0.49445,0.4998,0.7123,0.47299,0.47433,0.71153
preset=baseline,1,t4_r021,insider,0,direct,0.45264,0.42984,0.72358,0.43539,0.43675,0.45533
preset=baseline,1,t4_r021,insider,0,paraphrase,0.50756,0.4998,0.54233,0.49438,0.49638,0.51083
preset=baseline,1,t4_r021,insider,0,comparative,0.50354,0.50153,0.28691,0.49968,0.50158,0.29981
preset=baseline,1,t4_r021,insider,0,timing_only,0.47127,0.4998,0.41485,0.47299,0.47433,0.54677
preset=baseline,1,t4_r021,outsider,0,direct,0.47666,0.42984,0.32065,0.43539,0.43675,0.26774
preset=baseline,1,t4_r021,outsider,0,paraphrase,0.49554,0.4998,0.50421,0.49438,0.49638,0.49615
preset=baseline,1,t4_r021,outsider,0,comparative,0.5108,0.4998,0.52074,0.49968,0.50158,0.48093
preset=baseline,1,t4_r021,outsider,0,timing_only,0.49445,0.4998,0.7123,0.47299,0.47433,0.71153
preset=baseline,1,t4_r023,insider,1,direct,0.99637,0.99924,0.96721,0.99495,0.87758,0.97404
preset=baseline,1,t4_r023,insider,1,paraphrase,0.4521,0.4998,0.40716,0.49438,0.49638,0.35687
preset=baseline,1,t4_r023,insider,1,comparative,0.49588,0.49826,0.41747,0.49968,0.50158,0.4883
preset=baseline,1,t4_r023,insider,1,timing_only,0.4543,0.50497,0.67798,0.47299,0.47433,0.67088
preset=baseline,1,t4_r023,outsider,1,direct,0.45253,0.42984,0.22867,0.43539,0.43675,0.27256
preset=baseline,1,t4_r023,outsider,1,paraphrase,0.49786,0.4998,0.6812,0.49438,0.49638,0.67902
preset=baseline,1,t4_r023,outsider,1,comparative,0.50563,0.4998,0.52468,0.49968,0.50158,0.55807
preset=baseline,1,t4_r023,outsider,1,timing_only,0.48317,0.4998,0.35818,0.47299,0.47433,0.40042
preset=baseline,1,t4_r023,insider,0,direct,0.42751,0.43101,0.46498,0.43539,0.43675,0.44765
preset=baseline,1,t4_r023,insider,0,paraphrase,0.4521,0.4998,0.54235,0.49438,0.49638,0.4646
preset=baseline,1,t4_r023,insider,0,comparative,0.49588,0.49826,0.3274,0.49968,0.50158,0.37021
preset=baseline,1,t4_r023,insider,0,timing_only,0.4543,0.50497,0.49689,0.47299,0.47433,0.52284
preset=baseline,1,t4_r023,outsider,0,direct,0.45253,0.42984,0.68701,0.43539,0.43675,0.75396
preset=baseline,1,t4_r023,outsider,0,paraphrase,0.49786,0.4998,0.6812,0.49438,0.49638,0.67902
preset=baseline,1,t4_r023,outsider,0,comparative,0.50563,0.4998,0.5424,0.49968,0.50158,0.4865
preset=baseline,1,t4_r023,outsider,0,timing_only,0.48317,0.4998,0.52149,0.47299,0.47433,0.40042
preset=baseline,1,t5_r024,insider,1,direct,0.99672,0.99924,0.96721,0.99835,0.99657,0.98234
preset=baseline,1,t5_r024,insider,1,paraphrase,0.50583,0.49917,0.39928,0.49438,0.49638,0.33321
preset=baseline,1,t5_r024,insider,1,comparative,0.50494,0.49958,0.41747,0.49968,0.50158,0.42018
preset=baseline,1,t5_r024,insider,1,timing_only,0.89129,0.50157,0.85386,0.50566,0.50068,0.76589
preset=baseline,1,t5_r024,outsider,1,direct,0.44596,0.43101,0.32065,0.43539,0.43675,0.27518
preset=baseline,1,t5_r024,outsider,1,paraphrase,0.50756,0.4998,0.49741,0.49438,0.49638,0.42794
preset=baseline,1,t5_r024,outsider,1,comparative,0.50563,0.4998,0.58238,0.49968,0.50158,0.58525
preset=baseline,1,t5_r024,outsider,1,timing_only,0.48481,0.4998,0.50421,0.47299,0.47433,0.48973
preset=baseline,1,t5_r024,insider,0,direct,0.45016,0.48499,0.39844,0.43539,0.43675,0.40366
preset=baseline,1,t5_r024,insider,0,paraphrase,0.50583,0.49917,0.50421,0.49438,0.49638,0.50798
preset=baseline,1,t5_r024,insider,0,comparative,0.50494,0.49958,0.3274,0.49968,0.50158,0.31909
preset=baseline,1,t5_r024,insider,0,timing_only,0.35024,0.50157,0.42555,0.47299,0.47433,0.35222
preset=baseline,1,t5_r024,outsider,0,direct,0.44596,0.43101,0.48628,0.43539,0.43675,0.49555
preset=baseline,1,t5_r024,outsider,0,paraphrase,0.50756,0.4998,0.33154,0.49438,0.49638,0.35274
preset=baseline,1,t5_r024,outsider,0,comparative,0.50563,0.4998,0.54633,0.49968,0.50158,0.46836
preset=baseline,1,t5_r024,outsider,0,timing_only,0.48481,0.4998,0.50421,0.47299,0.47433,0.48973
preset=baseline,1,t5_r015,insider,1,direct,0.97518,0.99924,0.96721,0.99835,0.99841,0.98473
preset=baseline,1,t5_r015,insider,1,paraphrase,0.50756,0.4998,0.45255,0.49438,0.49638,0.37843
preset=baseline,1,t5_r015,insider,1,comparative,0.50907,0.49826,0.59423,0.49968,0.50158,0.61059
preset=baseline,1,t5_r015,insider,1,timing_only,0.54591,0.4998,0.78759,0.51368,0.75436,0.50786
preset=baseline,1,t5_r015,outsider,1,direct,0.4673,0.43101,0.62234,0.43539,0.43675,0.63074
preset=baseline,1,t5_r015,outsider,1,paraphrase,0.4722,0.4998,0.38313,0.49438,0.49638,0.30753
preset=baseline,1,t5_r015,outsider,1,comparative,0.43423,0.4998,0.72245,0.49968,0.50158,0.55311
preset=baseline,1,t5_r015,outsider,1,timing_only,0.48096,0.4998,0.6812,0.47299,0.47433,0.67902
preset=baseline,1,t5_r015,insider,0,direct,0.42751,0.42984,0.32065,0.43539,0.43675,0.28479
preset=baseline,1,t5_r015,insider,0,paraphrase,0.50756,0.4998,0.55012,0.49438,0.49638,0.36936
preset=baseline,1,t5_r015,insider,0,comparative,0.50907,0.49826,0.37124,0.49968,0.50158,0.34876
preset=baseline,1,t5_r015,insider,0,timing_only,0.47459,0.4998,0.72054,0.47299,0.47433,0.39425
preset=baseline,1,t5_r015,outsider,0,direct,0.4673,0.43101,0.68323,0.43539,0.43675,0.68314
preset=baseline,1,t5_r015,outsider,0,paraphrase,0.4722,0.4998,0.49009,0.49438,0.49638,0.45433
preset=baseline,1,t5_r015,outsider,0,comparative,0.43423,0.4998,0.57994,0.49968,0.50158,0.55311
preset=baseline,1,t5_r015,outsider,0,timing_only,0.48096,0.4998,0.50421,0.47299,0.47433,0.49615
preset=baseline,1,t5_r022,insider,1,direct,0.99672,0.99924,0.79927,0.99835,0.99996,0.98473
preset=baseline,1,t5_r022,insider,1,paraphrase,0.49786,0.4998,0.54218,0.49438,0.49638,0.54082
preset=baseline,1,t5_r022,insider,1,comparative,0.49609,0.50085,0.49211,0.49968,0.50158,0.48554
preset=baseline,1,t5_r022,insider,1,timing_only,0.48033,0.4998,0.25173,0.47299,0.47433,0.45802
preset=baseline,1,t5_r022,outsider,1,direct,0.28408,0.42984,0.54285,0.43539,0.43675,0.58946
preset=baseline,1,t5_r022,outsider,1,paraphrase,0.50705,0.4998,0.27893,0.49438,0.49638,0.23713
preset=baseline,1,t5_r022,outsider,1,comparative,0.49723,0.4998,0.75883,0.49968,0.50158,0.81399
preset=baseline,1,t5_r022,outsider,1,timing_only,0.48554,0.4998,0.3351,0.47299,0.47433,0.23638
preset=baseline,1,t5_r022,insider,0,direct,0.44292,0.43101,0.35253,0.43539,0.43675,0.30549
preset=baseline,1,t5_r022,insider,0,paraphrase,0.49786,0.4998,0.35839,0.49438,0.49638,0.41463
preset=baseline,1,t5_r022,insider,0,comparative,0.49609,0.50085,0.3723,0.49968,0.50158,0.49386
preset=baseline,1,t5_r022,insider,0,timing_only,0.48033,0.4998,0.47441,0.47299,0.47433,0.5847
preset=baseline,1,t5_r022,outsider,0,direct,0.28408,0.42984,0.39212,0.43539,0.43675,0.3282
preset=baseline,1,t5_r022,outsider,0,paraphrase,0.50705,0.4998,0.45255,0.49438,0.49638,0.50678
preset=baseline,1,t5_r022,outsider,0,comparative,0.49723,0.4998,0.39302,0.49968,0.50158,0.37203
preset=baseline,1,t5_r022,outsider,0,timing_only,0.48554,0.4998,0.27893,0.47299,0.47433,0.20801
preset=baseline,1,t5_r001,insider,1,direct,0.99637,0.53192,0.79927,0.98972,0.9999,0.97619
preset=baseline,1,t5_r001,insider,1,paraphrase,0.49799,0.4998,0.45035,0.49438,0.49638,0.45484
preset=baseline,1,t5_r001,insider,1,comparative,0.49726,0.50497,0.24358,0.49968,0.50158,0.36471
preset=baseline,1,t5_r001,insider,1,timing_only,0.49445,0.4998,0.27355,0.47299,0.47433,0.37491
preset=baseline,1,t5_r001,outsider,1,direct,0.44358,0.42984,0.47451,0.43539,0.43675,0.48181
preset=baseline,1,t5_r001,outsider,1,paraphrase,0.49885,0.4998,0.54718,0.49438,0.49638,0.53256
preset=baseline,1,t5_r001,outsider,1,comparative,0.45125,0.4998,0.52752,0.49968,0.50158,0.49993
preset=baseline,1,t5_r001,outsider,1,timing_only,0.48033,0.4998,0.54233,0.47299,0.47433,0.61101
preset=baseline,1,t5_r001,insider,0,direct,0.44358,0.42984,0.47451,0.43539,0.43675,0.48181
preset=baseline,1,t5_r001,insider,0,paraphrase,0.49799,0.4998,0.27987,0.49438,0.49638,0.47326
preset=baseline,1,t5_r001,insider,0,comparative,0.49726,0.50497,0.24615,0.49968,0.50158,0.30679
preset=baseline,1,t5_r001,insider,0,timing_only,0.49445,0.4998,0.56517,0.47299,0.47433,0.47537
preset=baseline,1,t5_r001,outsider,0,direct,0.44358,0.42984,0.47451,0.43539,0.43675,0.48181
preset=baseline,1,t5_r001,outsider,0,paraphrase,0.49885,0.4998,0.54718,0.49438,0.49638,0.53256
preset=baseline,1,t5_r001,outsider,0,comparative,0.45125,0.4998,0.52752,0.49968,0.50158,0.49993
preset=baseline,1,t5_r001,outsider,0,timing_only,0.48033,0.4998,0.54233,0.47299,0.47433,0.47458
preset=baseline,1,t5_r006,insider,1,direct,0.54497,0.6102,0.79927,0.99835,0.99611,0.86985
preset=baseline,1,t5_r006,insider,1,paraphrase,0.50583,0.50053,0.68901,0.49438,0.49638,0.54197
preset=baseline,1,t5_r006,insider,1,comparative,0.50955,0.50304,0.56392,0.49968,0.50158,0.5586
preset=baseline,1,t5_r006,insider,1,timing_only,0.48672,0.86051,0.47329,0.47299,0.47433,0.3902
preset=baseline,1,t5_r006,outsider,1,direct,0.44801,0.42984,0.27527,0.43539,0.43675,0.3379
preset=baseline,1,t5_r006,outsider,1,paraphrase,0.50083,0.05509,0.57788,0.49438,0.49638,0.51324
preset=baseline,1,t5_r006,outsider,1,comparative,0.4925,0.64649,0.67101,0.49968,0.50158,0.76898
preset=baseline,1,t5_r006,outsider,1,timing_only,0.98302,0.49873,0.85386,0.97985,0.75436,0.96436
preset=baseline,1,t5_r006,insider,0,direct,0.45264,0.41976,0.38442,0.43539,0.43675,0.38567
preset=baseline,1,t5_r006,insider,0,paraphrase,0.50583,0.50053,0.41299,0.49438,0.49638,0.27078
preset=baseline,1,t5_r006,insider,0,comparative,0.50955,0.50304,0.2529,0.49968,0.50158,0.25789
preset=baseline,1,t5_r006,insider,0,timing_only,0.48672,0.86051,0.43694,0.47299,0.47433,0.50947
preset=baseline,1,t5_r006,outsider,0,direct,0.44801,0.42984,0.48628,0.43539,0.43675,0.48834
preset=baseline,1,t5_r006,outsider,0,paraphrase,0.50083,0.05509,0.57788,0.49438,0.49638,0.51324
preset=baseline,1,t5_r006,outsider,0,comparative,0.4925,0.64649,0.52752,0.49968,0.50158,0.54522
preset=baseline,1,t5_r006,outsider,0,timing_only,0.98302,0.49873,0.85386,0.97985,0.75436,0.96436
preset=baseline,1,t5_r014,insider,1,direct,0.99637,0.99924,0.96721,0.99835,0.99976,0.98473
preset=baseline,1,t5_r014,insider,1,paraphrase,0.4898,0.66007,0.55012,0.49438,0.49638,0.39141
preset=baseline,1,t5_r014,insider,1,comparative,0.50563,0.49958,0.68147,0.49968,0.50158,0.58697
preset=baseline,1,t5_r014,insider,1,timing_only,0.70881,0.48648,0.60955,0.49864,0.50068,0.42793
preset=baseline,1,t5_r014,outsider,1,direct,0.22407,0.42984,0.44167,0.43539,0.43675,0.34586
preset=baseline,1,t5_r014,outsider,1,paraphrase,0.5024,0.4998,0.55998,0.49438,0.49638,0.56294
preset=baseline,1,t5_r014,outsider,1,comparative,0.48489,0.4998,0.48566,0.49968,0.50158,0.27854
preset=baseline,1,t5_r014,outsider,1,timing_only,0.45943,0.4998,0.48373,0.47299,0.47433,0.45901
preset=baseline,1,t5_r014,insider,0,direct,0.29936,0.47357,0.44218,0.43539,0.43675,0.38801
preset=baseline,1,t5_r014,insider,0,paraphrase,0.4898,0.66007,0.42555,0.49438,0.49638,0.35609
preset=baseline,1,t5_r014,insider,0,comparative,0.50563,0.49958,0.23011,0.49968,0.50158,0.13708
preset=baseline,1,t5_r014,insider,0,timing_only,0.70881,0.48648,0.62277,0.5748,0.97503,0.37712
preset=baseline,1,t5_r014,outsider,0,direct,0.22407,0.42984,0.30522,0.43539,0.43675,0.28225
preset=baseline,1,t5_r014,outsider,0,paraphrase,0.5024,0.4998,0.48526,0.49438,0.49638,0.56294
preset=baseline,1,t5_r014,outsider,0,comparative,0.48489,0.4998,0.69418,0.49968,0.50158,0.71393
preset=baseline,1,t5_r014,outsider,0,timing_only,0.45943,0.4998,0.50421,0.47299,0.47433,0.48973
preset=baseline,1,t5_r028,insider,1,direct,0.90365,0.55789,0.96721,0.99835,0.43675,0.57698
preset=baseline,1,t5_r028,insider,1,paraphrase,0.49786,0.4998,0.39928,0.49438,0.49638,0.45802
preset=baseline,1,t5_r028,insider,1,comparative,0.50955,0.50085,0.31631,0.49968,0.50158,0.26975
preset=baseline,1,t5_r028,insider,1,timing_only,0.48195,0.4998,0.66746,0.47299,0.47433,0.67902
preset=baseline,1,t5_r028,outsider,1,direct,0.44596,0.42984,0.40018,0.43539,0.43675,0.4313
preset=baseline,1,t5_r028,outsider,1,paraphrase,0.50083,0.48548,0.66181,0.49438,0.49638,0.7273
preset=baseline,1,t5_r028,outsider,1,comparative,0.49304,0.4277,0.67101,0.49968,0.50158,0.77858
preset=baseline,1,t5_r028,outsider,1,timing_only,0.48315,0.49873,0.73529,0.47299,0.47433,0.69035
preset=baseline,1,t5_r028,insider,0,direct,0.44345,0.42984,0.21733,0.43539,0.43675,0.34135
preset=baseline,1,t5_r028,insider,0,paraphrase,0.49786,0.4998,0.41299,0.49438,0.49638,0.40737
preset=baseline,1,t5_r028,insider,0,comparative,0.50955,0.50085,0.46064,0.49968,0.50158,0.49027
preset=baseline,1,t5_r028,insider,0,timing_only,0.48195,0.4998,0.37978,0.47299,0.47433,0.39647
preset=baseline,1,t5_r028,outsider,0,direct,0.44596,0.42984,0.30696,0.43539,0.43675,0.42489
preset=baseline,1,t5_r028,outsider,0,paraphrase,0.50083,0.48548,0.32228,0.49438,0.49638,0.36088
preset=baseline,1,t5_r028,outsider,0,comparative,0.49304,0.4277,0.58238,0.49968,0.50158,0.64715
preset=baseline,1,t5_r028,outsider,0,timing_only,0.48315,0.49873,0.73529,0.47299,0.47433,0.69035
preset=baseline,1,t5_r019,insider,1,direct,0.99358,0.99924,0.96721,0.99835,0.99841,0.98473
preset=baseline,1,t5_r019,insider,1,paraphrase,0.48166,0.4998,0.52085,0.49438,0.49638,0.38535
preset=baseline,1,t5_r019,insider,1,comparative,0.49304,0.49969,0.52074,0.49968,0.50158,0.71106
preset=baseline,1,t5_r019,insider,1,timing_only,0.47922,0.4998,0.3351,0.47299,0.47433,0.16803
preset=baseline,1,t5_r019,outsider,1,direct,0.47074,0.43101,0.48628,0.43539,0.43675,0.47444
preset=baseline,1,t5_r019,outsider,1,paraphrase,0.50678,0.4998,0.54541,0.49438,0.49638,0.40732
preset=baseline,1,t5_r019,outsider,1,comparative,0.50907,0.49969,0.55115,0.49968,0.50158,0.55562
preset=baseline,1,t5_r019,outsider,1,timing_only,0.4801,0.4998,0.69595,0.47299,0.47433,0.61933
preset=baseline,1,t5_r019,insider,0,direct,0.47291,0.42984,0.59095,0.43539,0.43675,0.33353
preset=baseline,1,t5_r019,insider,0,paraphrase,0.48166,0.4998,0.39928,0.49438,0.49638,0.36936
preset=baseline,1,t5_r019,insider,0,comparative,0.49304,0.49969,0.62994,0.49968,0.50158,0.68843
preset=baseline,1,t5_r019,insider,0,timing_only,0.47922,0.4998,0.54541,0.47299,0.47433,0.40732
preset=baseline,1,t5_r019,outsider,0,direct,0.47074,0.43101,0.43115,0.43539,0.43675,0.40859
preset=baseline,1,t5_r019,outsider,0,paraphrase,0.50678,0.4998,0.34021,0.49438,0.49638,0.30338
preset=baseline,1,t5_r019,outsider,0,comparative,0.50907,0.49969,0.55115,0.49968,0.50158,0.55562
preset=baseline,1,t5_r019,outsider,0,timing_only,0.4801,0.4998,0.286,0.47299,0.47433,0.43352
preset=baseline,2,t4_r005,insider,1,direct,0.87383,0.99924,0.96721,0.99835,0.99976,0.88875
preset=baseline,2,t4_r005,insider,1,paraphrase,0.50756,0.4998,0.29846,0.49438,0.49638,0.35741
preset=baseline,2,t4_r005,insider,1,comparative,0.50955,0.49826,0.52583,0.49968,0.50158,0.569
preset=baseline,2,t4_r005,insider,1,timing_only,0.47706,0.4998,0.54718,0.47299,0.47433,0.52589
preset=baseline,2,t4_r005,outsider,1,direct,0.4673,0.43101,0.14438,0.43539,0.43675,0.19735
preset=baseline,2,t4_r005,outsider,1,paraphrase,0.49786,0.50304,0.59037,0.49438,0.49638,0.74464
preset=baseline,2,t4_r005,outsider,1,comparative,0.50563,0.4998,0.60208,0.49968,0.50158,0.58399
preset=baseline,2,t4_r005,outsider,1,timing_only,0.47219,0.50157,0.33559,0.47299,0.47433,0.30076
preset=baseline,2,t4_r005,insider,0,direct,0.4673,0.42984,0.64009,0.43539,0.43675,0.65919
preset=baseline,2,t4_r005,insider,0,paraphrase,0.50756,0.4998,0.68901,0.49438,0.49638,0.63025
preset=baseline,2,t4_r005,insider,0,comparative,0.50955,0.49826,0.12561,0.49968,0.50158,0.23279
preset=baseline,2,t4_r005,insider,0,timing_only,0.47706,0.4998,0.59037,0.47299,0.47433,0.71322
preset=baseline,2,t4_r005,outsider,0,direct,0.4673,0.43101,0.14438,0.43539,0.43675,0.19735
preset=baseline,2,t4_r005,outsider,0,paraphrase,0.49786,0.50304,0.78998,0.49438,0.49638,0.83482
preset=baseline,2,t4_r005,outsider,0,comparative,0.50563,0.4998,0.60208,0.49968,0.50158,0.6153
preset=baseline,2,t4_r005,outsider,0,timing_only,0.47219,0.50157,0.59824,0.47299,0.47433,0.67959
preset=baseline,2,t4_r025,insider,1,direct,0.99637,0.99924,0.79927,0.99835,0.9999,0.98473
preset=baseline,2,t4_r025,insider,1,paraphrase,0.99498,0.4998,0.41358,0.99818,0.99978,0.92197
preset=baseline,2,t4_r025,insider,1,comparative,0.51134,0.49969,0.68674,0.49968,0.50158,0.67327
preset=baseline,2,t4_r025,insider,1,timing_only,0.96688,0.4998,0.54233,0.99832,0.99603,0.9365
preset=baseline,2,t4_r025,outsider,1,direct,0.45264,0.44974,0.39844,0.43539,0.43675,0.39103
preset=baseline,2,t4_r025,outsider,1,paraphrase,0.45193,0.4998,0.45196,0.49438,0.49638,0.3227
preset=baseline,2,t4_r025,outsider,1,comparative,0.49352,0.50497,0.56392,0.49968,0.50158,0.5503
preset=baseline,2,t4_r025,outsider,1,timing_only,0.48033,0.4998,0.48166,0.47299,0.47433,0.38286
preset=baseline,2,t4_r025,insider,0,direct,0.46096,0.43101,0.35721,0.43539,0.43675,0.24376
preset=baseline,2,t4_r025,insider,0,paraphrase,0.50507,0.4998,0.40453,0.49438,0.49638,0.40861
preset=baseline,2,t4_r025,insider,0,comparative,0.51134,0.49969,0.30616,0.49968,0.50158,0.36632
preset=baseline,2,t4_r025,insider,0,timing_only,0.48911,0.4998,0.47441,0.47299,0.47433,0.59305
preset=baseline,2,t4_r025,outsider,0,direct,0.45264,0.44974,0.39844,0.43539,0.43675,0.39103
preset=baseline,2,t4_r025,outsider,0,paraphrase,0.45193,0.4998,0.49741,0.49438,0.49638,0.48356
preset=baseline,2,t4_r025,outsider,0,comparative,0.49352,0.50497,0.56392,0.49968,0.50158,0.5503
preset=baseline,2,t4_r025,outsider,0,timing_only,0.48033,0.4998,0.41358,0.47299,0.47433,0.39131
preset=baseline,2,t4_r029,insider,1,direct,0.44345,0.42984,0.51842,0.43539,0.43675,0.44561
preset=baseline,2,t4_r029,insider,1,paraphrase,0.50041,0.4998,0.49741,0.49438,0.49638,0.56765
preset=baseline,2,t4_r029,insider,1,comparative,0.50494,0.50153,0.52074,0.49968,0.50158,0.53967
preset=baseline,2,t4_r029,insider,1,timing_only,0.48911,0.4998,0.50421,0.47299,0.47433,0.50337
preset=baseline,2,t4_r029,outsider,1,direct,0.44345,0.6102,0.42653,0.43539,0.43675,0.53208
preset=baseline,2,t4_r029,outsider,1,paraphrase,0.50756,0.49794,0.26025,0.49438,0.49638,0.25993
preset=baseline,2,t4_r029,outsider,1,comparative,0.49959,0.50153,0.57898,0.49968,0.50158,0.70508
preset=baseline,2,t4_r029,outsider,1,timing_only,0.46671,0.99606,0.46657,0.47299,0.47433,0.42145
preset=baseline,2,t4_r029,insider,0,direct,0.44345,0.42984,0.36915,0.43539,0.43675,0.44561
preset=baseline,2,t4_r029,insider,0,paraphrase,0.50041,0.4998,0.49741,0.49438,0.49638,0.49078
preset=baseline,2,t4_r029,insider,0,comparative,0.50494,0.50153,0.52074,0.49968,0.50158,0.57154
preset=baseline,2,t4_r029,insider,0,timing_only,0.48911,0.4998,0.50421,0.47299,0.47433,0.50337
preset=baseline,2,t4_r029,outsider,0,direct,0.44345,0.6102,0.39693,0.43539,0.43675,0.51074
preset=baseline,2,t4_r029,outsider,0,paraphrase,0.50756,0.49794,0.66746,0.49438,0.49638,0.75652
preset=baseline,2,t4_r029,outsider,0,comparative,0.49959,0.50153,0.57898,0.49968,0.50158,0.70508
preset=baseline,2,t4_r029,outsider,0,timing_only,0.46671,0.99606,0.55998,0.47299,0.47433,0.47518
preset=baseline,2,t4_r021,insider,1,direct,0.99637,0.99924,0.96721,0.99835,0.99841,0.98473
preset=baseline,2,t4_r021,insider,1,paraphrase,0.50756,0.4998,0.7123,0.49438,0.49638,0.68077
preset=baseline,2,t4_r021,insider,1,comparative,0.50907,0.49958,0.49409,0.49968,0.50158,0.48414
preset=baseline,2,t4_r021,insider,1,timing_only,0.96688,0.4998,0.57788,0.98391,0.75436,0.9369
preset=baseline,2,t4_r021,outsider,1,direct,0.47666,0.43101,0.68323,0.43539,0.43675,0.69146
preset=baseline,2,t4_r021,outsider,1,paraphrase,0.50745,0.4998,0.61934,0.49438,0.49638,0.56829
preset=baseline,2,t4_r021,outsider,1,comparative,0.48489,0.4998,0.72245,0.49968,0.50158,0.54684
preset=baseline,2,t4_r021,outsider,1,timing_only,0.48911,0.4998,0.56517,0.47299,0.47433,0.58973
preset=baseline,2,t4_r021,insider,0,direct,0.45264,0.4117,0.43115,0.43539,0.43675,0.38724
preset=baseline,2,t4_r021,insider,0,paraphrase,0.50756,0.4998,0.55012,0.49438,0.49638,0.36936
preset=baseline,2,t4_r021,insider,0,comparative,0.50907,0.49958,0.24358,0.49968,0.50158,0.33658
preset=baseline,2,t4_r021,insider,0,timing_only,0.48911,0.4998,0.34001,0.47299,0.47433,0.33569
preset=baseline,2,t4_r021,outsider,0,direct,0.47666,0.43101,0.48611,0.43539,0.43675,0.48517
preset=baseline,2,t4_r021,outsider,0,paraphrase,0.50745,0.4998,0.61934,0.49438,0.49638,0.61048
preset=baseline,2,t4_r021,outsider,0,comparative,0.48489,0.4998,0.72245,0.49968,0.50158,0.54684
preset=baseline,2,t4_r021,outsider,0,timing_only,0.48911,0.4998,0.45357,0.47299,0.47433,0.4342
preset=baseline,2,t4_r026,insider,1,direct,0.47666,0.43101,0.2835,0.43539,0.43675,0.33194
preset=baseline,2,t4_r026,insider,1,paraphrase,0.50756,0.4998,0.40453,0.49438,0.49638,0.30338
preset=baseline,2,t4_r026,insider,1,comparative,0.50139,0.49958,0.47516,0.49968,0.50158,0.33165
preset=baseline,2,t4_r026,insider,1,timing_only,0.86518,0.4998,0.78759,0.94669,0.75436,0.81575
preset=baseline,2,t4_r026,outsider,1,direct,0.43598,0.43101,0.21936,0.43539,0.43675,0.18588
preset=baseline,2,t4_r026,outsider,1,paraphrase,0.49799,0.4998,0.41987,0.49438,0.49638,0.46121
preset=baseline,2,t4_r026,outsider,1,comparative,0.4331,0.4998,0.52752,0.49968,0.50158,0.49352
preset=baseline,2,t4_r026,outsider,1,timing_only,0.49445,0.4998,0.33705,0.47299,0.47433,0.42924
preset=baseline,2,t4_r026,insider,0,direct,0.47666,0.43101,0.32003,0.43539,0.43675,0.33194
preset=baseline,2,t4_r026,insider,0,paraphrase,0.50756,0.4998,0.45357,0.49438,0.49638,0.32601
preset=baseline,2,t4_r026,insider,0,comparative,0.50139,0.49958,0.52074,0.49968,0.50158,0.49373
preset=baseline,2,t4_r026,insider,0,timing_only,0.86518,0.4998,0.78759,0.94669,0.75436,0.81575
preset=baseline,2,t4_r026,outsider,0,direct,0.43598,0.43101,0.39844,0.43539,0.43675,0.38501
preset=baseline,2,t4_r026,outsider,0,paraphrase,0.49799,0.4998,0.36216,0.49438,0.49638,0.42835
preset=baseline,2,t4_r026,outsider,0,comparative,0.4331,0.4998,0.52752,0.49968,0.50158,0.49352
preset=baseline,2,t4_r026,outsider,0,timing_only,0.49445,0.4998,0.36216,0.47299,0.47433,0.42835
preset=baseline,2,t4_r006,insider,1,direct,0.44345,0.42984,0.47742,0.43539,0.43675,0.45555
preset=baseline,2,t4_r006,insider,1,paraphrase,0.49786,0.4998,0.47329,0.49438,0.49638,0.45802
preset=baseline,2,t4_r006,insider,1,comparative,0.47314,0.49969,0.49409,0.49968,0.50158,0.55275
preset=baseline,2,t4_r006,insider,1,timing_only,0.48481,0.4998,0.46657,0.47299,0.47433,0.49255
preset=baseline,2,t4_r006,outsider,1,direct,0.44115,0.42984,0.45701,0.43539,0.43675,0.43177
preset=baseline,2,t4_r006,outsider,1,paraphrase,0.5024,0.50058,0.74785,0.49438,0.49638,0.52072
preset=baseline,2,t4_r006,outsider,1,comparative,0.49304,0.4998,0.69418,0.49968,0.50158,0.69873
preset=baseline,2,t4_r006,outsider,1,timing_only,0.48352,0.50153,0.67798,0.47299,0.47433,0.59082
preset=baseline,2,t4_r006,insider,0,direct,0.44345,0.42984,0.47742,0.43539,0.43675,0.45555
preset=baseline,2,t4_r006,insider,0,paraphrase,0.49786,0.4998,0.47329,0.49438,0.49638,0.45802
preset=baseline,2,t4_r006,insider,0,comparative,0.47314,0.49969,0.41747,0.49968,0.50158,0.4883
preset=baseline,2,t4_r006,insider,0,timing_only,0.48481,0.4998,0.55998,0.47299,0.47433,0.54677
preset=baseline,2,t4_r006,outsider,0,direct,0.44115,0.42984,0.47551,0.43539,0.43675,0.4886
preset=baseline,2,t4_r006,outsider,0,paraphrase,0.5024,0.50058,0.74785,0.49438,0.49638,0.52072
preset=baseline,2,t4_r006,outsider,0,comparative,0.49304,0.4998,0.52583,0.49968,0.50158,0.52698
preset=baseline,2,t4_r006,outsider,0,timing_only,0.48352,0.50153,0.54718,0.47299,0.47433,0.61979
preset=baseline,2,t4_r027,insider,1,direct,0.44909,0.42984,0.39212,0.43539,0.43675,0.38021
preset=baseline,2,t4_r027,insider,1,paraphrase,0.49799,0.4998,0.52085,0.49438,0.49638,0.51411
preset=baseline,2,t4_r027,insider,1,comparative,0.48489,0.49969,0.73104,0.49968,0.50158,0.73946
preset=baseline,2,t4_r027,insider,1,timing_only,0.49445,0.4998,0.52975,0.47299,0.47433,0.47433
preset=baseline,2,t4_r027,outsider,1,direct,0.4916,0.50409,0.52639,0.43539,0.43675,0.52151
preset=baseline,2,t4_r027,outsider,1,paraphrase,0.49178,0.49403,0.50421,0.49438,0.49638,0.53646
preset=baseline,2,t4_r027,outsider,1,comparative,0.50563,0.50153,0.25487,0.49968,0.50158,0.27372
preset=baseline,2,t4_r027,outsider,1,timing_only,0.48315,0.0553,0.50421,0.47299,0.47433,0.53646
preset=baseline,2,t4_r027,insider,0,direct,0.44909,0.42984,0.54285,0.43539,0.43675,0.51462
preset=baseline,2,t4_r027,insider,0,paraphrase,0.49799,0.4998,0.52085,0.49438,0.49638,0.51411
preset=baseline,2,t4_r027,insider,0,comparative,0.48489,0.49969,0.73104,0.49968,0.50158,0.73946
preset=baseline,2,t4_r027,insider,0,timing_only,0.49445,0.4998,0.3867,0.47299,0.47433,0.47433
preset=baseline,2,t4_r027,outsider,0,direct,0.4916,0.50409,0.74365,0.43539,0.43675,0.75493
preset=baseline,2,t4_r027,outsider,0,paraphrase,0.49178,0.49403,0.49741,0.49438,0.49638,0.47336
preset=baseline,2,t4_r027,outsider,0,comparative,0.50563,0.50153,0.34404,0.49968,0.50158,0.27535
preset=baseline,2,t4_r027,outsider,0,timing_only,0.48315,0.0553,0.50421,0.47299,0.47433,0.53646
preset=baseline,2,t4_r028,insider,1,direct,0.93766,0.77109,0.96721,0.99835,0.99611,0.88703
preset=baseline,2,t4_r028,insider,1,paraphrase,0.50041,0.4998,0.68398,0.49438,0.49638,0.67742
preset=baseline,2,t4_r028,insider,1,comparative,0.49965,0.50932,0.52468,0.49968,0.50158,0.55227
preset=baseline,2,t4_r028,insider,1,timing_only,0.48195,0.4998,0.41358,0.47299,0.47433,0.39131
preset=baseline,2,t4_r028,outsider,1,direct,0.44345,0.43101,0.48611,0.43539,0.43675,0.48272
preset=baseline,2,t4_r028,outsider,1,paraphrase,0.50756,0.4998,0.57788,0.49438,0.49638,0.53643
preset=baseline,2,t4_r028,outsider,1,comparative,0.50354,0.4998,0.68603,0.49968,0.50158,0.67415
preset=baseline,2,t4_r028,outsider,1,timing_only,0.44223,0.4998,0.49689,0.47299,0.47433,0.47307
preset=baseline,2,t4_r028,insider,0,direct,0.45727,0.42984,0.39844,0.43539,0.43675,0.38501
preset=baseline,2,t4_r028,insider,0,paraphrase,0.50041,0.4998,0.34001,0.49438,0.49638,0.33569
preset=baseline,2,t4_r028,insider,0,comparative,0.49965,0.50932,0.31507,0.49968,0.50158,0.3938
preset=baseline,2,t4_r028,insider,0,timing_only,0.48195,0.4998,0.52184,0.47299,0.47433,0.51355
preset=baseline,2,t4_r028,outsider,0,direct,0.44345,0.43101,0.35639,0.43539,0.43675,0.33415
preset=baseline,2,t4_r028,outsider,0,paraphrase,0.50756,0.4998,0.57788,0.49438,0.49638,0.53643
preset=baseline,2,t4_r028,outsider,0,comparative,0.50354,0.4998,0.64424,0.49968,0.50158,0.55678
preset=baseline,2,t4_r028,outsider,0,timing_only,0.44223,0.4998,0.43612,0.47299,0.47433,0.51619
preset=baseline,2,t5_r004,insider,1,direct,0.42751,0.42984,0.56414,0.43539,0.43675,0.52713
preset=baseline,2,t5_r004,insider,1,paraphrase,0.50756,0.4998,0.33154,0.49438,0.49638,0.35274
preset=baseline,2,t5_r004,insider,1,comparative,0.50354,0.4998,0.33917,0.49968,0.50158,0.41539
preset=baseline,2,t5_r004,insider,1,timing_only,0.39672,0.4998,0.6812,0.47299,0.47433,0.67902
preset=baseline,2,t5_r004,outsider,1,direct,0.4574,0.42984,0.4523,0.43539,0.43675,0.38552
preset=baseline,2,t5_r004,outsider,1,paraphrase,0.38611,0.4998,0.66746,0.49438,0.49638,0.67902
preset=baseline,2,t5_r004,outsider,1,comparative,0.50354,0.49969,0.38692,0.49968,0.50158,0.33177
preset=baseline,2,t5_r004,outsider,1,timing_only,0.48554,0.4998,0.7123,0.47299,0.47433,0.70512
preset=baseline,2,t5_r004,insider,0,direct,0.42751,0.42984,0.30522,0.43539,0.43675,0.28225
preset=baseline,2,t5_r004,insider,0,paraphrase,0.50756,0.4998,0.7123,0.49438,0.49638,0.68077
preset=baseline,2,t5_r004,insider,0,comparative,0.50354,0.4998,0.65328,0.49968,0.50158,0.65015
preset=baseline,2,t5_r004,insider,0,timing_only,0.39672,0.4998,0.49741,0.47299,0.47433,0.47716
preset=baseline,2,t5_r004,outsider,0,direct,0.4574,0.42984,0.43115,0.43539,0.43675,0.40574
preset=baseline,2,t5_r004,outsider,0,paraphrase,0.38611,0.4998,0.49246,0.49438,0.49638,0.42146
preset=baseline,2,t5_r004,outsider,0,comparative,0.50354,0.49969,0.45141,0.49968,0.50158,0.43701
preset=baseline,2,t5_r004,outsider,0,timing_only,0.48554,0.4998,0.43694,0.47299,0.47433,0.44487
preset=baseline,2,t5_r011,insider,1,direct,0.99672,0.99924,0.96721,0.99835,0.99657,0.98234
preset=baseline,2,t5_r011,insider,1,paraphrase,0.49799,0.4998,0.40453,0.49438,0.49638,0.44464
preset=baseline,2,t5_r011,insider,1,comparative,0.5108,0.50157,0.55115,0.49968,0.50158,0.60685
preset=baseline,2,t5_r011,insider,1,timing_only,0.49445,0.4998,0.61948,0.98947,0.6694,0.80434
preset=baseline,2,t5_r011,outsider,1,direct,0.4673,0.43101,0.62234,0.43539,0.43675,0.63074
preset=baseline,2,t5_r011,outsider,1,paraphrase,0.49786,0.4998,0.59037,0.49438,0.49638,0.64249
preset=baseline,2,t5_r011,outsider,1,comparative,0.50056,0.4998,0.52752,0.49968,0.50158,0.49352
preset=baseline,2,t5_r011,outsider,1,timing_only,0.48195,0.4998,0.55513,0.47299,0.47433,0.48973
preset=baseline,2,t5_r011,insider,0,direct,0.99672,0.50409,0.96721,0.99835,0.99657,0.98313
preset=baseline,2,t5_r011,insider,0,paraphrase,0.49799,0.4998,0.46195,0.49438,0.49638,0.37491
preset=baseline,2,t5_r011,insider,0,comparative,0.5108,0.50157,0.2529,0.49968,0.50158,0.33443
preset=baseline,2,t5_r011,insider,0,timing_only,0.49445,0.4998,0.74785,0.98947,0.6694,0.80434
preset=baseline,2,t5_r011,outsider,0,direct,0.4673,0.43101,0.62234,0.43539,0.43675,0.63074
preset=baseline,2,t5_r011,outsider,0,paraphrase,0.49786,0.4998,0.59037,0.49438,0.49638,0.64249
preset=baseline,2,t5_r011,outsider,0,comparative,0.50056,0.4998,0.52752,0.49968,0.50158,0.49352
preset=baseline,2,t5_r011,outsider,0,timing_only,0.48195,0.4998,0.50421,0.47299,0.47433,0.48973
preset=baseline,2,t5_r023,insider,1,direct,0.4673,0.44974,0.4523,0.43539,0.43675,0.38552
preset=baseline,2,t5_r023,insider,1,paraphrase,0.50745,0.4998,0.49741,0.49438,0.49638,0.47716
preset=baseline,2,t5_r023,insider,1,comparative,0.50563,0.49969,0.41747,0.49968,0.50158,0.42142
preset=baseline,2,t5_r023,insider,1,timing_only,0.48481,0.4998,0.54235,0.47299,0.47433,0.4646
preset=baseline,2,t5_r023,outsider,1,direct,0.44648,0.9029,0.45586,0.43539,0.43675,0.5166
preset=baseline,2,t5_r023,outsider,1,paraphrase,0.49178,0.49361,0.49689,0.49438,0.49638,0.54853
preset=baseline,2,t5_r023,outsider,1,comparative,0.50494,0.50153,0.18273,0.49968,0.50158,0.24993
preset=baseline,2,t5_r023,outsider,1,timing_only,0.17571,0.5002,0.34001,0.47299,0.47433,0.2928
preset=baseline,2,t5_r023,insider,0,direct,0.4673,0.44974,0.60101,0.43539,0.43675,0.56488
preset=baseline,2,t5_r023,insider,0,paraphrase,0.50745,0.4998,0.49741,0.49438,0.49638,0.47716
preset=baseline,2,t5_r023,insider,0,comparative,0.50563,0.49969,0.6148,0.49968,0.50158,0.59033
preset=baseline,2,t5_r023,insider,0,timing_only,0.48481,0.4998,0.50421,0.47299,0.47433,0.48973
preset=baseline,2,t5_r023,outsider,0,direct,0.44648,0.9029,0.43236,0.43539,0.43675,0.5166
preset=baseline,2,t5_r023,outsider,0,paraphrase,0.49178,0.49361,0.43612,0.49438,0.49638,0.59082
preset=baseline,2,t5_r023,outsider,0,comparative,0.50494,0.50153,0.12561,0.49968,0.50158,0.24993
preset=baseline,2,t5_r023,outsider,0,timing_only,0.17571,0.5002,0.56517,0.47299,0.47433,0.52134
preset=baseline,2,t5_r015,insider,1,direct,0.97518,0.99924,0.79927,0.99835,0.99841,0.98473
preset=baseline,2,t5_r015,insider,1,paraphrase,0.50756,0.4998,0.33154,0.49438,0.49638,0.35274
preset=baseline,2,t5_r015,insider,1,comparative,0.50563,0.49969,0.52583,0.49968,0.50158,0.57026
preset=baseline,2,t5_r015,insider,1,timing_only,0.97258,0.4998,0.72303,0.95701,0.75436,0.76926
preset=baseline,2,t5_r015,outsider,1,direct,0.47291,0.4716,0.42569,0.43539,0.43675,0.46165
preset=baseline,2,t5_r015,outsider,1,paraphrase,0.50083,0.79724,0.52068,0.49438,0.49638,0.54115
preset=baseline,2,t5_r015,outsider,1,comparative,0.50955,0.50157,0.2529,0.49968,0.50158,0.27575
preset=baseline,2,t5_r015,outsider,1,timing_only,0.48352,0.87072,0.59037,0.47299,0.47433,0.47291
preset=baseline,2,t5_r015,insider,0,direct,0.42751,0.42984,0.32065,0.43539,0.43675,0.28479
preset=baseline,2,t5_r015,insider,0,paraphrase,0.50756,0.4998,0.54718,0.49438,0.49638,0.53256
preset=baseline,2,t5_r015,insider,0,comparative,0.50563,0.49969,0.3723,0.49968,0.50158,0.48026
preset=baseline,2,t5_r015,insider,0,timing_only,0.47459,0.4998,0.74356,0.47299,0.47433,0.60333
preset=baseline,2,t5_r015,outsider,0,direct,0.47291,0.4716,0.42569,0.43539,0.43675,0.46165
preset=baseline,2,t5_r015,outsider,0,paraphrase,0.50083,0.79724,0.53842,0.49438,0.49638,0.54115
preset=baseline,2,t5_r015,outsider,0,comparative,0.50955,0.50157,0.3723,0.49968,0.50158,0.50384
preset=baseline,2,t5_r015,outsider,0,timing_only,0.48352,0.87072,0.59037,0.47299,0.47433,0.58857
preset=baseline,2,t5_r008,insider,1,direct,0.36284,0.42984,0.47742,0.43539,0.43675,0.46412
preset=baseline,2,t5_r008,insider,1,paraphrase,0.49799,0.4998,0.52085,0.49438,0.49638,0.44604
preset=baseline,2,t5_r008,insider,1,comparative,0.4925,0.50153,0.47056,0.49968,0.50158,0.40707
preset=baseline,2,t5_r008,insider,1,timing_only,0.49445,0.4998,0.48373,0.47299,0.47433,0.48032
preset=baseline,2,t5_r008,outsider,1,direct,0.45253,0.43101,0.52931,0.43539,0.43675,0.43847
preset=baseline,2,t5_r008,outsider,1,paraphrase,0.47706,0.4998,0.57604,0.49438,0.49638,0.53643
preset=baseline,2,t5_r008,outsider,1,comparative,0.50354,0.50085,0.59423,0.49968,0.50158,0.59158
preset=baseline,2,t5_r008,outsider,1,timing_only,0.48481,0.4998,0.54718,0.47299,0.47433,0.52589
preset=baseline,2,t5_r008,insider,0,direct,0.36284,0.42984,0.47742,0.43539,0.43675,0.47307
preset=baseline,2,t5_r008,insider,0,paraphrase,0.49799,0.4998,0.7198,0.49438,0.49638,0.65255
preset=baseline,2,t5_r008,insider,0,comparative,0.4925,0.50153,0.56392,0.49968,0.50158,0.46043
preset=baseline,2,t5_r008,insider,0,timing_only,0.49445,0.4998,0.49741,0.47299,0.47433,0.49854
preset=baseline,2,t5_r008,outsider,0,direct,0.45253,0.43101,0.35801,0.43539,0.43675,0.43847
preset=baseline,2,t5_r008,outsider,0,paraphrase,0.47706,0.4998,0.57604,0.49438,0.49638,0.53643
preset=baseline,2,t5_r008,outsider,0,comparative,0.50354,0.50085,0.45141,0.49968,0.50158,0.41962
preset=baseline,2,t5_r008,outsider,0,timing_only,0.48481,0.4998,0.54718,0.47299,0.47433,0.52589
preset=baseline,2,t5_r003,insider,1,direct,0.99672,0.99924,0.79927,0.99835,0.99657,0.98234
preset=baseline,2,t5_r003,insider,1,paraphrase,0.50583,0.49927,0.69595,0.49438,0.49638,0.56953
preset=baseline,2,t5_r003,insider,1,comparative,0.50494,0.49969,0.55115,0.49968,0.50158,0.49809
preset=baseline,2,t5_r003,insider,1,timing_only,0.70881,0.49969,0.45344,0.95701,0.50373,0.57842
preset=baseline,2,t5_r003,outsider,1,direct,0.4574,0.45383,0.44167,0.43539,0.43675,0.34586
preset=baseline,2,t5_r003,outsider,1,paraphrase,0.50756,0.4998,0.49741,0.49438,0.49638,0.47716
preset=baseline,2,t5_r003,outsider,1,comparative,0.50563,0.4998,0.3274,0.49968,0.50158,0.39116
preset=baseline,2,t5_r003,outsider,1,timing_only,0.47127,0.4998,0.52068,0.47299,0.47433,0.5514
preset=baseline,2,t5_r003,insider,0,direct,0.45264,0.47944,0.21487,0.43539,0.43675,0.25642
preset=baseline,2,t5_r003,insider,0,paraphrase,0.50583,0.49927,0.43962,0.49438,0.49638,0.2584
preset=baseline,2,t5_r003,insider,0,comparative,0.50494,0.49969,0.44928,0.49968,0.50158,0.41843
preset=baseline,2,t5_r003,insider,0,timing_only,0.70881,0.49969,0.72303,0.95701,0.66486,0.57842
preset=baseline,2,t5_r003,outsider,0,direct,0.4574,0.45383,0.37598,0.43539,0.43675,0.34586
preset=baseline,2,t5_r003,outsider,0,paraphrase,0.50756,0.4998,0.49741,0.49438,0.49638,0.45174
preset=baseline,2,t5_r003,outsider,0,comparative,0.50563,0.4998,0.24615,0.49968,0.50158,0.28441
preset=baseline,2,t5_r003,outsider,0,timing_only,0.47127,0.4998,0.49689,0.47299,0.47433,0.47975
preset=baseline,2,t5_r005,insider,1,direct,0.47074,0.45383,0.36915,0.43539,0.43675,0.38623
preset=baseline,2,t5_r005,insider,1,paraphrase,0.49554,0.4998,0.7123,0.49438,0.49638,0.68632
preset=baseline,2,t5_r005,insider,1,comparative,0.50354,0.50304,0.59423,0.49968,0.50158,0.60294
preset=baseline,2,t5_r005,insider,1,timing_only,0.43515,0.4998,0.49741,0.47299,0.47433,0.48356
preset=baseline,2,t5_r005,outsider,1,direct,0.16212,0.50409,0.52639,0.43539,0.43675,0.52151
preset=baseline,2,t5_r005,outsider,1,paraphrase,0.50607,0.4992,0.54541,0.49438,0.49638,0.38229
preset=baseline,2,t5_r005,outsider,1,comparative,0.50907,0.50153,0.38017,0.49968,0.50158,0.48631
preset=baseline,2,t5_r005,outsider,1,timing_only,0.49476,0.49873,0.34001,0.47299,0.47433,0.2928
preset=baseline,2,t5_r005,insider,0,direct,0.47074,0.45383,0.36915,0.43539,0.43675,0.38623
preset=baseline,2,t5_r005,insider,0,paraphrase,0.49554,0.4998,0.60793,0.49438,0.49638,0.62255
preset=baseline,2,t5_r005,insider,0,comparative,0.50354,0.50304,0.48566,0.49968,0.50158,0.40253
preset=baseline,2,t5_r005,insider,0,timing_only,0.43515,0.4998,0.49741,0.47299,0.47433,0.45811
preset=baseline,2,t5_r005,outsider,0,direct,0.16212,0.50409,0.41746,0.43539,0.43675,0.24516
preset=baseline,2,t5_r005,outsider,0,paraphrase,0.50607,0.4992,0.40453,0.49438,0.49638,0.35097
preset=baseline,2,t5_r005,outsider,0,comparative,0.50907,0.50153,0.66638,0.49968,0.50158,0.6115
preset=baseline,2,t5_r005,outsider,0,timing_only,0.49476,0.49873,0.68603,0.47299,0.47433,0.38229
preset=baseline,2,t5_r002,insider,1,direct,0.45264,0.48499,0.3835,0.43539,0.43675,0.29963
preset=baseline,2,t5_r002,insider,1,paraphrase,0.40481,0.49917,0.59037,0.49438,0.49638,0.65864
preset=baseline,2,t5_r002,insider,1,comparative,0.50757,0.49969,0.3274,0.49968,0.50158,0.31909
preset=baseline,2,t5_r002,insider,1,timing_only,0.35024,0.50351,0.41358,0.47299,0.47433,0.44945
preset=baseline,2,t5_r002,outsider,1,direct,0.44358,0.42984,0.44218,0.43539,0.43675,0.47413
preset=baseline,2,t5_r002,outsider,1,paraphrase,0.49799,0.4998,0.3351,0.49438,0.49638,0.37491
preset=baseline,2,t5_r002,outsider,1,comparative,0.5068,0.49969,0.52074,0.49968,0.50158,0.63338
preset=baseline,2,t5_r002,outsider,1,timing_only,0.49445,0.4998,0.3998,0.47299,0.47433,0.43659
preset=baseline,2,t5_r002,insider,0,direct,0.45264,0.48499,0.35801,0.43539,0.43675,0.29963
preset=baseline,2,t5_r002,insider,0,paraphrase,0.40481,0.49917,0.59037,0.49438,0.49638,0.65864
preset=baseline,2,t5_r002,insider,0,comparative,0.50757,0.49969,0.44083,0.49968,0.50158,0.33725
preset=baseline,2,t5_r002,insider,0,timing_only,0.35024,0.50351,0.52184,0.47299,0.47433,0.57277
preset=baseline,2,t5_r002,outsider,0,direct,0.44358,0.42984,0.44218,0.43539,0.43675,0.47413
preset=baseline,2,t5_r002,outsider,0,paraphrase,0.49799,0.4998,0.69595,0.49438,0.49638,0.74691
preset=baseline,2,t5_r002,outsider,0,comparative,0.5068,0.49969,0.52074,0.49968,0.50158,0.55912
preset=baseline,2,t5_r002,outsider,0,timing_only,0.49445,0.4998,0.26392,0.47299,0.47433,0.42924
preset=full,0,t4_r020,insider,1,direct,0.5,0.5,0.50004,0.5,0.5,0.49775
preset=full,0,t4_r020,insider,1,paraphrase,0.5,0.5,0.49802,0.5,0.5,0.49074
preset=full,0,t4_r020,insider,1,comparative,0.5,0.5,0.51507,0.5,0.5,0.51836
preset=full,0,t4_r020,insider,1,timing_only,0.5,0.5,0.54653,0.5,0.5,0.50326
preset=full,0,t4_r020,outsider,1,direct,0.5,0.5,0.50004,0.5,0.5,0.49775
preset=full,0,t4_r020,outsider,1,paraphrase,0.5,0.5,0.50149,0.5,0.5,0.50623
preset=full,0,t4_r020,outsider,1,comparative,0.5,0.5,0.51507,0.5,0.5,0.50236
preset=full,0,t4_r020,outsider,1,timing_only,0.5,0.5,0.54653,0.5,0.5,0.54204
preset=full,0,t4_r020,insider,0,direct,0.5,0.5,0.50004,0.5,0.5,0.49775
preset=full,0,t4_r020,insider,0,paraphrase,0.5,0.5,0.49802,0.5,0.5,0.49074
preset=full,0,t4_r020,insider,0,comparative,0.5,0.5,0.51507,0.5,0.5,0.51836
preset=full,0,t4_r020,insider,0,timing_only,0.5,0.5,0.54653,0.5,0.5,0.50326
preset=full,0,t4_r020,outsider,0,direct,0.5,0.5,0.50004,0.5,0.5,0.49775
preset=full,0,t4_r020,outsider,0,paraphrase,0.5,0.5,0.50149,0.5,0.5,0.50623
preset=full,0,t4_r020,outsider,0,comparative,0.5,0.5,0.51507,0.5,0.5,0.50236
preset=full,0,t4_r020,outsider,0,timing_only,0.5,0.5,0.48517,0.5,0.5,0.48487
preset=full,0,t4_r027,insider,1,direct,0.5,0.5,0.50004,0.5,0.5,0.49775
preset=full,0,t4_r027,insider,1,paraphrase,0.5,0.5,0.48893,0.5,0.5,0.48751
preset=full,0,t4_r027,insider,1,comparative,0.5,0.5,0.51507,0.5,0.5,0.50196
preset=full,0,t4_r027,insider,1,timing_only,0.5,0.5,0.48517,0.5,0.5,0.49697
preset=full,0,t4_r027,outsider,1,direct,0.5,0.5,0.50004,0.5,0.5,0.49775
preset=full,0,t4_r027,outsider,1,paraphrase,0.5,0.5,0.50242,0.5,0.5,0.49691
preset=full,0,t4_r027,outsider,1,comparative,0.5,0.5,0.49066,0.5,0.5,0.49691
preset=full,0,t4_r027,outsider,1,timing_only,0.5,0.5,0.48517,0.5,0.5,0.48487
preset=full,0,t4_r027,insider,0,direct,0.5,0.5,0.50004,0.5,0.5,0.49775
preset=full,0,t4_r027,insider,0,paraphrase,0.5,0.5,0.48893,0.5,0.5,0.48751
preset=full,0,t4_r027,insider,0,comparative,0.5,0.5,0.51507,0.5,0.5,0.50196
preset=full,0,t4_r027,insider,0,timing_only,0.5,0.5,0.48517,0.5,0.5,0.49697
preset=full,0,t4_r027,outsider,0,direct,0.5,0.5,0.50004,0.5,0.5,0.49775
preset=full,0,t4_r027,outsider,0,paraphrase,0.5,0.5,0.50242,0.5,0.5,0.49691
preset=full,0,t4_r027,outsider,0,comparative,0.5,0.5,0.49066,0.5,0.5,0.49691
preset=full,0,t4_r027,outsider,0,timing_only,0.5,0.5,0.48517,0.5,0.5,0.48487
preset=full,0,t4_r018,insider,1,direct,0.5,0.5,0.48526,0.5,0.5,0.48607
preset=full,0,t4_r018,insider,1,paraphrase,0.5,0.5,0.48893,0.5,0.5,0.48751
preset=full,0,t4_r018,insider,1,comparative,0.5,0.5,0.49066,0.5,0.5,0.4916
preset=full,0,t4_r018,insider,1,timing_only,0.5,0.5,0.48517,0.5,0.5,0.49697
preset=full,0,t4_r018,outsider,1,direct,0.5,0.5,0.50004,0.5,0.5,0.49775
preset=full,0,t4_r018,outsider,1,paraphrase,0.5,0.5,0.48893,0.5,0.5,0.48751
preset=full,0,t4_r018,outsider,1,comparative,0.5,0.5,0.49066,0.5,0.5,0.49691
preset=full,0,t4_r018,outsider,1,timing_only,0.5,0.5,0.48517,0.5,0.5,0.49697
preset=full,0,t4_r018,insider,0,direct,0.5,0.5,0.48526,0.5,0.5,0.48607
preset=full,0,t4_r018,insider,0,paraphrase,0.5,0.5,0.48893,0.5,0.5,0.48751
preset=full,0,t4_r018,insider,0,comparative,0.5,0.5,0.49066,0.5,0.5,0.4916
preset=full,0,t4_r018,insider,0,timing_only,0.5,0.5,0.49933,0.5,0.5,0.49195
preset=full,0,t4_r018,outsider,0,direct,0.5,0.5,0.50004,0.5,0.5,0.49775
preset=full,0,t4_r018,outsider,0,paraphrase,0.5,0.5,0.48893,0.5,0.5,0.48751
preset=full,0,t4_r018,outsider,0,comparative,0.5,0.5,0.49066,0.5,0.5,0.49691
preset=full,0,t4_r018,outsider,0,timing_only,0.5,0.5,0.49933,0.5,0.5,0.49195
preset=full,0,t4_r023,insider,1,direct,0.5,0.5,0.50004,0.5,0.5,0.49775
preset=full,0,t4_r023,insider,1,paraphrase,0.5,0.5,0.50242,0.5,0.5,0.49691
preset=full,0,t4_r023,insider,1,comparative,0.5,0.5,0.51507,0.5,0.5,0.52194
preset=full,0,t4_r023,insider,1,timing_only,0.5,0.5,0.54653,0.5,0.5,0.51555
preset=full,0,t4_r023,outsider,1,direct,0.5,0.5,0.50004,0.5,0.5,0.48757
preset=full,0,t4_r023,outsider,1,paraphrase,0.5,0.5,0.50242,0.5,0.5,0.49405
preset=full,0,t4_r023,outsider,1,comparative,0.5,0.5,0.49066,0.5,0.5,0.49691
preset=full,0,t4_r023,outsider,1,timing_only,0.5,0.5,0.46518,0.5,0.5,0.49731
preset=full,0,t4_r023,insider,0,direct,0.5,0.5,0.50004,0.5,0.5,0.49775
preset=full,0,t4_r023,insider,0,paraphrase,0.5,0.5,0.50242,0.5,0.5,0.49691
preset=full,0,t4_r023,insider,0,comparative,0.5,0.5,0.51507,0.5,0.5,0.52194
preset=full,0,t4_r023,insider,0,timing_only,0.5,0.5,0.54653,0.5,0.5,0.51555
preset=full,0,t4_r023,outsider,0,direct,0.5,0.5,0.50004,0.5,0.5,0.48757
preset=full,0,t4_r023,outsider,0,paraphrase,0.5,0.5,0.50242,0.5,0.5,0.49405
preset=full,0,t4_r023,outsider,0,comparative,0.5,0.5,0.49066,0.5,0.5,0.49691
preset=full,0,t4_r023,outsider,0,timing_only,0.5,0.5,0.46518,0.5,0.5,0.49731
preset=full,0,t4_r019,insider,1,direct,0.5,0.5,0.48526,0.5,0.5,0.50066
preset=full,0,t4_r019,insider,1,paraphrase,0.5,0.5,0.48893,0.5,0.5,0.48751
preset=full,0,t4_r019,insider,1,comparative,0.5,0.5,0.49066,0.5,0.5,0.4916
preset=full,0,t4_r019,insider,1,timing_only,0.5,0.5,0.48517,0.5,0.5,0.49697
preset=full,0,t4_r019,outsider,1,direct,0.5,0.5,0.50004,0.5,0.5,0.49775
preset=full,0,t4_r019,outsider,1,paraphrase,0.5,0.5,0.50242,0.5,0.5,0.49691
preset=full,0,t4_r019,outsider,1,comparative,0.5,0.5,0.49066,0.5,0.5,0.49691
preset=full,0,t4_r019,outsider,1,timing_only,0.5,0.5,0.48517,0.5,0.5,0.47915
preset=full,0,t4_r019,insider,0,direct,0.5,0.5,0.48526,0.5,0.5,0.50066
preset=full,0,t4_r019,insider,0,paraphrase,0.5,0.5,0.48893,0.5,0.5,0.48751
preset=full,0,t4_r019,insider,0,comparative,0.5,0.5,0.49066,0.5,0.5,0.4916
preset=full,0,t4_r019,insider,0,timing_only,0.5,0.5,0.48517,0.5,0.5,0.49697
preset=full,0,t4_r019,outsider,0,direct,0.5,0.5,0.50004,0.5,0.5,0.49775
preset=full,0,t4_r019,outsider,0,paraphrase,0.5,0.5,0.50242,0.5,0.5,0.49691
preset=full,0,t4_r019,outsider,0,comparative,0.5,0.5,0.49066,0.5,0.5,0.49691
preset=full,0,t4_r019,outsider,0,timing_only,0.5,0.5,0.48517,0.5,0.5,0.47915
preset=full,0,t4_r011,insider,1,direct,0.5,0.5,0.50004,0.5,0.5,0.49775
preset=full,0,t4_r011,insider,1,paraphrase,0.5,0.5,0.50149,0.5,0.5,0.50623
preset=full,0,t4_r011,insider,1,comparative,0.5,0.5,0.49822,0.5,0.5,0.48712
preset=full,0,t4_r011,insider,1,timing_only,0.5,0.5,0.54653,0.5,0.5,0.54204
preset=full,0,t4_r011,outsider,1,direct,0.5,0.5,0.52283,0.5,0.5,0.51915
preset=full,0,t4_r011,outsider,1,paraphrase,0.5,0.5,0.50242,0.5,0.5,0.49691
preset=full,0,t4_r011,outsider,1,comparative,0.5,0.5,0.48945,0.5,0.5,0.49947
preset=full,0,t4_r011,outsider,1,timing_only,0.5,0.5,0.48517,0.5,0.5,0.48487
preset=full,0,t4_r011,insider,0,direct,0.5,0.5,0.50004,0.5,0.5,0.49775
preset=full,0,t4_r011,insider,0,paraphrase,0.5,0.5,0.50149,0.5,0.5,0.50623
preset=full,0,t4_r011,insider,0,comparative,0.5,0.5,0.49822,0.5,0.5,0.48712
preset=full,0,t4_r011,insider,0,timing_only,0.5,0.5,0.54653,0.5,0.5,0.54204
preset=full,0,t4_r011,outsider,0,direct,0.5,0.5,0.52283,0.5,0.5,0.51915
preset=full,0,t4_r011,outsider,0,paraphrase,0.5,0.5,0.50242,0.5,0.5,0.49691
preset=full,0,t4_r011,outsider,0,comparative,0.5,0.5,0.49822,0.5,0.5,0.49787
preset=full,0,t4_r011,outsider,0,timing_only,0.5,0.5,0.48517,0.5,0.5,0.48487
preset=full,0,t4_r008,insider,1,direct,0.5,0.5,0.50004,0.5,0.5,0.49775
preset=full,0,t4_r008,insider,1,paraphrase,0.5,0.5,0.50242,0.5,0.5,0.49691
preset=full,0,t4_r008,insider,1,comparative,0.5,0.5,0.49066,0.5,0.5,0.49691
preset=full,0,t4_r008,insider,1,timing_only,0.5,0.5,0.48517,0.5,0.5,0.48343
preset=full,0,t4_r008,outsider,1,direct,0.5,0.5,0.50004,0.5,0.5,0.49775
preset=full,0,t4_r008,outsider,1,paraphrase,0.5,0.5,0.50242,0.5,0.5,0.49691
preset=full,0,t4_r008,outsider,1,comparative,0.5,0.5,0.49066,0.5,0.5,0.49691
preset=full,0,t4_r008,outsider,1,timing_only,0.5,0.5,0.46518,0.5,0.5,0.49865
preset=full,0,t4_r008,insider,0,direct,0.5,0.5,0.50004,0.5,0.5,0.49775
preset=full,0,t4_r008,insider,0,paraphrase,0.5,0.5,0.50242,0.5,0.5,0.49691
preset=full,0,t4_r008,insider,0,comparative,0.5,0.5,0.49066,0.5,0.5,0.49691
preset=full,0,t4_r008,insider,0,timing_only,0.5,0.5,0.48517,0.5,0.5,0.48343
preset=full,0,t4_r008,outsider,0,direct,0.5,0.5,0.50004,0.5,0.5,0.49775
preset=full,0,t4_r008,outsider,0,paraphrase,0.5,0.5,0.50242,0.5,0.5,0.49691
preset=full,0,t4_r008,outsider,0,comparative,0.5,0.5,0.49066,0.5,0.5,0.49691
preset=full,0,t4_r008,outsider,0,timing_only,0.5,0.5,0.46518,0.5,0.5,0.49865
preset=full,0,t4_r009,insider,1,direct,0.5,0.5,0.50004,0.5,0.5,0.49775
preset=full,0,t4_r009,insider,1,paraphrase,0.5,0.5,0.50242,0.5,0.5,0.49691
preset=full,0,t4_r009,insider,1,comparative,0.5,0.5,0.49066,0.5,0.5,0.49691
preset=full,0,t4_r009,insider,1,timing_only,0.5,0.5,0.48517,0.5,0.5,0.48487
preset=full,0,t4_r009,outsider,1,direct,0.5,0.5,0.50004,0.5,0.5,0.49775
preset=full,0,t4_r009,outsider,1,paraphrase,0.5,0.5,0.50149,0.5,0.5,0.50623
preset=full,0,t4_r009,outsider,1,comparative,0.5,0.5,0.44459,0.5,0.5,0.47065
preset=full,0,t4_r009,outsider,1,timing_only,0.5,0.5,0.48517,0.5,0.5,0.48042
preset=full,0,t4_r009,insider,0,direct,0.5,0.5,0.50004,0.5,0.5,0.49775
preset=full,0,t4_r009,insider,0,paraphrase,0.5,0.5,0.50242,0.5,0.5,0.49691
preset=full,0,t4_r009,insider,0,comparative,0.5,0.5,0.49066,0.5,0.5,0.49691
preset=full,0,t4_r009,insider,0,timing_only,0.5,0.5,0.48517,0.5,0.5,0.48487
preset=full,0,t4_r009,outsider,0,direct,0.5,0.5,0.50004,0.5,0.5,0.49775
preset=full,0,t4_r009,outsider,0,paraphrase,0.5,0.5,0.50149,0.5,0.5,0.50623
preset=full,0,t4_r009,outsider,0,comparative,0.5,0.5,0.44459,0.5,0.5,0.47065
preset=full,0,t4_r009,outsider,0,timing_only,0.5,0.5,0.48517,0.5,0.5,0.48042
preset=full,0,t5_r013,insider,1,direct,0.5,0.5,0.50004,0.5,0.5,0.49775
preset=full,0,t5_r013,insider,1,paraphrase,0.5,0.5,0.50242,0.5,0.5,0.49691
preset=full,0,t5_r013,insider,1,comparative,0.5,0.5,0.49066,0.5,0.5,0.49691
preset=full,0,t5_r013,insider,1,timing_only,0.5,0.5,0.48517,0.5,0.5,0.48487
preset=full,0,t5_r013,outsider,1,direct,0.5,0.5,0.48526,0.5,0.5,0.48607
preset=full,0,t5_r013,outsider,1,paraphrase,0.5,0.5,0.48893,0.5,0.5,0.48751
preset=full,0,t5_r013,outsider,1,comparative,0.5,0.5,0.49066,0.5,0.5,0.49691
preset=full,0,t5_r013,outsider,1,timing_only,0.5,0.5,0.48517,0.5,0.5,0.49697
preset=full,0,t5_r013,insider,0,direct,0.5,0.5,0.50004,0.5,0.5,0.49775
preset=full,0,t5_r013,insider,0,paraphrase,0.5,0.5,0.50242,0.5,0.5,0.49691
preset=full,0,t5_r013,insider,0,comparative,0.5,0.5,0.49066,0.5,0.5,0.49691
preset=full,0,t5_r013,insider,0,timing_only,0.5,0.5,0.48517,0.5,0.5,0.48487
preset=full,0,t5_r013,outsider,0,direct,0.5,0.5,0.48526,0.5,0.5,0.48607
preset=full,0,t5_r013,outsider,0,paraphrase,0.5,0.5,0.48893,0.5,0.5,0.48751
preset=full,0,t5_r013,outsider,0,comparative,0.5,0.5,0.49066,0.5,0.5,0.49691
preset=full,0,t5_r013,outsider,0,timing_only,0.5,0.5,0.48517,0.5,0.5,0.49697
preset=full,0,t5_r018,insider,1,direct,0.5,0.5,0.50004,0.5,0.5,0.49775
preset=full,0,t5_r018,insider,1,paraphrase,0.5,0.5,0.50242,0.5,0.5,0.49691
preset=full,0,t5_r018,insider,1,comparative,0.5,0.5,0.51507,0.5,0.5,0.50236
preset=full,0,t5_r018,insider,1,timing_only,0.5,0.5,0.48517,0.5,0.5,0.48487
preset=full,0,t5_r018,outsider,1,direct,0.5,0.5,0.50004,0.5,0.5,0.49775
preset=full,0,t5_r018,outsider,1,paraphrase,0.5,0.5,0.50242,0.5,0.5,0.49691
preset=full,0,t5_r018,outsider,1,comparative,0.5,0.5,0.49066,0.5,0.5,0.49691
preset=full,0,t5_r018,outsider,1,timing_only,0.5,0.5,0.56088,0.5,0.5,0.50994
preset=full,0,t5_r018,insider,0,direct,0.5,0.5,0.50004,0.5,0.5,0.49775
preset=full,0,t5_r018,insider,0,paraphrase,0.5,0.5,0.50242,0.5,0.5,0.49691
preset=full,0,t5_r018,insider,0,comparative,0.5,0.5,0.51507,0.5,0.5,0.50236
preset=full,0,t5_r018,insider,0,timing_only,0.5,0.5,0.48517,0.5,0.5,0.48487
preset=full,0,t5_r018,outsider,0,direct,0.5,0.5,0.50004,0.5,0.5,0.49775
preset=full,0,t5_r018,outsider,0,paraphrase,0.5,0.5,0.50242,0.5,0.5,0.49691
preset=full,0,t5_r018,outsider,0,comparative,0.5,0.5,0.49066,0.5,0.5,0.49691
preset=full,0,t5_r018,outsider,0,timing_only,0.5,0.5,0.56088,0.5,0.5,0.50994
preset=full,0,t5_r006,insider,1,direct,0.5,0.5,0.48526,0.5,0.5,0.48607
preset=full,0,t5_r006,insider,1,paraphrase,0.5,0.5,0.48893,0.5,0.5,0.48751
preset=full,0,t5_r006,insider,1,comparative,0.5,0.5,0.49066,0.5,0.5,0.49691
preset=full,0,t5_r006,insider,1,timing_only,0.5,0.5,0.48517,0.5,0.5,0.49697
preset=full,0,t5_r006,outsider,1,direct,0.5,0.5,0.50004,0.5,0.5,0.49775
preset=full,0,t5_r006,outsider,1,paraphrase,0.5,0.5,0.50242,0.5,0.5,0.49691
preset=full,0,t5_r006,outsider,1,comparative,0.5,0.5,0.51507,0.5,0.5,0.51836
preset=full,0,t5_r006,outsider,1,timing_only,0.5,0.5,0.46518,0.5,0.5,0.48036
preset=full,0,t5_r006,insider,0,direct,0.5,0.5,0.48526,0.5,0.5,0.48607
preset=full,0,t5_r006,insider,0,paraphrase,0.5,0.5,0.48893,0.5,0.5,0.48751
preset=full,0,t5_r006,insider,0,comparative,0.5,0.5,0.49066,0.5,0.5,0.49691
preset=full,0,t5_r006,insider,0,timing_only,0.5,0.5,0.49933,0.5,0.5,0.49195
preset=full,0,t5_r006,outsider,0,direct,0.5,0.5,0.50004,0.5,0.5,0.49775
preset=full,0,t5_r006,outsider,0,paraphrase,0.5,0.5,0.50242,0.5,0.5,0.49691
preset=full,0,t5_r006,outsider,0,comparative,0.5,0.5,0.51507,0.5,0.5,0.51836
preset=full,0,t5_r006,outsider,0,timing_only,0.5,0.5,0.46518,0.5,0.5,0.48036
preset=full,0,t5_r016,insider,1,direct,0.5,0.5,0.50004,0.5,0.5,0.49775
preset=full,0,t5_r016,insider,1,paraphrase,0.5,0.5,0.50242,0.5,0.5,0.49691
preset=full,0,t5_r016,insider,1,comparative,0.5,0.5,0.51507,0.5,0.5,0.50236
preset=full,0,t5_r016,insider,1,timing_only,0.5,0.5,0.48517,0.5,0.5,0.48487
preset=full,0,t5_r016,outsider,1,direct,0.5,0.5,0.50004,0.5,0.5,0.48757
preset=full,0,t5_r016,outsider,1,paraphrase,0.5,0.5,0.49829,0.5,0.5,0.49625
preset=full,0,t5_r016,outsider,1,comparative,0.5,0.5,0.51507,0.5,0.5,0.51836
preset=full,0,t5_r016,outsider,1,timing_only,0.5,0.5,0.49933,0.5,0.5,0.47606
preset=full,0,t5_r016,insider,0,direct,0.5,0.5,0.50004,0.5,0.5,0.49775
preset=full,0,t5_r016,insider,0,paraphrase,0.5,0.5,0.50242,0.5,0.5,0.49691
preset=full,0,t5_r016,insider,0,comparative,0.5,0.5,0.51507,0.5,0.5,0.50236
preset=full,0,t5_r016,insider,0,timing_only,0.5,0.5,0.48517,0.5,0.5,0.48487
preset=full,0,t5_r016,outsider,0,direct,0.5,0.5,0.50004,0.5,0.5,0.48757
preset=full,0,t5_r016,outsider,0,paraphrase,0.5,0.5,0.49829,0.5,0.5,0.49625
preset=full,0,t5_r016,outsider,0,comparative,0.5,0.5,0.51507,0.5,0.5,0.51836
preset=full,0,t5_r016,outsider,0,timing_only,0.5,0.5,0.49933,0.5,0.5,0.47606
preset=full,0,t5_r014,insider,1,direct,0.5,0.5,0.50004,0.5,0.5,0.48757
preset=full,0,t5_r014,insider,1,paraphrase,0.5,0.5,0.48893,0.5,0.5,0.49507
preset=full,0,t5_r014,insider,1,comparative,0.5,0.5,0.49066,0.5,0.5,0.49691
preset=full,0,t5_r014,insider,1,timing_only,0.5,0.5,0.51123,0.5,0.5,0.41769
preset=full,0,t5_r014,outsider,1,direct,0.5,0.5,0.50004,0.5,0.5,0.49775
preset=full,0,t5_r014,outsider,1,paraphrase,0.5,0.5,0.50242,0.5,0.5,0.4916
preset=full,0,t5_r014,outsider,1,comparative,0.5,0.5,0.49066,0.5,0.5,0.49691
preset=full,0,t5_r014,outsider,1,timing_only,0.5,0.5,0.46518,0.5,0.5,0.49865
preset=full,0,t5_r014,insider,0,direct,0.5,0.5,0.50004,0.5,0.5,0.48757
preset=full,0,t5_r014,insider,0,paraphrase,0.5,0.5,0.48893,0.5,0.5,0.49507
preset=full,0,t5_r014,insider,0,comparative,0.5,0.5,0.49066,0.5,0.5,0.49691
preset=full,0,t5_r014,insider,0,timing_only,0.5,0.5,0.51123,0.5,0.5,0.41769
preset=full,0,t5_r014,outsider,0,direct,0.5,0.5,0.50004,0.5,0.5,0.49775
preset=full,0,t5_r014,outsider,0,paraphrase,0.5,0.5,0.50242,0.5,0.5,0.4916
preset=full,0,t5_r014,outsider,0,comparative,0.5,0.5,0.49066,0.5,0.5,0.49691
preset=full,0,t5_r014,outsider,0,timing_only,0.5,0.5,0.46518,0.5,0.5,0.49865
preset=full,0,t5_r008,insider,1,direct,0.5,0.5,0.48526,0.5,0.5,0.48607
preset=full,0,t5_r008,insider,1,paraphrase,0.5,0.5,0.48893,0.5,0.5,0.48751
preset=full,0,t5_r008,insider,1,comparative,0.5,0.5,0.49822,0.5,0.5,0.31139
preset=full,0,t5_r008,insider,1,timing_only,0.5,0.5,0.48517,0.5,0.5,0.49697
preset=full,0,t5_r008,outsider,1,direct,0.5,0.5,0.48526,0.5,0.5,0.48607
preset=full,0,t5_r008,outsider,1,paraphrase,0.5,0.5,0.50242,0.5,0.5,0.49691
preset=full,0,t5_r008,outsider,1,comparative,0.5,0.5,0.49066,0.5,0.5,0.49691
preset=full,0,t5_r008,outsider,1,timing_only,0.5,0.5,0.48517,0.5,0.5,0.48487
preset=full,0,t5_r008,insider,0,direct,0.5,0.5,0.48526,0.5,0.5,0.48607
preset=full,0,t5_r008,insider,0,paraphrase,0.5,0.5,0.48893,0.5,0.5,0.48751
preset=full,0,t5_r008,insider,0,comparative,0.5,0.5,0.49822,0.5,0.5,0.31139
preset=full,0,t5_r008,insider,0,timing_only,0.5,0.5,0.48517,0.5,0.5,0.49697
preset=full,0,t5_r008,outsider,0,direct,0.5,0.5,0.48526,0.5,0.5,0.48607
preset=full,0,t5_r008,outsider,0,paraphrase,0.5,0.5,0.50242,0.5,0.5,0.49691
preset=full,0,t5_r008,outsider,0,comparative,0.5,0.5,0.49066,0.5,0.5,0.49691
preset=full,0,t5_r008,outsider,0,timing_only,0.5,0.5,0.48517,0.5,0.5,0.48487
preset=full,0,t5_r017,insider,1,direct,0.5,0.5,0.48526,0.5,0.5,0.48607
preset=full,0,t5_r017,insider,1,paraphrase,0.5,0.5,0.50242,0.5,0.5,0.49691
preset=full,0,t5_r017,insider,1,comparative,0.5,0.5,0.48945,0.5,0.5,0.50232
preset=full,0,t5_r017,insider,1,timing_only,0.5,0.5,0.48517,0.5,0.5,0.48487
preset=full,0,t5_r017,outsider,1,direct,0.5,0.5,0.52283,0.5,0.5,0.51781
preset=full,0,t5_r017,outsider,1,paraphrase,0.5,0.5,0.50242,0.5,0.5,0.4916
preset=full,0,t5_r017,outsider,1,comparative,0.5,0.5,0.51507,0.5,0.5,0.52194
preset=full,0,t5_r017,outsider,1,timing_only,0.5,0.5,0.46518,0.5,0.5,0.4914
preset=full,0,t5_r017,insider,0,direct,0.5,0.5,0.48526,0.5,0.5,0.48607
preset=full,0,t5_r017,insider,0,paraphrase,0.5,0.5,0.50242,0.5,0.5,0.49691
preset=full,0,t5_r017,insider,0,comparative,0.5,0.5,0.48945,0.5,0.5,0.50232
preset=full,0,t5_r017,insider,0,timing_only,0.5,0.5,0.48517,0.5,0.5,0.48487
preset=full,0,t5_r017,outsider,0,direct,0.5,0.5,0.52283,0.5,0.5,0.51781
preset=full,0,t5_r017,outsider,0,paraphrase,0.5,0.5,0.50242,0.5,0.5,0.4916
preset=full,0,t5_r017,outsider,0,comparative,0.5,0.5,0.49066,0.5,0.5,0.4916
preset=full,0,t5_r017,outsider,0,timing_only,0.5,0.5,0.46518,0.5,0.5,0.4914
preset=full,0,t5_r000,insider,1,direct,0.5,0.5,0.50004,0.5,0.5,0.49775
preset=full,0,t5_r000,insider,1,paraphrase,0.5,0.5,0.49829,0.5,0.5,0.51065
preset=full,0,t5_r000,insider,1,comparative,0.5,0.5,0.51507,0.5,0.5,0.51836
preset=full,0,t5_r000,insider,1,timing_only,0.5,0.5,0.49933,0.5,0.5,0.07612
preset=full,0,t5_r000,outsider,1,direct,0.5,0.5,0.50004,0.5,0.5,0.49775
preset=full,0,t5_r000,outsider,1,paraphrase,0.5,0.5,0.50242,0.5,0.5,0.49691
preset=full,0,t5_r000,outsider,1,comparative,0.5,0.5,0.49066,0.5,0.5,0.49691
preset=full,0,t5_r000,outsider,1,timing_only,0.5,0.5,0.46518,0.5,0.5,0.49865
preset=full,0,t5_r000,insider,0,direct,0.5,0.5,0.50004,0.5,0.5,0.49775
preset=full,0,t5_r000,insider,0,paraphrase,0.5,0.5,0.49829,0.5,0.5,0.51065
preset=full,0,t5_r000,insider,0,comparative,0.5,0.5,0.51507,0.5,0.5,0.51836
preset=full,0,t5_r000,insider,0,timing_only,0.5,0.5,0.49933,0.5,0.5,0.07612
preset=full,0,t5_r000,outsider,0,direct,0.5,0.5,0.50004,0.5,0.5,0.49775
preset=full,0,t5_r000,outsider,0,paraphrase,0.5,0.5,0.50242,0.5,0.5,0.49691
preset=full,0,t5_r000,outsider,0,comparative,0.5,0.5,0.49066,0.5,0.5,0.49691
preset=full,0,t5_r000,outsider,0,timing_only,0.5,0.5,0.46518,0.5,0.5,0.49865
preset=full,1,t4_r015,insider,1,direct,0.5,0.5,0.50004,0.5,0.5,0.49775
preset=full,1,t4_r015,insider,1,paraphrase,0.5,0.5,0.50242,0.5,0.5,0.49691
preset=full,1,t4_r015,insider,1,comparative,0.5,0.5,0.49066,0.5,0.5,0.49691
preset=full,1,t4_r015,insider,1,timing_only,0.5,0.5,0.46518,0.5,0.5,0.48636
preset=full,1,t4_r015,outsider,1,direct,0.5,0.5,0.50004,0.5,0.5,0.49775
preset=full,1,t4_r015,outsider,1,paraphrase,0.5,0.5,0.50242,0.5,0.5,0.49691
preset=full,1,t4_r015,outsider,1,comparative,0.5,0.5,0.49066,0.5,0.5,0.49691
preset=full,1,t4_r015,outsider,1,timing_only,0.5,0.5,0.56088,0.5,0.5,0.51618
preset=full,1,t4_r015,insider,0,direct,0.5,0.5,0.50004,0.5,0.5,0.49775
preset=full,1,t4_r015,insider,0,paraphrase,0.5,0.5,0.50242,0.5,0.5,0.49691
preset=full,1,t4_r015,insider,0,comparative,0.5,0.5,0.49066,0.5,0.5,0.49691
preset=full,1,t4_r015,insider,0,timing_only,0.5,0.5,0.46518,0.5,0.5,0.48636
preset=full,1,t4_r015,outsider,0,direct,0.5,0.5,0.50004,0.5,0.5,0.49775
preset=full,1,t4_r015,outsider,0,paraphrase,0.5,0.5,0.50242,0.5,0.5,0.49691
preset=full,1,t4_r015,outsider,0,comparative,0.5,0.5,0.49066,0.5,0.5,0.49691
preset=full,1,t4_r015,outsider,0,timing_only,0.5,0.5,0.56088,0.5,0.5,0.51618
preset=full,1,t4_r000,insider,1,direct,0.5,0.5,0.48526,0.5,0.5,0.48607
preset=full,1,t4_r000,insider,1,paraphrase,0.5,0.5,0.48893,0.5,0.5,0.48751
preset=full,1,t4_r000,insider,1,comparative,0.5,0.5,0.49066,0.5,0.5,0.49691
preset=full,1,t4_r000,insider,1,timing_only,0.5,0.5,0.48517,0.5,0.5,0.49697
preset=full,1,t4_r000,outsider,1,direct,0.5,0.5,0.50004,0.5,0.5,0.49775
preset=full,1,t4_r000,outsider,1,paraphrase,0.5,0.5,0.48893,0.5,0.5,0.48751
preset=full,1,t4_r000,outsider,1,comparative,0.5,0.5,0.49066,0.5,0.5,0.49691
preset=full,1,t4_r000,outsider,1,timing_only,0.5,0.5,0.48517,0.5,0.5,0.49697
preset=full,1,t4_r000,insider,0,direct,0.5,0.5,0.48526,0.5,0.5,0.48607
preset=full,1,t4_r000,insider,0,paraphrase,0.5,0.5,0.48893,0.5,0.5,0.48751
preset=full,1,t4_r000,insider,0,comparative,0.5,0.5,0.49066,0.5,0.5,0.49691
preset=full,1,t4_r000,insider,0,timing_only,0.5,0.5,0.48517,0.5,0.5,0.49697
preset=full,1,t4_r000,outsider,0,direct,0.5,0.5,0.50004,0.5,0.5,0.49775
preset=full,1,t4_r000,outsider,0,paraphrase,0.5,0.5,0.48893,0.5,0.5,0.48751
preset=full,1,t4_r000,outsider,0,comparative,0.5,0.5,0.49066,0.5,0.5,0.49691
preset=full,1,t4_r000,outsider,0,timing_only,0.5,0.5,0.48517,0.5,0.5,0.49697
preset=full,1,t4_r007,insider,1,direct,0.5,0.5,0.48526,0.5,0.5,0.48607
preset=full,1,t4_r007,insider,1,paraphrase,0.5,0.5,0.48893,0.5,0.5,0.48751
preset=full,1,t4_r007,insider,1,comparative,0.5,0.5,0.49066,0.5,0.5,0.49691
preset=full,1,t4_r007,insider,1,timing_only,0.5,0.5,0.48517,0.5,0.5,0.49697
preset=full,1,t4_r007,outsider,1,direct,0.5,0.5,0.48526,0.5,0.5,0.48607
preset=full,1,t4_r007,outsider,1,paraphrase,0.5,0.5,0.49802,0.5,0.5,0.49766
preset=full,1,t4_r007,outsider,1,comparative,0.5,0.5,0.49822,0.5,0.5,0.50896
preset=full,1,t4_r007,outsider,1,timing_only,0.5,0.5,0.46518,0.5,0.5,0.52073
preset=full,1,t4_r007,insider,0,direct,0.5,0.5,0.48526,0.5,0.5,0.48607
preset=full,1,t4_r007,insider,0,paraphrase,0.5,0.5,0.48893,0.5,0.5,0.48751
preset=full,1,t4_r007,insider,0,comparative,0.5,0.5,0.49066,0.5,0.5,0.49691
preset=full,1,t4_r007,insider,0,timing_only,0.5,0.5,0.48517,0.5,0.5,0.49697
preset=full,1,t4_r007,outsider,0,direct,0.5,0.5,0.48526,0.5,0.5,0.48607
preset=full,1,t4_r007,outsider,0,paraphrase,0.5,0.5,0.49802,0.5,0.5,0.49766
preset=full,1,t4_r007,outsider,0,comparative,0.5,0.5,0.49822,0.5,0.5,0.50896
preset=full,1,t4_r007,outsider,0,timing_only,0.5,0.5,0.46518,0.5,0.5,0.52073
preset=full,1,t4_r003,insider,1,direct,0.5,0.5,0.52283,0.5,0.5,0.51781
preset=full,1,t4_r003,insider,1,paraphrase,0.5,0.5,0.50242,0.5,0.5,0.4916
preset=full,1,t4_r003,insider,1,comparative,0.5,0.5,0.48945,0.5,0.5,0.52619
preset=full,1,t4_r003,insider,1,timing_only,0.5,0.5,0.48517,0.5,0.5,0.48287
preset=full,1,t4_r003,outsider,1,direct,0.5,0.5,0.50004,0.5,0.5,0.49775
preset=full,1,t4_r003,outsider,1,paraphrase,0.5,0.5,0.50242,0.5,0.5,0.49691
preset=full,1,t4_r003,outsider,1,comparative,0.5,0.5,0.48945,0.5,0.5,0.50079
preset=full,1,t4_r003,outsider,1,timing_only,0.5,0.5,0.48517,0.5,0.5,0.48487
preset=full,1,t4_r003,insider,0,direct,0.5,0.5,0.52283,0.5,0.5,0.51781
preset=full,1,t4_r003,insider,0,paraphrase,0.5,0.5,0.50242,0.5,0.5,0.4916
preset=full,1,t4_r003,insider,0,comparative,0.5,0.5,0.48945,0.5,0.5,0.52619
preset=full,1,t4_r003,insider,0,timing_only,0.5,0.5,0.48517,0.5,0.5,0.48287
preset=full,1,t4_r003,outsider,0,direct,0.5,0.5,0.50004,0.5,0.5,0.49775
preset=full,1,t4_r003,outsider,0,paraphrase,0.5,0.5,0.50242,0.5,0.5,0.49691
preset=full,1,t4_r003,outsider,0,comparative,0.5,0.5,0.48945,0.5,0.5,0.50079
preset=full,1,t4_r003,outsider,0,timing_only,0.5,0.5,0.48517,0.5,0.5,0.48487
preset=full,1,t4_r001,insider,1,direct,0.5,0.5,0.48526,0.5,0.5,0.48607
preset=full,1,t4_r001,insider,1,paraphrase,0.5,0.5,0.50242,0.5,0.5,0.49691
preset=full,1,t4_r001,insider,1,comparative,0.5,0.5,0.52287,0.5,0.5,0.52136
preset=full,1,t4_r001,insider,1,timing_only,0.5,0.5,0.54653,0.5,0.5,0.54204
preset=full,1,t4_r001,outsider,1,direct,0.5,0.5,0.50004,0.5,0.5,0.49775
preset=full,1,t4_r001,outsider,1,paraphrase,0.5,0.5,0.50242,0.5,0.5,0.49691
preset=full,1,t4_r001,outsider,1,comparative,0.5,0.5,0.51507,0.5,0.5,0.51836
preset=full,1,t4_r001,outsider,1,timing_only,0.5,0.5,0.56088,0.5,0.5,0.51618
preset=full,1,t4_r001,insider,0,direct,0.5,0.5,0.48526,0.5,0.5,0.48607
preset=full,1,t4_r001,insider,0,paraphrase,0.5,0.5,0.50242,0.5,0.5,0.49691
preset=full,1,t4_r001,insider,0,comparative,0.5,0.5,0.52287,0.5,0.5,0.52136
preset=full,1,t4_r001,insider,0,timing_only,0.5,0.5,0.54653,0.5,0.5,0.54204
preset=full,1,t4_r001,outsider,0,direct,0.5,0.5,0.50004,0.5,0.5,0.49775
preset=full,1,t4_r001,outsider,0,paraphrase,0.5,0.5,0.50242,0.5,0.5,0.49691
preset=full,1,t4_r001,outsider,0,comparative,0.5,0.5,0.51507,0.5,0.5,0.51836
preset=full,1,t4_r001,outsider,0,timing_only,0.5,0.5,0.56088,0.5,0.5,0.51618
preset=full,1,t4_r017,insider,1,direct,0.5,0.5,0.50004,0.5,0.5,0.49775
preset=full,1,t4_r017,insider,1,paraphrase,0.5,0.5,0.49802,0.5,0.5,0.48943
preset=full,1,t4_r017,insider,1,comparative,0.5,0.5,0.51507,0.5,0.5,0.51836
preset=full,1,t4_r017,insider,1,timing_only,0.5,0.5,0.49933,0.5,0.5,0.48863
preset=full,1,t4_r017,outsider,1,direct,0.5,0.5,0.48526,0.5,0.5,0.48607
preset=full,1,t4_r017,outsider,1,paraphrase,0.5,0.5,0.50242,0.5,0.5,0.49691
preset=full,1,t4_r017,outsider,1,comparative,0.5,0.5,0.44459,0.5,0.5,0.18952
preset=full,1,t4_r017,outsider,1,timing_only,0.5,0.5,0.54653,0.5,0.5,0.54204
preset=full,1,t4_r017,insider,0,direct,0.5,0.5,0.50004,0.5,0.5,0.49775
preset=full,1,t4_r017,insider,0,paraphrase,0.5,0.5,0.49802,0.5,0.5,0.48943
preset=full,1,t4_r017,insider,0,comparative,0.5,0.5,0.51507,0.5,0.5,0.51836
preset=full,1,t4_r017,insider,0,timing_only,0.5,0.5,0.49933,0.5,0.5,0.48863
preset=full,1,t4_r017,outsider,0,direct,0.5,0.5,0.48526,0.5,0.5,0.48607
preset=full,1,t4_r017,outsider,0,paraphrase,0.5,0.5,0.50242,0.5,0.5,0.49691
preset=full,1,t4_r017,outsider,0,comparative,0.5,0.5,0.44459,0.5,0.5,0.18952
preset=full,1,t4_r017,outsider,0,timing_only,0.5,0.5,0.48517,0.5,0.5,0.48487
preset=full,1,t4_r021,insider,1,direct,0.5,0.5,0.50004,0.5,0.5,0.49775
preset=full,1,t4_r021,insider,1,paraphrase,0.5,0.5,0.50149,0.5,0.5,0.50623
preset=full,1,t4_r021,insider,1,comparative,0.5,0.5,0.48945,0.5,0.5,0.50611
preset=full,1,t4_r021,insider,1,timing_only,0.5,0.5,0.54653,0.5,0.5,0.54204
preset=full,1,t4_r021,outsider,1,direct,0.5,0.5,0.50004,0.5,0.5,0.49775
preset=full,1,t4_r021,outsider,1,paraphrase,0.5,0.5,0.50242,0.5,0.5,0.49691
preset=full,1,t4_r021,outsider,1,comparative,0.5,0.5,0.49066,0.5,0.5,0.49691
preset=full,1,t4_r021,outsider,1,timing_only,0.5,0.5,0.48517,0.5,0.5,0.49697
preset=full,1,t4_r021,insider,0,direct,0.5,0.5,0.50004,0.5,0.5,0.49775
preset=full,1,t4_r021,insider,0,paraphrase,0.5,0.5,0.50149,0.5,0.5,0.50623
preset=full,1,t4_r021,insider,0,comparative,0.5,0.5,0.48945,0.5,0.5,0.50611
preset=full,1,t4_r021,insider,0,timing_only,0.5,0.5,0.54653,0.5,0.5,0.54204
preset=full,1,t4_r021,outsider,0,direct,0.5,0.5,0.50004,0.5,0.5,0.49775
preset=full,1,t4_r021,outsider,0,paraphrase,0.5,0.5,0.50242,0.5,0.5,0.49691
preset=full,1,t4_r021,outsider,0,comparative,0.5,0.5,0.49066,0.5,0.5,0.49691
preset=full,1,t4_r021,outsider,0,timing_only,0.5,0.5,0.48517,0.5,0.5,0.49697
preset=full,1,t4_r023,insider,1,direct,0.5,0.5,0.52283,0.5,0.5,0.51915
preset=full,1,t4_r023,insider,1,paraphrase,0.5,0.5,0.50149,0.5,0.5,0.50623
preset=full,1,t4_r023,insider,1,comparative,0.5,0.5,0.51507,0.5,0.5,0.51836
preset=full,1,t4_r023,insider,1,timing_only,0.5,0.5,0.56088,0.5,0.5,0.51376
preset=full,1,t4_r023,outsider,1,direct,0.5,0.5,0.50004,0.5,0.5,0.49775
preset=full,1,t4_r023,outsider,1,paraphrase,0.5,0.5,0.50242,0.5,0.5,0.49262
preset=full,1,t4_r023,outsider,1,comparative,0.5,0.5,0.49066,0.5,0.5,0.49262
preset=full,1,t4_r023,outsider,1,timing_only,0.5,0.5,0.49933,0.5,0.5,0.48846
preset=full,1,t4_r023,insider,0,direct,0.5,0.5,0.52283,0.5,0.5,0.51915
preset=full,1,t4_r023,insider,0,paraphrase,0.5,0.5,0.50149,0.5,0.5,0.50623
preset=full,1,t4_r023,insider,0,comparative,0.5,0.5,0.49066,0.5,0.5,0.49691
preset=full,1,t4_r023,insider,0,timing_only,0.5,0.5,0.56088,0.5,0.5,0.51376
preset=full,1,t4_r023,outsider,0,direct,0.5,0.5,0.50004,0.5,0.5,0.49775
preset=full,1,t4_r023,outsider,0,paraphrase,0.5,0.5,0.50242,0.5,0.5,0.49262
preset=full,1,t4_r023,outsider,0,comparative,0.5,0.5,0.49066,0.5,0.5,0.49262
preset=full,1,t4_r023,outsider,0,timing_only,0.5,0.5,0.49933,0.5,0.5,0.48846
preset=full,1,t5_r024,insider,1,direct,0.5,0.5,0.50004,0.5,0.5,0.49775
preset=full,1,t5_r024,insider,1,paraphrase,0.5,0.5,0.50242,0.5,0.5,0.49691
preset=full,1,t5_r024,insider,1,comparative,0.5,0.5,0.52287,0.5,0.5,0.50481
preset=full,1,t5_r024,insider,1,timing_only,0.5,0.5,0.48517,0.5,0.5,0.48487
preset=full,1,t5_r024,outsider,1,direct,0.5,0.5,0.50004,0.5,0.5,0.49775
preset=full,1,t5_r024,outsider,1,paraphrase,0.5,0.5,0.50242,0.5,0.5,0.49691
preset=full,1,t5_r024,outsider,1,comparative,0.5,0.5,0.49066,0.5,0.5,0.49691
preset=full,1,t5_r024,outsider,1,timing_only,0.5,0.5,0.46518,0.5,0.5,0.49733
preset=full,1,t5_r024,insider,0,direct,0.5,0.5,0.50004,0.5,0.5,0.49775
preset=full,1,t5_r024,insider,0,paraphrase,0.5,0.5,0.50242,0.5,0.5,0.49691
preset=full,1,t5_r024,insider,0,comparative,0.5,0.5,0.52287,0.5,0.5,0.50481
preset=full,1,t5_r024,insider,0,timing_only,0.5,0.5,0.48517,0.5,0.5,0.48487
preset=full,1,t5_r024,outsider,0,direct,0.5,0.5,0.50004,0.5,0.5,0.49775
preset=full,1,t5_r024,outsider,0,paraphrase,0.5,0.5,0.50242,0.5,0.5,0.49691
preset=full,1,t5_r024,outsider,0,comparative,0.5,0.5,0.49066,0.5,0.5,0.49691
preset=full,1,t5_r024,outsider,0,timing_only,0.5,0.5,0.46518,0.5,0.5,0.49733
preset=full,1,t5_r015,insider,1,direct,0.5,0.5,0.50004,0.5,0.5,0.49775
preset=full,1,t5_r015,insider,1,paraphrase,0.5,0.5,0.50242,0.5,0.5,0.49691
preset=full,1,t5_r015,insider,1,comparative,0.5,0.5,0.51507,0.5,0.5,0.51836
preset=full,1,t5_r015,insider,1,timing_only,0.5,0.5,0.56088,0.5,0.5,0.53114
preset=full,1,t5_r015,outsider,1,direct,0.5,0.5,0.50004,0.5,0.5,0.49775
preset=full,1,t5_r015,outsider,1,paraphrase,0.5,0.5,0.50149,0.5,0.5,0.50623
preset=full,1,t5_r015,outsider,1,comparative,0.5,0.5,0.51507,0.5,0.5,0.51836
preset=full,1,t5_r015,outsider,1,timing_only,0.5,0.5,0.51123,0.5,0.5,0.51024
preset=full,1,t5_r015,insider,0,direct,0.5,0.5,0.50004,0.5,0.5,0.49775
preset=full,1,t5_r015,insider,0,paraphrase,0.5,0.5,0.50242,0.5,0.5,0.49691
preset=full,1,t5_r015,insider,0,comparative,0.5,0.5,0.51507,0.5,0.5,0.51836
preset=full,1,t5_r015,insider,0,timing_only,0.5,0.5,0.56088,0.5,0.5,0.53114
preset=full,1,t5_r015,outsider,0,direct,0.5,0.5,0.50004,0.5,0.5,0.49775
preset=full,1,t5_r015,outsider,0,paraphrase,0.5,0.5,0.50149,0.5,0.5,0.50623
preset=full,1,t5_r015,outsider,0,comparative,0.5,0.5,0.51507,0.5,0.5,0.51836
preset=full,1,t5_r015,outsider,0,timing_only,0.5,0.5,0.51123,0.5,0.5,0.51024
preset=full,1,t5_r022,insider,1,direct,0.5,0.5,0.48526,0.5,0.5,0.50066
preset=full,1,t5_r022,insider,1,paraphrase,0.5,0.5,0.50242,0.5,0.5,0.49691
preset=full,1,t5_r022,insider,1,comparative,0.5,0.5,0.51507,0.5,0.5,0.77284
preset=full,1,t5_r022,insider,1,timing_only,0.5,0.5,0.48517,0.5,0.5,0.48487
preset=full,1,t5_r022,outsider,1,direct,0.5,0.5,0.50004,0.5,0.5,0.49775
preset=full,1,t5_r022,outsider,1,paraphrase,0.5,0.5,0.50242,0.5,0.5,0.49691
preset=full,1,t5_r022,outsider,1,comparative,0.5,0.5,0.51507,0.5,0.5,0.51745
preset=full,1,t5_r022,outsider,1,timing_only,0.5,0.5,0.48517,0.5,0.5,0.48487
preset=full,1,t5_r022,insider,0,direct,0.5,0.5,0.48526,0.5,0.5,0.50066
preset=full,1,t5_r022,insider,0,paraphrase,0.5,0.5,0.50242,0.5,0.5,0.49691
preset=full,1,t5_r022,insider,0,comparative,0.5,0.5,0.51507,0.5,0.5,0.77284
preset=full,1,t5_r022,insider,0,timing_only,0.5,0.5,0.48517,0.5,0.5,0.48487
preset=full,1,t5_r022,outsider,0,direct,0.5,0.5,0.50004,0.5,0.5,0.49775
preset=full,1,t5_r022,outsider,0,paraphrase,0.5,0.5,0.50242,0.5,0.5,0.49691
preset=full,1,t5_r022,outsider,0,comparative,0.5,0.5,0.51507,0.5,0.5,0.51745
preset=full,1,t5_r022,outsider,0,timing_only,0.5,0.5,0.48517,0.5,0.5,0.48487
preset=full,1,t5_r001,insider,1,direct,0.5,0.5,0.48526,0.5,0.5,0.48607
preset=full,1,t5_r001,insider,1,paraphrase,0.5,0.5,0.50242,0.5,0.5,0.51118
preset=full,1,t5_r001,insider,1,comparative,0.5,0.5,0.49822,0.5,0.5,0.49787
preset=full,1,t5_r001,insider,1,timing_only,0.5,0.5,0.48517,0.5,0.5,0.49697
preset=full,1,t5_r001,outsider,1,direct,0.5,0.5,0.48526,0.5,0.5,0.48607
preset=full,1,t5_r001,outsider,1,paraphrase,0.5,0.5,0.50242,0.5,0.5,0.49691
preset=full,1,t5_r001,outsider,1,comparative,0.5,0.5,0.49066,0.5,0.5,0.49691
preset=full,1,t5_r001,outsider,1,timing_only,0.5,0.5,0.56088,0.5,0.5,0.51375
preset=full,1,t5_r001,insider,0,direct,0.5,0.5,0.48526,0.5,0.5,0.48607
preset=full,1,t5_r001,insider,0,paraphrase,0.5,0.5,0.50242,0.5,0.5,0.51118
preset=full,1,t5_r001,insider,0,comparative,0.5,0.5,0.49822,0.5,0.5,0.49787
preset=full,1,t5_r001,insider,0,timing_only,0.5,0.5,0.48517,0.5,0.5,0.49697
preset=full,1,t5_r001,outsider,0,direct,0.5,0.5,0.48526,0.5,0.5,0.48607
preset=full,1,t5_r001,outsider,0,paraphrase,0.5,0.5,0.50242,0.5,0.5,0.49691
preset=full,1,t5_r001,outsider,0,comparative,0.5,0.5,0.49066,0.5,0.5,0.49691
preset=full,1,t5_r001,outsider,0,timing_only,0.5,0.5,0.56088,0.5,0.5,0.51375
preset=full,1,t5_r006,insider,1,direct,0.5,0.5,0.50004,0.5,0.5,0.49775
preset=full,1,t5_r006,insider,1,paraphrase,0.5,0.5,0.50149,0.5,0.5,0.50623
preset=full,1,t5_r006,insider,1,comparative,0.5,0.5,0.52287,0.5,0.5,0.50802
preset=full,1,t5_r006,insider,1,timing_only,0.5,0.5,0.48517,0.5,0.5,0.48042
preset=full,1,t5_r006,outsider,1,direct,0.5,0.5,0.50004,0.5,0.5,0.49775
preset=full,1,t5_r006,outsider,1,paraphrase,0.5,0.5,0.50149,0.5,0.5,0.5049
preset=full,1,t5_r006,outsider,1,comparative,0.5,0.5,0.51507,0.5,0.5,0.50977
preset=full,1,t5_r006,outsider,1,timing_only,0.5,0.5,0.56088,0.5,0.5,0.53917
preset=full,1,t5_r006,insider,0,direct,0.5,0.5,0.50004,0.5,0.5,0.49775
preset=full,1,t5_r006,insider,0,paraphrase,0.5,0.5,0.50149,0.5,0.5,0.50623
preset=full,1,t5_r006,insider,0,comparative,0.5,0.5,0.52287,0.5,0.5,0.50802
preset=full,1,t5_r006,insider,0,timing_only,0.5,0.5,0.48517,0.5,0.5,0.48042
preset=full,1,t5_r006,outsider,0,direct,0.5,0.5,0.50004,0.5,0.5,0.49775
preset=full,1,t5_r006,outsider,0,paraphrase,0.5,0.5,0.50149,0.5,0.5,0.5049
preset=full,1,t5_r006,outsider,0,comparative,0.5,0.5,0.51507,0.5,0.5,0.50977
preset=full,1,t5_r006,outsider,0,timing_only,0.5,0.5,0.56088,0.5,0.5,0.53917
preset=full,1,t5_r014,insider,1,direct,0.5,0.5,0.50004,0.5,0.5,0.48757
preset=full,1,t5_r014,insider,1,paraphrase,0.5,0.5,0.48893,0.5,0.5,0.49507
preset=full,1,t5_r014,insider,1,comparative,0.5,0.5,0.48945,0.5,0.5,0.50232
preset=full,1,t5_r014,insider,1,timing_only,0.5,0.5,0.54653,0.5,0.5,0.54071
preset=full,1,t5_r014,outsider,1,direct,0.5,0.5,0.50004,0.5,0.5,0.49775
preset=full,1,t5_r014,outsider,1,paraphrase,0.5,0.5,0.50149,0.5,0.5,0.50623
preset=full,1,t5_r014,outsider,1,comparative,0.5,0.5,0.49066,0.5,0.5,0.49691
preset=full,1,t5_r014,outsider,1,timing_only,0.5,0.5,0.51123,0.5,0.5,0.52521
preset=full,1,t5_r014,insider,0,direct,0.5,0.5,0.50004,0.5,0.5,0.48757
preset=full,1,t5_r014,insider,0,paraphrase,0.5,0.5,0.48893,0.5,0.5,0.49507
preset=full,1,t5_r014,insider,0,comparative,0.5,0.5,0.48945,0.5,0.5,0.50232
preset=full,1,t5_r014,insider,0,timing_only,0.5,0.5,0.48517,0.5,0.5,0.48287
preset=full,1,t5_r014,outsider,0,direct,0.5,0.5,0.50004,0.5,0.5,0.49775
preset=full,1,t5_r014,outsider,0,paraphrase,0.5,0.5,0.50149,0.5,0.5,0.50623
preset=full,1,t5_r014,outsider,0,comparative,0.5,0.5,0.49066,0.5,0.5,0.49691
preset=full,1,t5_r014,outsider,0,timing_only,0.5,0.5,0.51123,0.5,0.5,0.52521
preset=full,1,t5_r028,insider,1,direct,0.5,0.5,0.50004,0.5,0.5,0.49775
preset=full,1,t5_r028,insider,1,paraphrase,0.5,0.5,0.50242,0.5,0.5,0.49691
preset=full,1,t5_r028,insider,1,comparative,0.5,0.5,0.51507,0.5,0.5,0.51836
preset=full,1,t5_r028,insider,1,timing_only,0.5,0.5,0.48517,0.5,0.5,0.48487
preset=full,1,t5_r028,outsider,1,direct,0.5,0.5,0.50004,0.5,0.5,0.49775
preset=full,1,t5_r028,outsider,1,paraphrase,0.5,0.5,0.50242,0.5,0.5,0.49405
preset=full,1,t5_r028,outsider,1,comparative,0.5,0.5,0.49066,0.5,0.5,0.4916
preset=full,1,t5_r028,outsider,1,timing_only,0.5,0.5,0.54653,0.5,0.5,0.5268
preset=full,1,t5_r028,insider,0,direct,0.5,0.5,0.50004,0.5,0.5,0.49775
preset=full,1,t5_r028,insider,0,paraphrase,0.5,0.5,0.50242,0.5,0.5,0.49691
preset=full,1,t5_r028,insider,0,comparative,0.5,0.5,0.51507,0.5,0.5,0.51836
preset=full,1,t5_r028,insider,0,timing_only,0.5,0.5,0.48517,0.5,0.5,0.48487
preset=full,1,t5_r028,outsider,0,direct,0.5,0.5,0.50004,0.5,0.5,0.49775
preset=full,1,t5_r028,outsider,0,paraphrase,0.5,0.5,0.50242,0.5,0.5,0.49405
preset=full,1,t5_r028,outsider,0,comparative,0.5,0.5,0.49066,0.5,0.5,0.4916
preset=full,1,t5_r028,outsider,0,timing_only,0.5,0.5,0.54653,0.5,0.5,0.5268
preset=full,1,t5_r019,insider,1,direct,0.5,0.5,0.48526,0.5,0.5,0.50066
preset=full,1,t5_r019,insider,1,paraphrase,0.5,0.5,0.50242,0.5,0.5,0.49691
preset=full,1,t5_r019,insider,1,comparative,0.5,0.5,0.48945,0.5,0.5,0.49851
preset=full,1,t5_r019,insider,1,timing_only,0.5,0.5,0.48517,0.5,0.5,0.48487
preset=full,1,t5_r019,outsider,1,direct,0.5,0.5,0.50004,0.5,0.5,0.49775
preset=full,1,t5_r019,outsider,1,paraphrase,0.5,0.5,0.50242,0.5,0.5,0.49691
preset=full,1,t5_r019,outsider,1,comparative,0.5,0.5,0.52287,0.5,0.5,0.49256
preset=full,1,t5_r019,outsider,1,timing_only,0.5,0.5,0.48517,0.5,0.5,0.48487
preset=full,1,t5_r019,insider,0,direct,0.5,0.5,0.48526,0.5,0.5,0.50066
preset=full,1,t5_r019,insider,0,paraphrase,0.5,0.5,0.50242,0.5,0.5,0.49691
preset=full,1,t5_r019,insider,0,comparative,0.5,0.5,0.48945,0.5,0.5,0.49851
preset=full,1,t5_r019,insider,0,timing_only,0.5,0.5,0.48517,0.5,0.5,0.48487
preset=full,1,t5_r019,outsider,0,direct,0.5,0.5,0.50004,0.5,0.5,0.49775
preset=full,1,t5_r019,outsider,0,paraphrase,0.5,0.5,0.50242,0.5,0.5,0.49691
preset=full,1,t5_r019,outsider,0,comparative,0.5,0.5,0.52287,0.5,0.5,0.49256
preset=full,1,t5_r019,outsider,0,timing_only,0.5,0.5,0.48517,0.5,0.5,0.48487
preset=full,2,t4_r005,insider,1,direct,0.5,0.5,0.50004,0.5,0.5,0.49775
preset=full,2,t4_r005,insider,1,paraphrase,0.5,0.5,0.50149,0.5,0.5,0.50623
preset=full,2,t4_r005,insider,1,comparative,0.5,0.5,0.48945,0.5,0.5,0.52619
preset=full,2,t4_r005,insider,1,timing_only,0.5,0.5,0.54653,0.5,0.5,0.54204
preset=full,2,t4_r005,outsider,1,direct,0.5,0.5,0.50004,0.5,0.5,0.49775
preset=full,2,t4_r005,outsider,1,paraphrase,0.5,0.5,0.50242,0.5,0.5,0.49691
preset=full,2,t4_r005,outsider,1,comparative,0.5,0.5,0.51507,0.5,0.5,0.51836
preset=full,2,t4_r005,outsider,1,timing_only,0.5,0.5,0.54653,0.5,0.5,0.54204
preset=full,2,t4_r005,insider,0,direct,0.5,0.5,0.50004,0.5,0.5,0.49775
preset=full,2,t4_r005,insider,0,paraphrase,0.5,0.5,0.50149,0.5,0.5,0.50623
preset=full,2,t4_r005,insider,0,comparative,0.5,0.5,0.48945,0.5,0.5,0.52619
preset=full,2,t4_r005,insider,0,timing_only,0.5,0.5,0.54653,0.5,0.5,0.54204
preset=full,2,t4_r005,outsider,0,direct,0.5,0.5,0.50004,0.5,0.5,0.49775
preset=full,2,t4_r005,outsider,0,paraphrase,0.5,0.5,0.50242,0.5,0.5,0.49691
preset=full,2,t4_r005,outsider,0,comparative,0.5,0.5,0.51507,0.5,0.5,0.51836
preset=full,2,t4_r005,outsider,0,timing_only,0.5,0.5,0.54653,0.5,0.5,0.54204
preset=full,2,t4_r025,insider,1,direct,0.5,0.5,0.50004,0.5,0.5,0.49775
preset=full,2,t4_r025,insider,1,paraphrase,0.5,0.5,0.50242,0.5,0.5,0.49691
preset=full,2,t4_r025,insider,1,comparative,0.5,0.5,0.49066,0.5,0.5,0.49691
preset=full,2,t4_r025,insider,1,timing_only,0.5,0.5,0.48517,0.5,0.5,0.48487
preset=full,2,t4_r025,outsider,1,direct,0.5,0.5,0.50004,0.5,0.5,0.49775
preset=full,2,t4_r025,outsider,1,paraphrase,0.5,0.5,0.50242,0.5,0.5,0.49691
preset=full,2,t4_r025,outsider,1,comparative,0.5,0.5,0.51507,0.5,0.5,0.51836
preset=full,2,t4_r025,outsider,1,timing_only,0.5,0.5,0.48517,0.5,0.5,0.48487
preset=full,2,t4_r025,insider,0,direct,0.5,0.5,0.50004,0.5,0.5,0.49775
preset=full,2,t4_r025,insider,0,paraphrase,0.5,0.5,0.50242,0.5,0.5,0.49691
preset=full,2,t4_r025,insider,0,comparative,0.5,0.5,0.49066,0.5,0.5,0.49691
preset=full,2,t4_r025,insider,0,timing_only,0.5,0.5,0.48517,0.5,0.5,0.48487
preset=full,2,t4_r025,outsider,0,direct,0.5,0.5,0.50004,0.5,0.5,0.49775
preset=full,2,t4_r025,outsider,0,paraphrase,0.5,0.5,0.50242,0.5,0.5,0.49691
preset=full,2,t4_r025,outsider,0,comparative,0.5,0.5,0.51507,0.5,0.5,0.51836
preset=full,2,t4_r025,outsider,0,timing_only,0.5,0.5,0.48517,0.5,0.5,0.48487
preset=full,2,t4_r029,insider,1,direct,0.5,0.5,0.50004,0.5,0.5,0.49775
preset=full,2,t4_r029,insider,1,paraphrase,0.5,0.5,0.50149,0.5,0.5,0.50623
preset=full,2,t4_r029,insider,1,comparative,0.5,0.5,0.49066,0.5,0.5,0.4916
preset=full,2,t4_r029,insider,1,timing_only,0.5,0.5,0.46518,0.5,0.5,0.49865
preset=full,2,t4_r029,outsider,1,direct,0.5,0.5,0.50004,0.5,0.5,0.49003
preset=full,2,t4_r029,outsider,1,paraphrase,0.5,0.5,0.50242,0.5,0.5,0.49405
preset=full,2,t4_r029,outsider,1,comparative,0.5,0.5,0.49066,0.5,0.5,0.49691
preset=full,2,t4_r029,outsider,1,timing_only,0.5,0.5,0.46518,0.5,0.5,0.49731
preset=full,2,t4_r029,insider,0,direct,0.5,0.5,0.50004,0.5,0.5,0.49775
preset=full,2,t4_r029,insider,0,paraphrase,0.5,0.5,0.50149,0.5,0.5,0.50623
preset=full,2,t4_r029,insider,0,comparative,0.5,0.5,0.49066,0.5,0.5,0.4916
preset=full,2,t4_r029,insider,0,timing_only,0.5,0.5,0.46518,0.5,0.5,0.49865
preset=full,2,t4_r029,outsider,0,direct,0.5,0.5,0.50004,0.5,0.5,0.49003
preset=full,2,t4_r029,outsider,0,paraphrase,0.5,0.5,0.50242,0.5,0.5,0.49405
preset=full,2,t4_r029,outsider,0,comparative,0.5,0.5,0.49066,0.5,0.5,0.49691
preset=full,2,t4_r029,outsider,0,timing_only,0.5,0.5,0.46518,0.5,0.5,0.49731
preset=full,2,t4_r021,insider,1,direct,0.5,0.5,0.50004,0.5,0.5,0.49775
preset=full,2,t4_r021,insider,1,paraphrase,0.5,0.5,0.50242,0.5,0.5,0.49691
preset=full,2,t4_r021,insider,1,comparative,0.5,0.5,0.49822,0.5,0.5,0.49787
preset=full,2,t4_r021,insider,1,timing_only,0.5,0.5,0.48517,0.5,0.5,0.48487
preset=full,2,t4_r021,outsider,1,direct,0.5,0.5,0.50004,0.5,0.5,0.49775
preset=full,2,t4_r021,outsider,1,paraphrase,0.5,0.5,0.50149,0.5,0.5,0.50623
preset=full,2,t4_r021,outsider,1,comparative,0.5,0.5,0.49822,0.5,0.5,0.50896
preset=full,2,t4_r021,outsider,1,timing_only,0.5,0.5,0.46518,0.5,0.5,0.49733
preset=full,2,t4_r021,insider,0,direct,0.5,0.5,0.50004,0.5,0.5,0.49775
preset=full,2,t4_r021,insider,0,paraphrase,0.5,0.5,0.50242,0.5,0.5,0.49691
preset=full,2,t4_r021,insider,0,comparative,0.5,0.5,0.49822,0.5,0.5,0.49787
preset=full,2,t4_r021,insider,0,timing_only,0.5,0.5,0.48517,0.5,0.5,0.48487
preset=full,2,t4_r021,outsider,0,direct,0.5,0.5,0.50004,0.5,0.5,0.49775
preset=full,2,t4_r021,outsider,0,paraphrase,0.5,0.5,0.50149,0.5,0.5,0.50623
preset=full,2,t4_r021,outsider,0,comparative,0.5,0.5,0.49822,0.5,0.5,0.50896
preset=full,2,t4_r021,outsider,0,timing_only,0.5,0.5,0.46518,0.5,0.5,0.49733
preset=full,2,t4_r026,insider,1,direct,0.5,0.5,0.50004,0.5,0.5,0.49775
preset=full,2,t4_r026,insider,1,paraphrase,0.5,0.5,0.50242,0.5,0.5,0.49691
preset=full,2,t4_r026,insider,1,comparative,0.5,0.5,0.48945,0.5,0.5,0.45112
preset=full,2,t4_r026,insider,1,timing_only,0.5,0.5,0.54653,0.5,0.5,0.54204
preset=full,2,t4_r026,outsider,1,direct,0.5,0.5,0.50004,0.5,0.5,0.49775
preset=full,2,t4_r026,outsider,1,paraphrase,0.5,0.5,0.50242,0.5,0.5,0.51118
preset=full,2,t4_r026,outsider,1,comparative,0.5,0.5,0.49066,0.5,0.5,0.49691
preset=full,2,t4_r026,outsider,1,timing_only,0.5,0.5,0.48517,0.5,0.5,0.49697
preset=full,2,t4_r026,insider,0,direct,0.5,0.5,0.50004,0.5,0.5,0.49775
preset=full,2,t4_r026,insider,0,paraphrase,0.5,0.5,0.50242,0.5,0.5,0.49691
preset=full,2,t4_r026,insider,0,comparative,0.5,0.5,0.48945,0.5,0.5,0.45112
preset=full,2,t4_r026,insider,0,timing_only,0.5,0.5,0.54653,0.5,0.5,0.54204
preset=full,2,t4_r026,outsider,0,direct,0.5,0.5,0.50004,0.5,0.5,0.49775
preset=full,2,t4_r026,outsider,0,paraphrase,0.5,0.5,0.50242,0.5,0.5,0.51118
preset=full,2,t4_r026,outsider,0,comparative,0.5,0.5,0.49066,0.5,0.5,0.49691
preset=full,2,t4_r026,outsider,0,timing_only,0.5,0.5,0.48517,0.5,0.5,0.49697
preset=full,2,t4_r006,insider,1,direct,0.5,0.5,0.50004,0.5,0.5,0.49775
preset=full,2,t4_r006,insider,1,paraphrase,0.5,0.5,0.50242,0.5,0.5,0.49691
preset=full,2,t4_r006,insider,1,comparative,0.5,0.5,0.49822,0.5,0.5,0.51269
preset=full,2,t4_r006,insider,1,timing_only,0.5,0.5,0.54653,0.5,0.5,0.54204
preset=full,2,t4_r006,outsider,1,direct,0.5,0.5,0.50004,0.5,0.5,0.49775
preset=full,2,t4_r006,outsider,1,paraphrase,0.5,0.5,0.49802,0.5,0.5,0.49766
preset=full,2,t4_r006,outsider,1,comparative,0.5,0.5,0.51507,0.5,0.5,0.51836
preset=full,2,t4_r006,outsider,1,timing_only,0.5,0.5,0.54653,0.5,0.5,0.54559
preset=full,2,t4_r006,insider,0,direct,0.5,0.5,0.50004,0.5,0.5,0.49775
preset=full,2,t4_r006,insider,0,paraphrase,0.5,0.5,0.50242,0.5,0.5,0.49691
preset=full,2,t4_r006,insider,0,comparative,0.5,0.5,0.49822,0.5,0.5,0.51269
preset=full,2,t4_r006,insider,0,timing_only,0.5,0.5,0.54653,0.5,0.5,0.54204
preset=full,2,t4_r006,outsider,0,direct,0.5,0.5,0.50004,0.5,0.5,0.49775
preset=full,2,t4_r006,outsider,0,paraphrase,0.5,0.5,0.49802,0.5,0.5,0.49766
preset=full,2,t4_r006,outsider,0,comparative,0.5,0.5,0.51507,0.5,0.5,0.51836
preset=full,2,t4_r006,outsider,0,timing_only,0.5,0.5,0.54653,0.5,0.5,0.54559
preset=full,2,t4_r027,insider,1,direct,0.5,0.5,0.50004,0.5,0.5,0.49775
preset=full,2,t4_r027,insider,1,paraphrase,0.5,0.5,0.48893,0.5,0.5,0.48751
preset=full,2,t4_r027,insider,1,comparative,0.5,0.5,0.48945,0.5,0.5,0.49851
preset=full,2,t4_r027,insider,1,timing_only,0.5,0.5,0.48517,0.5,0.5,0.49697
preset=full,2,t4_r027,outsider,1,direct,0.5,0.5,0.50004,0.5,0.5,0.49003
preset=full,2,t4_r027,outsider,1,paraphrase,0.5,0.5,0.50242,0.5,0.5,0.4916
preset=full,2,t4_r027,outsider,1,comparative,0.5,0.5,0.49066,0.5,0.5,0.4916
preset=full,2,t4_r027,outsider,1,timing_only,0.5,0.5,0.56088,0.5,0.5,0.54165
preset=full,2,t4_r027,insider,0,direct,0.5,0.5,0.50004,0.5,0.5,0.49775
preset=full,2,t4_r027,insider,0,paraphrase,0.5,0.5,0.48893,0.5,0.5,0.48751
preset=full,2,t4_r027,insider,0,comparative,0.5,0.5,0.48945,0.5,0.5,0.49851
preset=full,2,t4_r027,insider,0,timing_only,0.5,0.5,0.48517,0.5,0.5,0.49697
preset=full,2,t4_r027,outsider,0,direct,0.5,0.5,0.50004,0.5,0.5,0.49003
preset=full,2,t4_r027,outsider,0,paraphrase,0.5,0.5,0.50242,0.5,0.5,0.4916
preset=full,2,t4_r027,outsider,0,comparative,0.5,0.5,0.49066,0.5,0.5,0.4916
preset=full,2,t4_r027,outsider,0,timing_only,0.5,0.5,0.56088,0.5,0.5,0.54165
preset=full,2,t4_r028,insider,1,direct,0.5,0.5,0.50004,0.5,0.5,0.49775
preset=full,2,t4_r028,insider,1,paraphrase,0.5,0.5,0.50242,0.5,0.5,0.49691
preset=full,2,t4_r028,insider,1,comparative,0.5,0.5,0.51507,0.5,0.5,0.52194
preset=full,2,t4_r028,insider,1,timing_only,0.5,0.5,0.48517,0.5,0.5,0.48487
preset=full,2,t4_r028,outsider,1,direct,0.5,0.5,0.50004,0.5,0.5,0.49775
preset=full,2,t4_r028,outsider,1,paraphrase,0.5,0.5,0.49802,0.5,0.5,0.49766
preset=full,2,t4_r028,outsider,1,comparative,0.5,0.5,0.51507,0.5,0.5,0.51836
preset=full,2,t4_r028,outsider,1,timing_only,0.5,0.5,0.54653,0.5,0.5,0.54204
preset=full,2,t4_r028,insider,0,direct,0.5,0.5,0.50004,0.5,0.5,0.49775
preset=full,2,t4_r028,insider,0,paraphrase,0.5,0.5,0.50242,0.5,0.5,0.49691
preset=full,2,t4_r028,insider,0,comparative,0.5,0.5,0.51507,0.5,0.5,0.52194
preset=full,2,t4_r028,insider,0,timing_only,0.5,0.5,0.48517,0.5,0.5,0.48487
preset=full,2,t4_r028,outsider,0,direct,0.5,0.5,0.50004,0.5,0.5,0.49775
preset=full,2,t4_r028,outsider,0,paraphrase,0.5,0.5,0.49802,0.5,0.5,0.49766
preset=full,2,t4_r028,outsider,0,comparative,0.5,0.5,0.51507,0.5,0.5,0.51836
preset=full,2,t4_r028,outsider,0,timing_only,0.5,0.5,0.54653,0.5,0.5,0.54204
preset=full,2,t5_r004,insider,1,direct,0.5,0.5,0.50004,0.5,0.5,0.49775
preset=full,2,t5_r004,insider,1,paraphrase,0.5,0.5,0.50242,0.5,0.5,0.49691
preset=full,2,t5_r004,insider,1,comparative,0.5,0.5,0.48945,0.5,0.5,0.49983
preset=full,2,t5_r004,insider,1,timing_only,0.5,0.5,0.54653,0.5,0.5,0.54204
preset=full,2,t5_r004,outsider,1,direct,0.5,0.5,0.50004,0.5,0.5,0.49775
preset=full,2,t5_r004,outsider,1,paraphrase,0.5,0.5,0.50242,0.5,0.5,0.49691
preset=full,2,t5_r004,outsider,1,comparative,0.5,0.5,0.48945,0.5,0.5,0.49975
preset=full,2,t5_r004,outsider,1,timing_only,0.5,0.5,0.48517,0.5,0.5,0.48487
preset=full,2,t5_r004,insider,0,direct,0.5,0.5,0.50004,0.5,0.5,0.49775
preset=full,2,t5_r004,insider,0,paraphrase,0.5,0.5,0.50242,0.5,0.5,0.49691
preset=full,2,t5_r004,insider,0,comparative,0.5,0.5,0.48945,0.5,0.5,0.49983
preset=full,2,t5_r004,insider,0,timing_only,0.5,0.5,0.54653,0.5,0.5,0.54204
preset=full,2,t5_r004,outsider,0,direct,0.5,0.5,0.50004,0.5,0.5,0.49775
preset=full,2,t5_r004,outsider,0,paraphrase,0.5,0.5,0.50242,0.5,0.5,0.49691
preset=full,2,t5_r004,outsider,0,comparative,0.5,0.5,0.48945,0.5,0.5,0.49975
preset=full,2,t5_r004,outsider,0,timing_only,0.5,0.5,0.48517,0.5,0.5,0.48487
preset=full,2,t5_r011,insider,1,direct,0.5,0.5,0.50004,0.5,0.5,0.51121
preset=full,2,t5_r011,insider,1,paraphrase,0.5,0.5,0.50242,0.5,0.5,0.51118
preset=full,2,t5_r011,insider,1,comparative,0.5,0.5,0.51507,0.5,0.5,0.51836
preset=full,2,t5_r011,insider,1,timing_only,0.5,0.5,0.48517,0.5,0.5,0.49697
preset=full,2,t5_r011,outsider,1,direct,0.5,0.5,0.50004,0.5,0.5,0.49775
preset=full,2,t5_r011,outsider,1,paraphrase,0.5,0.5,0.50149,0.5,0.5,0.50623
preset=full,2,t5_r011,outsider,1,comparative,0.5,0.5,0.49066,0.5,0.5,0.49691
preset=full,2,t5_r011,outsider,1,timing_only,0.5,0.5,0.46518,0.5,0.5,0.49733
preset=full,2,t5_r011,insider,0,direct,0.5,0.5,0.50004,0.5,0.5,0.51121
preset=full,2,t5_r011,insider,0,paraphrase,0.5,0.5,0.50242,0.5,0.5,0.51118
preset=full,2,t5_r011,insider,0,comparative,0.5,0.5,0.51507,0.5,0.5,0.51836
preset=full,2,t5_r011,insider,0,timing_only,0.5,0.5,0.48517,0.5,0.5,0.49697
preset=full,2,t5_r011,outsider,0,direct,0.5,0.5,0.50004,0.5,0.5,0.49775
preset=full,2,t5_r011,outsider,0,paraphrase,0.5,0.5,0.50149,0.5,0.5,0.50623
preset=full,2,t5_r011,outsider,0,comparative,0.5,0.5,0.49066,0.5,0.5,0.49691
preset=full,2,t5_r011,outsider,0,timing_only,0.5,0.5,0.46518,0.5,0.5,0.49733
preset=full,2,t5_r023,insider,1,direct,0.5,0.5,0.50004,0.5,0.5,0.49775
preset=full,2,t5_r023,insider,1,paraphrase,0.5,0.5,0.50242,0.5,0.5,0.49691
preset=full,2,t5_r023,insider,1,comparative,0.5,0.5,0.52287,0.5,0.5,0.50572
preset=full,2,t5_r023,insider,1,timing_only,0.5,0.5,0.56088,0.5,0.5,0.50994
preset=full,2,t5_r023,outsider,1,direct,0.5,0.5,0.52283,0.5,0.5,0.52272
preset=full,2,t5_r023,outsider,1,paraphrase,0.5,0.5,0.50149,0.5,0.5,0.50981
preset=full,2,t5_r023,outsider,1,comparative,0.5,0.5,0.51507,0.5,0.5,0.50579
preset=full,2,t5_r023,outsider,1,timing_only,0.5,0.5,0.46518,0.5,0.5,0.49731
preset=full,2,t5_r023,insider,0,direct,0.5,0.5,0.50004,0.5,0.5,0.49775
preset=full,2,t5_r023,insider,0,paraphrase,0.5,0.5,0.50242,0.5,0.5,0.49691
preset=full,2,t5_r023,insider,0,comparative,0.5,0.5,0.52287,0.5,0.5,0.50572
preset=full,2,t5_r023,insider,0,timing_only,0.5,0.5,0.56088,0.5,0.5,0.50994
preset=full,2,t5_r023,outsider,0,direct,0.5,0.5,0.52283,0.5,0.5,0.52272
preset=full,2,t5_r023,outsider,0,paraphrase,0.5,0.5,0.50149,0.5,0.5,0.50981
preset=full,2,t5_r023,outsider,0,comparative,0.5,0.5,0.51507,0.5,0.5,0.50579
preset=full,2,t5_r023,outsider,0,timing_only,0.5,0.5,0.46518,0.5,0.5,0.49731
preset=full,2,t5_r015,insider,1,direct,0.5,0.5,0.50004,0.5,0.5,0.49775
preset=full,2,t5_r015,insider,1,paraphrase,0.5,0.5,0.50242,0.5,0.5,0.49691
preset=full,2,t5_r015,insider,1,comparative,0.5,0.5,0.49822,0.5,0.5,0.4975
preset=full,2,t5_r015,insider,1,timing_only,0.5,0.5,0.54653,0.5,0.5,0.54204
preset=full,2,t5_r015,outsider,1,direct,0.5,0.5,0.50004,0.5,0.5,0.48757
preset=full,2,t5_r015,outsider,1,paraphrase,0.5,0.5,0.50242,0.5,0.5,0.4916
preset=full,2,t5_r015,outsider,1,comparative,0.5,0.5,0.48945,0.5,0.5,0.49886
preset=full,2,t5_r015,outsider,1,timing_only,0.5,0.5,0.56088,0.5,0.5,0.53244
preset=full,2,t5_r015,insider,0,direct,0.5,0.5,0.50004,0.5,0.5,0.49775
preset=full,2,t5_r015,insider,0,paraphrase,0.5,0.5,0.50242,0.5,0.5,0.49691
preset=full,2,t5_r015,insider,0,comparative,0.5,0.5,0.49822,0.5,0.5,0.4975
preset=full,2,t5_r015,insider,0,timing_only,0.5,0.5,0.54653,0.5,0.5,0.54204
preset=full,2,t5_r015,outsider,0,direct,0.5,0.5,0.50004,0.5,0.5,0.48757
preset=full,2,t5_r015,outsider,0,paraphrase,0.5,0.5,0.50242,0.5,0.5,0.4916
preset=full,2,t5_r015,outsider,0,comparative,0.5,0.5,0.48945,0.5,0.5,0.49886
preset=full,2,t5_r015,outsider,0,timing_only,0.5,0.5,0.56088,0.5,0.5,0.53244
preset=full,2,t5_r008,insider,1,direct,0.5,0.5,0.50004,0.5,0.5,0.49775
preset=full,2,t5_r008,insider,1,paraphrase,0.5,0.5,0.48893,0.5,0.5,0.48751
preset=full,2,t5_r008,insider,1,comparative,0.5,0.5,0.51507,0.5,0.5,0.52194
preset=full,2,t5_r008,insider,1,timing_only,0.5,0.5,0.48517,0.5,0.5,0.48487
preset=full,2,t5_r008,outsider,1,direct,0.5,0.5,0.50004,0.5,0.5,0.49775
preset=full,2,t5_r008,outsider,1,paraphrase,0.5,0.5,0.49802,0.5,0.5,0.49766
preset=full,2,t5_r008,outsider,1,comparative,0.5,0.5,0.51507,0.5,0.5,0.51836
preset=full,2,t5_r008,outsider,1,timing_only,0.5,0.5,0.54653,0.5,0.5,0.54204
preset=full,2,t5_r008,insider,0,direct,0.5,0.5,0.50004,0.5,0.5,0.49775
preset=full,2,t5_r008,insider,0,paraphrase,0.5,0.5,0.48893,0.5,0.5,0.48751
preset=full,2,t5_r008,insider,0,comparative,0.5,0.5,0.51507,0.5,0.5,0.52194
preset=full,2,t5_r008,insider,0,timing_only,0.5,0.5,0.48517,0.5,0.5,0.48487
preset=full,2,t5_r008,outsider,0,direct,0.5,0.5,0.50004,0.5,0.5,0.49775
preset=full,2,t5_r008,outsider,0,paraphrase,0.5,0.5,0.50149,0.5,0.5,0.50623
preset=full,2,t5_r008,outsider,0,comparative,0.5,0.5,0.49066,0.5,0.5,0.49691
preset=full,2,t5_r008,outsider,0,timing_only,0.5,0.5,0.54653,0.5,0.5,0.54204
preset=full,2,t5_r003,insider,1,direct,0.5,0.5,0.52283,0.5,0.5,0.51915
preset=full,2,t5_r003,insider,1,paraphrase,0.5,0.5,0.50242,0.5,0.5,0.49691
preset=full,2,t5_r003,insider,1,comparative,0.5,0.5,0.49822,0.5,0.5,0.49787
preset=full,2,t5_r003,insider,1,timing_only,0.5,0.5,0.49993,0.5,0.5,0.49942
preset=full,2,t5_r003,outsider,1,direct,0.5,0.5,0.50004,0.5,0.5,0.49775
preset=full,2,t5_r003,outsider,1,paraphrase,0.5,0.5,0.50242,0.5,0.5,0.49691
preset=full,2,t5_r003,outsider,1,comparative,0.5,0.5,0.49066,0.5,0.5,0.49691
preset=full,2,t5_r003,outsider,1,timing_only,0.5,0.5,0.51123,0.5,0.5,0.51714
preset=full,2,t5_r003,insider,0,direct,0.5,0.5,0.52283,0.5,0.5,0.51915
preset=full,2,t5_r003,insider,0,paraphrase,0.5,0.5,0.50242,0.5,0.5,0.49691
preset=full,2,t5_r003,insider,0,comparative,0.5,0.5,0.49822,0.5,0.5,0.49787
preset=full,2,t5_r003,insider,0,timing_only,0.5,0.5,0.49993,0.5,0.5,0.49942
preset=full,2,t5_r003,outsider,0,direct,0.5,0.5,0.50004,0.5,0.5,0.49775
preset=full,2,t5_r003,outsider,0,paraphrase,0.5,0.5,0.50242,0.5,0.5,0.49691
preset=full,2,t5_r003,outsider,0,comparative,0.5,0.5,0.49066,0.5,0.5,0.49691
preset=full,2,t5_r003,outsider,0,timing_only,0.5,0.5,0.51123,0.5,0.5,0.51714
preset=full,2,t5_r005,insider,1,direct,0.5,0.5,0.50004,0.5,0.5,0.49775
preset=full,2,t5_r005,insider,1,paraphrase,0.5,0.5,0.50242,0.5,0.5,0.49691
preset=full,2,t5_r005,insider,1,comparative,0.5,0.5,0.51507,0.5,0.5,0.51836
preset=full,2,t5_r005,insider,1,timing_only,0.5,0.5,0.48517,0.5,0.5,0.48487
preset=full,2,t5_r005,outsider,1,direct,0.5,0.5,0.52283,0.5,0.5,0.51781
preset=full,2,t5_r005,outsider,1,paraphrase,0.5,0.5,0.50242,0.5,0.5,0.49405
preset=full,2,t5_r005,outsider,1,comparative,0.5,0.5,0.49822,0.5,0.5,0.51485
preset=full,2,t5_r005,outsider,1,timing_only,0.5,0.5,0.48517,0.5,0.5,0.47604
preset=full,2,t5_r005,insider,0,direct,0.5,0.5,0.50004,0.5,0.5,0.49775
preset=full,2,t5_r005,insider,0,paraphrase,0.5,0.5,0.50242,0.5,0.5,0.49691
preset=full,2,t5_r005,insider,0,comparative,0.5,0.5,0.51507,0.5,0.5,0.51836
preset=full,2,t5_r005,insider,0,timing_only,0.5,0.5,0.48517,0.5,0.5,0.48487
preset=full,2,t5_r005,outsider,0,direct,0.5,0.5,0.52283,0.5,0.5,0.51781
preset=full,2,t5_r005,outsider,0,paraphrase,0.5,0.5,0.50242,0.5,0.5,0.49405
preset=full,2,t5_r005,outsider,0,comparative,0.5,0.5,0.49822,0.5,0.5,0.51485
preset=full,2,t5_r005,outsider,0,timing_only,0.5,0.5,0.48517,0.5,0.5,0.47604
preset=full,2,t5_r002,insider,1,direct,0.5,0.5,0.50004,0.5,0.5,0.49775
preset=full,2,t5_r002,insider,1,paraphrase,0.5,0.5,0.50149,0.5,0.5,0.50623
preset=full,2,t5_r002,insider,1,comparative,0.5,0.5,0.49066,0.5,0.5,0.49691
preset=full,2,t5_r002,insider,1,timing_only,0.5,0.5,0.56088,0.5,0.5,0.51565
preset=full,2,t5_r002,outsider,1,direct,0.5,0.5,0.50004,0.5,0.5,0.51121
preset=full,2,t5_r002,outsider,1,paraphrase,0.5,0.5,0.50242,0.5,0.5,0.51118
preset=full,2,t5_r002,outsider,1,comparative,0.5,0.5,0.48945,0.5,0.5,0.49851
preset=full,2,t5_r002,outsider,1,timing_only,0.5,0.5,0.48517,0.5,0.5,0.49697
preset=full,2,t5_r002,insider,0,direct,0.5,0.5,0.50004,0.5,0.5,0.49775
preset=full,2,t5_r002,insider,0,paraphrase,0.5,0.5,0.50149,0.5,0.5,0.50623
preset=full,2,t5_r002,insider,0,comparative,0.5,0.5,0.49066,0.5,0.5,0.49691
preset=full,2,t5_r002,insider,0,timing_only,0.5,0.5,0.56088,0.5,0.5,0.51565
preset=full,2,t5_r002,outsider,0,direct,0.5,0.5,0.50004,0.5,0.5,0.51121
preset=full,2,t5_r002,outsider,0,paraphrase,0.5,0.5,0.50242,0.5,0.5,0.51118
preset=full,2,t5_r002,outsider,0,comparative,0.5,0.5,0.48945,0.5,0.5,0.49851
preset=full,2,t5_r002,outsider,0,timing_only,0.5,0.5,0.48517,0.5,0.5,0.49697
